Loading user config located at: '/home/ubuntu/miniconda3/envs/m20_wzh/lib/python3.11/site-packages/isaacsim/kit/data/Kit/Isaac-Sim/5.1/user.config.json'
[Info] [carb] Logging to file: /home/ubuntu/miniconda3/envs/m20_wzh/lib/python3.11/site-packages/isaacsim/kit/logs/Kit/Isaac-Sim/5.1/kit_20261008_180438.log
2026-10-08T10:04:38Z [26ms] [Error] [carb] Failed to create change watch for `/home/ubuntu/miniconda3/envs/m20_wzh/lib/python3.11/site-packages/isaacsim/kit/extscore/omni.kit.async_engine/omni/kit/main_event_loop_wrapper`: errno=28/No space left on device
2026-10-08T10:04:38Z [26ms] [Error] [carb] Failed to create change watch for `/home/ubuntu/miniconda3/envs/m20_wzh/lib/python3.11/site-packages/isaacsim/kit/extscore/omni.kit.async_engine/config`: errno=28/No space left on device
2026-10-08T10:04:38Z [35ms] [Error] [carb] Failed to create change watch for `/home/ubuntu/miniconda3/envs/m20_wzh/lib/python3.11/site-packages/isaacsim/extscache/omni.stats-1.0.1+69cbf6ad.lx64.r.cp311`: errno=28/No space left on device
2026-10-08T10:04:38Z [36ms] [Error] [carb] Failed to create change watch for `/home/ubuntu/miniconda3/envs/m20_wzh/lib/python3.11/site-packages/isaacsim/extscache/omni.stats-1.0.1+69cbf6ad.lx64.r.cp311/omni`: errno=28/No space left on device
2026-10-08T10:04:38Z [36ms] [Error] [carb] Failed to create change watch for `/home/ubuntu/miniconda3/envs/m20_wzh/lib/python3.11/site-packages/isaacsim/extscache/omni.stats-1.0.1+69cbf6ad.lx64.r.cp311/omni/stats`: errno=28/No space left on device
2026-10-08T10:04:38Z [36ms] [Error] [carb] Failed to create change watch for `/home/ubuntu/miniconda3/envs/m20_wzh/lib/python3.11/site-packages/isaacsim/extscache/omni.stats-1.0.1+69cbf6ad.lx64.r.cp311/config`: errno=28/No space left on device
2026-10-08T10:04:38Z [43ms] [Error] [carb] Failed to create change watch for `/home/ubuntu/miniconda3/envs/m20_wzh/lib/python3.11/site-packages/isaacsim/extscache/omni.hsscclient-1.1.2+69cbf6ad.lx64.r.cp311`: errno=28/No space left on device
2026-10-08T10:04:38Z [43ms] [Error] [carb] Failed to create change watch for `/home/ubuntu/miniconda3/envs/m20_wzh/lib/python3.11/site-packages/isaacsim/extscache/omni.hsscclient-1.1.2+69cbf6ad.lx64.r.cp311/omni`: errno=28/No space left on device
2026-10-08T10:04:38Z [43ms] [Error] [carb] Failed to create change watch for `/home/ubuntu/miniconda3/envs/m20_wzh/lib/python3.11/site-packages/isaacsim/extscache/omni.hsscclient-1.1.2+69cbf6ad.lx64.r.cp311/omni/hsscclient`: errno=28/No space left on device
2026-10-08T10:04:38Z [43ms] [Error] [carb] Failed to create change watch for `/home/ubuntu/miniconda3/envs/m20_wzh/lib/python3.11/site-packages/isaacsim/extscache/omni.hsscclient-1.1.2+69cbf6ad.lx64.r.cp311/omni/hsscclient/tests`: errno=28/No space left on device
2026-10-08T10:04:38Z [43ms] [Error] [carb] Failed to create change watch for `/home/ubuntu/miniconda3/envs/m20_wzh/lib/python3.11/site-packages/isaacsim/extscache/omni.hsscclient-1.1.2+69cbf6ad.lx64.r.cp311/omni/hsscclient/tests/data`: errno=28/No space left on device
2026-10-08T10:04:38Z [43ms] [Error] [carb] Failed to create change watch for `/home/ubuntu/miniconda3/envs/m20_wzh/lib/python3.11/site-packages/isaacsim/extscache/omni.hsscclient-1.1.2+69cbf6ad.lx64.r.cp311/omni/hsscclient/tests/data/testtex`: errno=28/No space left on device
2026-10-08T10:04:38Z [44ms] [Error] [carb] Failed to create change watch for `/home/ubuntu/miniconda3/envs/m20_wzh/lib/python3.11/site-packages/isaacsim/extscache/omni.hsscclient-1.1.2+69cbf6ad.lx64.r.cp311/config`: errno=28/No space left on device
2026-10-08T10:04:38Z [46ms] [Error] [carb] Failed to create change watch for `/home/ubuntu/miniconda3/envs/m20_wzh/lib/python3.11/site-packages/isaacsim/extscache/omni.ujitso.default-1.0.0+69cbf6ad.lx64.r.cp311`: errno=28/No space left on device
2026-10-08T10:04:38Z [46ms] [Error] [carb] Failed to create change watch for `/home/ubuntu/miniconda3/envs/m20_wzh/lib/python3.11/site-packages/isaacsim/extscache/omni.ujitso.default-1.0.0+69cbf6ad.lx64.r.cp311/omni`: errno=28/No space left on device
2026-10-08T10:04:38Z [46ms] [Error] [carb] Failed to create change watch for `/home/ubuntu/miniconda3/envs/m20_wzh/lib/python3.11/site-packages/isaacsim/extscache/omni.ujitso.default-1.0.0+69cbf6ad.lx64.r.cp311/omni/ujitso`: errno=28/No space left on device
2026-10-08T10:04:38Z [46ms] [Error] [carb] Failed to create change watch for `/home/ubuntu/miniconda3/envs/m20_wzh/lib/python3.11/site-packages/isaacsim/extscache/omni.ujitso.default-1.0.0+69cbf6ad.lx64.r.cp311/omni/ujitso/default`: errno=28/No space left on device
2026-10-08T10:04:38Z [46ms] [Error] [carb] Failed to create change watch for `/home/ubuntu/miniconda3/envs/m20_wzh/lib/python3.11/site-packages/isaacsim/extscache/omni.ujitso.default-1.0.0+69cbf6ad.lx64.r.cp311/config`: errno=28/No space left on device
2026-10-08T10:04:38Z [55ms] [Warning] [omni.usd_config.extension] Enable omni.materialx.libs extension to use MaterialX
2026-10-08T10:04:38Z [55ms] [Error] [carb] Failed to create change watch for `/home/ubuntu/miniconda3/envs/m20_wzh/lib/python3.11/site-packages/isaacsim/extscache/omni.usd.config-1.0.6+69cbf6ad`: errno=28/No space left on device
2026-10-08T10:04:38Z [56ms] [Error] [carb] Failed to create change watch for `/home/ubuntu/miniconda3/envs/m20_wzh/lib/python3.11/site-packages/isaacsim/extscache/omni.usd.config-1.0.6+69cbf6ad/omni`: errno=28/No space left on device
2026-10-08T10:04:38Z [56ms] [Error] [carb] Failed to create change watch for `/home/ubuntu/miniconda3/envs/m20_wzh/lib/python3.11/site-packages/isaacsim/extscache/omni.usd.config-1.0.6+69cbf6ad/omni/usd_config`: errno=28/No space left on device
2026-10-08T10:04:38Z [56ms] [Error] [carb] Failed to create change watch for `/home/ubuntu/miniconda3/envs/m20_wzh/lib/python3.11/site-packages/isaacsim/extscache/omni.usd.config-1.0.6+69cbf6ad/config`: errno=28/No space left on device
2026-10-08T10:04:38Z [139ms] [Error] [carb] Failed to create change watch for `/home/ubuntu/miniconda3/envs/m20_wzh/lib/python3.11/site-packages/isaacsim/extscache/omni.mdl-56.0.3+69cbf6ad.lx64.r.cp311`: errno=28/No space left on device
2026-10-08T10:04:38Z [140ms] [Error] [carb] Failed to create change watch for `/home/ubuntu/miniconda3/envs/m20_wzh/lib/python3.11/site-packages/isaacsim/extscache/omni.mdl-56.0.3+69cbf6ad.lx64.r.cp311/omni`: errno=28/No space left on device
2026-10-08T10:04:38Z [140ms] [Error] [carb] Failed to create change watch for `/home/ubuntu/miniconda3/envs/m20_wzh/lib/python3.11/site-packages/isaacsim/extscache/omni.mdl-56.0.3+69cbf6ad.lx64.r.cp311/omni/mdl`: errno=28/No space left on device
2026-10-08T10:04:38Z [140ms] [Error] [carb] Failed to create change watch for `/home/ubuntu/miniconda3/envs/m20_wzh/lib/python3.11/site-packages/isaacsim/extscache/omni.mdl-56.0.3+69cbf6ad.lx64.r.cp311/omni/mdl/pymdlsdk`: errno=28/No space left on device
2026-10-08T10:04:38Z [140ms] [Error] [carb] Failed to create change watch for `/home/ubuntu/miniconda3/envs/m20_wzh/lib/python3.11/site-packages/isaacsim/extscache/omni.mdl-56.0.3+69cbf6ad.lx64.r.cp311/omni/mdl/pymdlsdk/tests`: errno=28/No space left on device
2026-10-08T10:04:38Z [140ms] [Error] [carb] Failed to create change watch for `/home/ubuntu/miniconda3/envs/m20_wzh/lib/python3.11/site-packages/isaacsim/extscache/omni.mdl-56.0.3+69cbf6ad.lx64.r.cp311/omni/mdl/pymdlsdk/tests/mdlsdk`: errno=28/No space left on device
2026-10-08T10:04:38Z [140ms] [Error] [carb] Failed to create change watch for `/home/ubuntu/miniconda3/envs/m20_wzh/lib/python3.11/site-packages/isaacsim/extscache/omni.mdl-56.0.3+69cbf6ad.lx64.r.cp311/omni/mdl/extensions`: errno=28/No space left on device
2026-10-08T10:04:38Z [140ms] [Error] [carb] Failed to create change watch for `/home/ubuntu/miniconda3/envs/m20_wzh/lib/python3.11/site-packages/isaacsim/extscache/omni.mdl-56.0.3+69cbf6ad.lx64.r.cp311/config`: errno=28/No space left on device
2026-10-08T10:04:38Z [145ms] [Error] [carb] Failed to create change watch for `/home/ubuntu/miniconda3/envs/m20_wzh/lib/python3.11/site-packages/isaacsim/extscache/omni.mdl.neuraylib-0.2.12+69cbf6ad.lx64.r.cp311`: errno=28/No space left on device
2026-10-08T10:04:38Z [145ms] [Error] [carb] Failed to create change watch for `/home/ubuntu/miniconda3/envs/m20_wzh/lib/python3.11/site-packages/isaacsim/extscache/omni.mdl.neuraylib-0.2.12+69cbf6ad.lx64.r.cp311/omni`: errno=28/No space left on device
2026-10-08T10:04:38Z [145ms] [Error] [carb] Failed to create change watch for `/home/ubuntu/miniconda3/envs/m20_wzh/lib/python3.11/site-packages/isaacsim/extscache/omni.mdl.neuraylib-0.2.12+69cbf6ad.lx64.r.cp311/omni/mdl`: errno=28/No space left on device
2026-10-08T10:04:38Z [146ms] [Error] [carb] Failed to create change watch for `/home/ubuntu/miniconda3/envs/m20_wzh/lib/python3.11/site-packages/isaacsim/extscache/omni.mdl.neuraylib-0.2.12+69cbf6ad.lx64.r.cp311/omni/mdl/neuraylib`: errno=28/No space left on device
2026-10-08T10:04:38Z [146ms] [Error] [carb] Failed to create change watch for `/home/ubuntu/miniconda3/envs/m20_wzh/lib/python3.11/site-packages/isaacsim/extscache/omni.mdl.neuraylib-0.2.12+69cbf6ad.lx64.r.cp311/omni/mdl/neuraylib/scripts`: errno=28/No space left on device
2026-10-08T10:04:38Z [146ms] [Error] [carb] Failed to create change watch for `/home/ubuntu/miniconda3/envs/m20_wzh/lib/python3.11/site-packages/isaacsim/extscache/omni.mdl.neuraylib-0.2.12+69cbf6ad.lx64.r.cp311/omni/mdl/neuraylib/tests`: errno=28/No space left on device
2026-10-08T10:04:38Z [146ms] [Error] [carb] Failed to create change watch for `/home/ubuntu/miniconda3/envs/m20_wzh/lib/python3.11/site-packages/isaacsim/extscache/omni.mdl.neuraylib-0.2.12+69cbf6ad.lx64.r.cp311/omni/mdl/neuraylib/utils`: errno=28/No space left on device
2026-10-08T10:04:38Z [146ms] [Error] [carb] Failed to create change watch for `/home/ubuntu/miniconda3/envs/m20_wzh/lib/python3.11/site-packages/isaacsim/extscache/omni.mdl.neuraylib-0.2.12+69cbf6ad.lx64.r.cp311/config`: errno=28/No space left on device
2026-10-08T10:04:38Z [213ms] [Error] [carb] Failed to create change watch for `/home/ubuntu/miniconda3/envs/m20_wzh/lib/python3.11/site-packages/isaacsim/extscache/omni.kit.telemetry-0.5.2+69cbf6ad.lx64.r.cp311`: errno=28/No space left on device
2026-10-08T10:04:38Z [213ms] [Error] [carb] Failed to create change watch for `/home/ubuntu/miniconda3/envs/m20_wzh/lib/python3.11/site-packages/isaacsim/extscache/omni.kit.telemetry-0.5.2+69cbf6ad.lx64.r.cp311/omni`: errno=28/No space left on device
2026-10-08T10:04:38Z [213ms] [Error] [carb] Failed to create change watch for `/home/ubuntu/miniconda3/envs/m20_wzh/lib/python3.11/site-packages/isaacsim/extscache/omni.kit.telemetry-0.5.2+69cbf6ad.lx64.r.cp311/omni/kit`: errno=28/No space left on device
2026-10-08T10:04:38Z [215ms] [Error] [carb] Failed to create change watch for `/home/ubuntu/miniconda3/envs/m20_wzh/lib/python3.11/site-packages/isaacsim/extscache/omni.kit.telemetry-0.5.2+69cbf6ad.lx64.r.cp311/omni/kit/telemetry`: errno=28/No space left on device
2026-10-08T10:04:38Z [219ms] [Error] [carb] Failed to create change watch for `/home/ubuntu/miniconda3/envs/m20_wzh/lib/python3.11/site-packages/isaacsim/extscache/omni.kit.telemetry-0.5.2+69cbf6ad.lx64.r.cp311/omni/kit/telemetry/impl`: errno=28/No space left on device
2026-10-08T10:04:38Z [219ms] [Error] [carb] Failed to create change watch for `/home/ubuntu/miniconda3/envs/m20_wzh/lib/python3.11/site-packages/isaacsim/extscache/omni.kit.telemetry-0.5.2+69cbf6ad.lx64.r.cp311/omni/kit/telemetry/tests`: errno=28/No space left on device
2026-10-08T10:04:38Z [219ms] [Error] [carb] Failed to create change watch for `/home/ubuntu/miniconda3/envs/m20_wzh/lib/python3.11/site-packages/isaacsim/extscache/omni.kit.telemetry-0.5.2+69cbf6ad.lx64.r.cp311/config`: errno=28/No space left on device
2026-10-08T10:04:38Z [220ms] [Error] [omni.platforminfo.plugin] failed to find the package that core 1 belongs to.
2026-10-08T10:04:38Z [220ms] [Error] [omni.platforminfo.plugin] failed to find the package that core 2 belongs to.
2026-10-08T10:04:38Z [220ms] [Error] [omni.platforminfo.plugin] failed to find the package that core 3 belongs to.
2026-10-08T10:04:38Z [220ms] [Error] [omni.platforminfo.plugin] failed to find the package that core 4 belongs to.
2026-10-08T10:04:38Z [220ms] [Error] [omni.platforminfo.plugin] failed to find the package that core 5 belongs to.
2026-10-08T10:04:38Z [220ms] [Error] [omni.platforminfo.plugin] failed to find the package that core 6 belongs to.
2026-10-08T10:04:38Z [220ms] [Error] [omni.platforminfo.plugin] failed to find the package that core 7 belongs to.
2026-10-08T10:04:38Z [220ms] [Error] [omni.platforminfo.plugin] failed to find the package that core 8 belongs to.
2026-10-08T10:04:38Z [220ms] [Error] [omni.platforminfo.plugin] failed to find the package that core 9 belongs to.
2026-10-08T10:04:38Z [220ms] [Error] [omni.platforminfo.plugin] failed to find the package that core 10 belongs to.
2026-10-08T10:04:38Z [220ms] [Error] [omni.platforminfo.plugin] failed to find the package that core 11 belongs to.
2026-10-08T10:04:38Z [220ms] [Error] [omni.platforminfo.plugin] failed to find the package that core 12 belongs to.
2026-10-08T10:04:38Z [220ms] [Error] [omni.platforminfo.plugin] failed to find the package that core 13 belongs to.
2026-10-08T10:04:38Z [220ms] [Error] [omni.platforminfo.plugin] failed to find the package that core 14 belongs to.
2026-10-08T10:04:38Z [220ms] [Error] [omni.platforminfo.plugin] failed to find the package that core 15 belongs to.
2026-10-08T10:04:38Z [220ms] [Error] [omni.platforminfo.plugin] failed to find the package that core 16 belongs to.
2026-10-08T10:04:38Z [220ms] [Error] [omni.platforminfo.plugin] failed to find the package that core 17 belongs to.
2026-10-08T10:04:38Z [220ms] [Error] [omni.platforminfo.plugin] failed to find the package that core 18 belongs to.
2026-10-08T10:04:38Z [220ms] [Error] [omni.platforminfo.plugin] failed to find the package that core 19 belongs to.
2026-10-08T10:04:38Z [220ms] [Error] [omni.platforminfo.plugin] failed to find the package that core 20 belongs to.
2026-10-08T10:04:38Z [220ms] [Error] [omni.platforminfo.plugin] failed to find the package that core 21 belongs to.
2026-10-08T10:04:38Z [220ms] [Error] [omni.platforminfo.plugin] failed to find the package that core 22 belongs to.
2026-10-08T10:04:38Z [220ms] [Error] [omni.platforminfo.plugin] failed to find the package that core 23 belongs to.
2026-10-08T10:04:38Z [256ms] [Error] [carb] Failed to create change watch for `/home/ubuntu/miniconda3/envs/m20_wzh/lib/python3.11/site-packages/isaacsim/extscache/omni.activity.core-1.0.3+69cbf6ad.lx64.r.cp311`: errno=28/No space left on device
2026-10-08T10:04:38Z [256ms] [Error] [carb] Failed to create change watch for `/home/ubuntu/miniconda3/envs/m20_wzh/lib/python3.11/site-packages/isaacsim/extscache/omni.activity.core-1.0.3+69cbf6ad.lx64.r.cp311/omni`: errno=28/No space left on device
2026-10-08T10:04:38Z [256ms] [Error] [carb] Failed to create change watch for `/home/ubuntu/miniconda3/envs/m20_wzh/lib/python3.11/site-packages/isaacsim/extscache/omni.activity.core-1.0.3+69cbf6ad.lx64.r.cp311/omni/activity`: errno=28/No space left on device
2026-10-08T10:04:38Z [256ms] [Error] [carb] Failed to create change watch for `/home/ubuntu/miniconda3/envs/m20_wzh/lib/python3.11/site-packages/isaacsim/extscache/omni.activity.core-1.0.3+69cbf6ad.lx64.r.cp311/omni/activity/core`: errno=28/No space left on device
2026-10-08T10:04:38Z [256ms] [Error] [carb] Failed to create change watch for `/home/ubuntu/miniconda3/envs/m20_wzh/lib/python3.11/site-packages/isaacsim/extscache/omni.activity.core-1.0.3+69cbf6ad.lx64.r.cp311/omni/activity/core/tests`: errno=28/No space left on device
2026-10-08T10:04:38Z [256ms] [Error] [carb] Failed to create change watch for `/home/ubuntu/miniconda3/envs/m20_wzh/lib/python3.11/site-packages/isaacsim/extscache/omni.activity.core-1.0.3+69cbf6ad.lx64.r.cp311/config`: errno=28/No space left on device
2026-10-08T10:04:38Z [260ms] [Error] [carb] Failed to create change watch for `/home/ubuntu/miniconda3/envs/m20_wzh/lib/python3.11/site-packages/isaacsim/extscache/omni.resourcemonitor-107.0.1+69cbf6ad.lx64.r.cp311`: errno=28/No space left on device
2026-10-08T10:04:38Z [260ms] [Error] [carb] Failed to create change watch for `/home/ubuntu/miniconda3/envs/m20_wzh/lib/python3.11/site-packages/isaacsim/extscache/omni.resourcemonitor-107.0.1+69cbf6ad.lx64.r.cp311/omni`: errno=28/No space left on device
2026-10-08T10:04:38Z [260ms] [Error] [carb] Failed to create change watch for `/home/ubuntu/miniconda3/envs/m20_wzh/lib/python3.11/site-packages/isaacsim/extscache/omni.resourcemonitor-107.0.1+69cbf6ad.lx64.r.cp311/omni/resourcemonitor`: errno=28/No space left on device
2026-10-08T10:04:38Z [260ms] [Error] [carb] Failed to create change watch for `/home/ubuntu/miniconda3/envs/m20_wzh/lib/python3.11/site-packages/isaacsim/extscache/omni.resourcemonitor-107.0.1+69cbf6ad.lx64.r.cp311/omni/resourcemonitor/scripts`: errno=28/No space left on device
2026-10-08T10:04:38Z [260ms] [Error] [carb] Failed to create change watch for `/home/ubuntu/miniconda3/envs/m20_wzh/lib/python3.11/site-packages/isaacsim/extscache/omni.resourcemonitor-107.0.1+69cbf6ad.lx64.r.cp311/omni/resourcemonitor/tests`: errno=28/No space left on device
2026-10-08T10:04:38Z [260ms] [Error] [carb] Failed to create change watch for `/home/ubuntu/miniconda3/envs/m20_wzh/lib/python3.11/site-packages/isaacsim/extscache/omni.resourcemonitor-107.0.1+69cbf6ad.lx64.r.cp311/config`: errno=28/No space left on device
2026-10-08T10:04:38Z [261ms] [Error] [carb] Failed to create change watch for `/home/ubuntu/miniconda3/envs/m20_wzh/lib/python3.11/site-packages/isaacsim/extscache/carb.audio-0.1.0+69cbf6ad.lx64.r.cp311`: errno=28/No space left on device
2026-10-08T10:04:38Z [262ms] [Error] [carb] Failed to create change watch for `/home/ubuntu/miniconda3/envs/m20_wzh/lib/python3.11/site-packages/isaacsim/extscache/carb.audio-0.1.0+69cbf6ad.lx64.r.cp311/config`: errno=28/No space left on device
2026-10-08T10:04:38Z [264ms] [Error] [carb] Failed to create change watch for `/home/ubuntu/miniconda3/envs/m20_wzh/lib/python3.11/site-packages/isaacsim/extscache/omni.physx.foundation-107.3.26+107.3.3.lx64.r.cp311.u353`: errno=28/No space left on device
2026-10-08T10:04:38Z [264ms] [Error] [carb] Failed to create change watch for `/home/ubuntu/miniconda3/envs/m20_wzh/lib/python3.11/site-packages/isaacsim/extscache/omni.physx.foundation-107.3.26+107.3.3.lx64.r.cp311.u353/omni`: errno=28/No space left on device
2026-10-08T10:04:38Z [264ms] [Error] [carb] Failed to create change watch for `/home/ubuntu/miniconda3/envs/m20_wzh/lib/python3.11/site-packages/isaacsim/extscache/omni.physx.foundation-107.3.26+107.3.3.lx64.r.cp311.u353/omni/physxfoundation`: errno=28/No space left on device
2026-10-08T10:04:38Z [264ms] [Error] [carb] Failed to create change watch for `/home/ubuntu/miniconda3/envs/m20_wzh/lib/python3.11/site-packages/isaacsim/extscache/omni.physx.foundation-107.3.26+107.3.3.lx64.r.cp311.u353/omni/physxfoundation/scripts`: errno=28/No space left on device
2026-10-08T10:04:38Z [264ms] [Error] [carb] Failed to create change watch for `/home/ubuntu/miniconda3/envs/m20_wzh/lib/python3.11/site-packages/isaacsim/extscache/omni.physx.foundation-107.3.26+107.3.3.lx64.r.cp311.u353/omni/physxfoundation/bindings`: errno=28/No space left on device
2026-10-08T10:04:38Z [264ms] [Error] [carb] Failed to create change watch for `/home/ubuntu/miniconda3/envs/m20_wzh/lib/python3.11/site-packages/isaacsim/extscache/omni.physx.foundation-107.3.26+107.3.3.lx64.r.cp311.u353/config`: errno=28/No space left on device
2026-10-08T10:04:38Z [289ms] [Error] [carb] Failed to create change watch for `/home/ubuntu/miniconda3/envs/m20_wzh/lib/python3.11/site-packages/isaacsim/extscache/omni.hydra.usdrt_delegate-7.5.1+69cbf6ad.lx64.r.cp311`: errno=28/No space left on device
2026-10-08T10:04:38Z [289ms] [Error] [carb] Failed to create change watch for `/home/ubuntu/miniconda3/envs/m20_wzh/lib/python3.11/site-packages/isaacsim/extscache/omni.hydra.usdrt_delegate-7.5.1+69cbf6ad.lx64.r.cp311/usdrt`: errno=28/No space left on device
2026-10-08T10:04:38Z [289ms] [Error] [carb] Failed to create change watch for `/home/ubuntu/miniconda3/envs/m20_wzh/lib/python3.11/site-packages/isaacsim/extscache/omni.hydra.usdrt_delegate-7.5.1+69cbf6ad.lx64.r.cp311/usdrt/population`: errno=28/No space left on device
2026-10-08T10:04:38Z [289ms] [Error] [carb] Failed to create change watch for `/home/ubuntu/miniconda3/envs/m20_wzh/lib/python3.11/site-packages/isaacsim/extscache/omni.hydra.usdrt_delegate-7.5.1+69cbf6ad.lx64.r.cp311/usdrt/hierarchy`: errno=28/No space left on device
2026-10-08T10:04:38Z [289ms] [Error] [carb] Failed to create change watch for `/home/ubuntu/miniconda3/envs/m20_wzh/lib/python3.11/site-packages/isaacsim/extscache/omni.hydra.usdrt_delegate-7.5.1+69cbf6ad.lx64.r.cp311/config`: errno=28/No space left on device
2026-10-08T10:04:38Z [289ms] [Error] [carb] Failed to create change watch for `/home/ubuntu/miniconda3/envs/m20_wzh/lib/python3.11/site-packages/isaacsim/extscache/omni.kit.audiodeviceenum-1.0.2+69cbf6ad.lx64.r.cp311`: errno=28/No space left on device
2026-10-08T10:04:38Z [290ms] [Error] [carb] Failed to create change watch for `/home/ubuntu/miniconda3/envs/m20_wzh/lib/python3.11/site-packages/isaacsim/extscache/omni.kit.audiodeviceenum-1.0.2+69cbf6ad.lx64.r.cp311/omni`: errno=28/No space left on device
2026-10-08T10:04:38Z [290ms] [Error] [carb] Failed to create change watch for `/home/ubuntu/miniconda3/envs/m20_wzh/lib/python3.11/site-packages/isaacsim/extscache/omni.kit.audiodeviceenum-1.0.2+69cbf6ad.lx64.r.cp311/omni/kit`: errno=28/No space left on device
2026-10-08T10:04:38Z [290ms] [Error] [carb] Failed to create change watch for `/home/ubuntu/miniconda3/envs/m20_wzh/lib/python3.11/site-packages/isaacsim/extscache/omni.kit.audiodeviceenum-1.0.2+69cbf6ad.lx64.r.cp311/omni/kit/audiodeviceenum`: errno=28/No space left on device
2026-10-08T10:04:38Z [290ms] [Error] [carb] Failed to create change watch for `/home/ubuntu/miniconda3/envs/m20_wzh/lib/python3.11/site-packages/isaacsim/extscache/omni.kit.audiodeviceenum-1.0.2+69cbf6ad.lx64.r.cp311/omni/kit/audiodeviceenum/tests`: errno=28/No space left on device
2026-10-08T10:04:38Z [290ms] [Error] [carb] Failed to create change watch for `/home/ubuntu/miniconda3/envs/m20_wzh/lib/python3.11/site-packages/isaacsim/extscache/omni.kit.audiodeviceenum-1.0.2+69cbf6ad.lx64.r.cp311/config`: errno=28/No space left on device
2026-10-08T10:04:38Z [290ms] [Error] [carb] Failed to create change watch for `/home/ubuntu/miniconda3/envs/m20_wzh/lib/python3.11/site-packages/isaacsim/extscache/omni.kit.numpy.common-0.1.3+69cbf6ad.lx64.r.cp311`: errno=28/No space left on device
2026-10-08T10:04:38Z [290ms] [Error] [carb] Failed to create change watch for `/home/ubuntu/miniconda3/envs/m20_wzh/lib/python3.11/site-packages/isaacsim/extscache/omni.kit.numpy.common-0.1.3+69cbf6ad.lx64.r.cp311/omni`: errno=28/No space left on device
2026-10-08T10:04:38Z [290ms] [Error] [carb] Failed to create change watch for `/home/ubuntu/miniconda3/envs/m20_wzh/lib/python3.11/site-packages/isaacsim/extscache/omni.kit.numpy.common-0.1.3+69cbf6ad.lx64.r.cp311/omni/kit`: errno=28/No space left on device
2026-10-08T10:04:38Z [290ms] [Error] [carb] Failed to create change watch for `/home/ubuntu/miniconda3/envs/m20_wzh/lib/python3.11/site-packages/isaacsim/extscache/omni.kit.numpy.common-0.1.3+69cbf6ad.lx64.r.cp311/omni/kit/numpy`: errno=28/No space left on device
2026-10-08T10:04:38Z [291ms] [Error] [carb] Failed to create change watch for `/home/ubuntu/miniconda3/envs/m20_wzh/lib/python3.11/site-packages/isaacsim/extscache/omni.kit.numpy.common-0.1.3+69cbf6ad.lx64.r.cp311/omni/kit/numpy/common`: errno=28/No space left on device
2026-10-08T10:04:38Z [291ms] [Error] [carb] Failed to create change watch for `/home/ubuntu/miniconda3/envs/m20_wzh/lib/python3.11/site-packages/isaacsim/extscache/omni.kit.numpy.common-0.1.3+69cbf6ad.lx64.r.cp311/config`: errno=28/No space left on device
2026-10-08T10:04:38Z [292ms] [Error] [carb] Failed to create change watch for `/home/ubuntu/miniconda3/envs/m20_wzh/lib/python3.11/site-packages/isaacsim/extscache/omni.kit.actions.core-1.0.0+69cbf6ad.lx64.r.cp311`: errno=28/No space left on device
2026-10-08T10:04:38Z [292ms] [Error] [carb] Failed to create change watch for `/home/ubuntu/miniconda3/envs/m20_wzh/lib/python3.11/site-packages/isaacsim/extscache/omni.kit.actions.core-1.0.0+69cbf6ad.lx64.r.cp311/omni`: errno=28/No space left on device
2026-10-08T10:04:38Z [292ms] [Error] [carb] Failed to create change watch for `/home/ubuntu/miniconda3/envs/m20_wzh/lib/python3.11/site-packages/isaacsim/extscache/omni.kit.actions.core-1.0.0+69cbf6ad.lx64.r.cp311/omni/kit`: errno=28/No space left on device
2026-10-08T10:04:38Z [292ms] [Error] [carb] Failed to create change watch for `/home/ubuntu/miniconda3/envs/m20_wzh/lib/python3.11/site-packages/isaacsim/extscache/omni.kit.usd_undo-0.1.8+69cbf6ad`: errno=28/No space left on device
2026-10-08T10:04:38Z [293ms] [Error] [carb] Failed to create change watch for `/home/ubuntu/miniconda3/envs/m20_wzh/lib/python3.11/site-packages/isaacsim/extscache/omni.kit.actions.core-1.0.0+69cbf6ad.lx64.r.cp311/omni/kit/actions`: errno=28/No space left on device
2026-10-08T10:04:38Z [293ms] [Error] [carb] Failed to create change watch for `/home/ubuntu/miniconda3/envs/m20_wzh/lib/python3.11/site-packages/isaacsim/extscache/omni.kit.actions.core-1.0.0+69cbf6ad.lx64.r.cp311/omni/kit/actions/core`: errno=28/No space left on device
2026-10-08T10:04:38Z [293ms] [Error] [carb] Failed to create change watch for `/home/ubuntu/miniconda3/envs/m20_wzh/lib/python3.11/site-packages/isaacsim/extscache/omni.kvdb-107.3.26+107.3.3.lx64.r.cp311.u353`: errno=28/No space left on device
2026-10-08T10:04:38Z [293ms] [Error] [carb] Failed to create change watch for `/home/ubuntu/miniconda3/envs/m20_wzh/lib/python3.11/site-packages/isaacsim/extscache/omni.kit.actions.core-1.0.0+69cbf6ad.lx64.r.cp311/omni/kit/actions/core/tests`: errno=28/No space left on device
2026-10-08T10:04:38Z [293ms] [Error] [carb] Failed to create change watch for `/home/ubuntu/miniconda3/envs/m20_wzh/lib/python3.11/site-packages/isaacsim/extscache/omni.kit.usd_undo-0.1.8+69cbf6ad/omni`: errno=28/No space left on device
2026-10-08T10:04:38Z [293ms] [Error] [carb] Failed to create change watch for `/home/ubuntu/miniconda3/envs/m20_wzh/lib/python3.11/site-packages/isaacsim/extscache/omni.kvdb-107.3.26+107.3.3.lx64.r.cp311.u353/omni`: errno=28/No space left on device
2026-10-08T10:04:38Z [293ms] [Error] [carb] Failed to create change watch for `/home/ubuntu/miniconda3/envs/m20_wzh/lib/python3.11/site-packages/isaacsim/extscache/omni.kvdb-107.3.26+107.3.3.lx64.r.cp311.u353/omni/kvdb`: errno=28/No space left on device
2026-10-08T10:04:38Z [293ms] [Error] [carb] Failed to create change watch for `/home/ubuntu/miniconda3/envs/m20_wzh/lib/python3.11/site-packages/isaacsim/extscache/omni.kit.actions.core-1.0.0+69cbf6ad.lx64.r.cp311/config`: errno=28/No space left on device
2026-10-08T10:04:38Z [294ms] [Error] [carb] Failed to create change watch for `/home/ubuntu/miniconda3/envs/m20_wzh/lib/python3.11/site-packages/isaacsim/extscache/omni.kvdb-107.3.26+107.3.3.lx64.r.cp311.u353/omni/kvdb/scripts`: errno=28/No space left on device
2026-10-08T10:04:38Z [294ms] [Error] [carb] Failed to create change watch for `/home/ubuntu/miniconda3/envs/m20_wzh/lib/python3.11/site-packages/isaacsim/extscache/omni.kvdb-107.3.26+107.3.3.lx64.r.cp311.u353/omni/kvdb/bindings`: errno=28/No space left on device
2026-10-08T10:04:38Z [294ms] [Error] [carb] Failed to create change watch for `/home/ubuntu/miniconda3/envs/m20_wzh/lib/python3.11/site-packages/isaacsim/extscache/omni.kit.usd_undo-0.1.8+69cbf6ad/omni/kit`: errno=28/No space left on device
2026-10-08T10:04:38Z [294ms] [Error] [carb] Failed to create change watch for `/home/ubuntu/miniconda3/envs/m20_wzh/lib/python3.11/site-packages/isaacsim/extscache/omni.kvdb-107.3.26+107.3.3.lx64.r.cp311.u353/config`: errno=28/No space left on device
2026-10-08T10:04:38Z [294ms] [Error] [carb] Failed to create change watch for `/home/ubuntu/miniconda3/envs/m20_wzh/lib/python3.11/site-packages/isaacsim/extscache/omni.kit.usd_undo-0.1.8+69cbf6ad/omni/kit/usd_undo`: errno=28/No space left on device
2026-10-08T10:04:38Z [294ms] [Error] [carb] Failed to create change watch for `/home/ubuntu/miniconda3/envs/m20_wzh/lib/python3.11/site-packages/isaacsim/extscache/omni.kit.usd_undo-0.1.8+69cbf6ad/omni/kit/usd_undo/tests`: errno=28/No space left on device
2026-10-08T10:04:38Z [294ms] [Error] [carb] Failed to create change watch for `/home/ubuntu/miniconda3/envs/m20_wzh/lib/python3.11/site-packages/isaacsim/extscache/omni.kit.usd_undo-0.1.8+69cbf6ad/config`: errno=28/No space left on device
2026-10-08T10:04:38Z [295ms] [Error] [carb] Failed to create change watch for `/home/ubuntu/miniconda3/envs/m20_wzh/lib/python3.11/site-packages/isaacsim/extscache/omni.kit.commands-1.4.10+69cbf6ad.lx64.r.cp311`: errno=28/No space left on device
2026-10-08T10:04:38Z [295ms] [Error] [carb] Failed to create change watch for `/home/ubuntu/miniconda3/envs/m20_wzh/lib/python3.11/site-packages/isaacsim/extscache/omni.kit.commands-1.4.10+69cbf6ad.lx64.r.cp311/omni`: errno=28/No space left on device
2026-10-08T10:04:38Z [295ms] [Error] [carb] Failed to create change watch for `/home/ubuntu/miniconda3/envs/m20_wzh/lib/python3.11/site-packages/isaacsim/extscache/omni.kit.commands-1.4.10+69cbf6ad.lx64.r.cp311/omni/kit`: errno=28/No space left on device
2026-10-08T10:04:38Z [295ms] [Error] [carb] Failed to create change watch for `/home/ubuntu/miniconda3/envs/m20_wzh/lib/python3.11/site-packages/isaacsim/extscache/omni.kit.commands-1.4.10+69cbf6ad.lx64.r.cp311/omni/kit/commands`: errno=28/No space left on device
2026-10-08T10:04:38Z [295ms] [Error] [carb] Failed to create change watch for `/home/ubuntu/miniconda3/envs/m20_wzh/lib/python3.11/site-packages/isaacsim/extscache/omni.kit.commands-1.4.10+69cbf6ad.lx64.r.cp311/omni/kit/commands/tests`: errno=28/No space left on device
2026-10-08T10:04:38Z [295ms] [Error] [carb] Failed to create change watch for `/home/ubuntu/miniconda3/envs/m20_wzh/lib/python3.11/site-packages/isaacsim/extscache/omni.kit.commands-1.4.10+69cbf6ad.lx64.r.cp311/omni/kit/commands/builtin`: errno=28/No space left on device
2026-10-08T10:04:38Z [295ms] [Error] [carb] Failed to create change watch for `/home/ubuntu/miniconda3/envs/m20_wzh/lib/python3.11/site-packages/isaacsim/extscache/omni.kit.commands-1.4.10+69cbf6ad.lx64.r.cp311/omni/kit/undo`: errno=28/No space left on device
2026-10-08T10:04:38Z [295ms] [Error] [carb] Failed to create change watch for `/home/ubuntu/miniconda3/envs/m20_wzh/lib/python3.11/site-packages/isaacsim/extscache/omni.kit.commands-1.4.10+69cbf6ad.lx64.r.cp311/config`: errno=28/No space left on device
2026-10-08T10:04:38Z [296ms] [Error] [carb] Failed to create change watch for `/home/ubuntu/miniconda3/envs/m20_wzh/lib/python3.11/site-packages/isaacsim/extscache/omni.timeline-1.0.14+69cbf6ad.lx64.r.cp311`: errno=28/No space left on device
2026-10-08T10:04:38Z [296ms] [Error] [carb] Failed to create change watch for `/home/ubuntu/miniconda3/envs/m20_wzh/lib/python3.11/site-packages/isaacsim/extscache/omni.timeline-1.0.14+69cbf6ad.lx64.r.cp311/omni`: errno=28/No space left on device
2026-10-08T10:04:38Z [296ms] [Error] [carb] Failed to create change watch for `/home/ubuntu/miniconda3/envs/m20_wzh/lib/python3.11/site-packages/isaacsim/extscache/omni.timeline-1.0.14+69cbf6ad.lx64.r.cp311/omni/timeline`: errno=28/No space left on device
2026-10-08T10:04:38Z [296ms] [Error] [carb] Failed to create change watch for `/home/ubuntu/miniconda3/envs/m20_wzh/lib/python3.11/site-packages/isaacsim/extscache/omni.timeline-1.0.14+69cbf6ad.lx64.r.cp311/omni/timeline/tests`: errno=28/No space left on device
2026-10-08T10:04:38Z [296ms] [Error] [carb] Failed to create change watch for `/home/ubuntu/miniconda3/envs/m20_wzh/lib/python3.11/site-packages/isaacsim/extscache/omni.timeline-1.0.14+69cbf6ad.lx64.r.cp311/config`: errno=28/No space left on device
2026-10-08T10:04:38Z [297ms] [Error] [carb] Failed to create change watch for `/home/ubuntu/miniconda3/envs/m20_wzh/lib/python3.11/site-packages/isaacsim/extscache/omni.usdphysics-107.3.26+107.3.3.lx64.r.cp311.u353`: errno=28/No space left on device
2026-10-08T10:04:38Z [297ms] [Error] [carb] Failed to create change watch for `/home/ubuntu/miniconda3/envs/m20_wzh/lib/python3.11/site-packages/isaacsim/extscache/omni.usdphysics-107.3.26+107.3.3.lx64.r.cp311.u353/omni`: errno=28/No space left on device
2026-10-08T10:04:38Z [297ms] [Error] [carb] Failed to create change watch for `/home/ubuntu/miniconda3/envs/m20_wzh/lib/python3.11/site-packages/isaacsim/extscache/omni.usdphysics-107.3.26+107.3.3.lx64.r.cp311.u353/omni/usdphysics`: errno=28/No space left on device
2026-10-08T10:04:38Z [297ms] [Error] [carb] Failed to create change watch for `/home/ubuntu/miniconda3/envs/m20_wzh/lib/python3.11/site-packages/isaacsim/extscache/omni.usdphysics-107.3.26+107.3.3.lx64.r.cp311.u353/omni/usdphysics/scripts`: errno=28/No space left on device
2026-10-08T10:04:38Z [297ms] [Error] [carb] Failed to create change watch for `/home/ubuntu/miniconda3/envs/m20_wzh/lib/python3.11/site-packages/isaacsim/extscache/omni.usdphysics-107.3.26+107.3.3.lx64.r.cp311.u353/config`: errno=28/No space left on device
2026-10-08T10:04:38Z [298ms] [Error] [carb] Failed to create change watch for `/home/ubuntu/miniconda3/envs/m20_wzh/lib/python3.11/site-packages/isaacsim/extscache/omni.localcache-107.3.26+107.3.3.lx64.r.cp311.u353`: errno=28/No space left on device
2026-10-08T10:04:38Z [298ms] [Error] [carb] Failed to create change watch for `/home/ubuntu/miniconda3/envs/m20_wzh/lib/python3.11/site-packages/isaacsim/extscache/omni.localcache-107.3.26+107.3.3.lx64.r.cp311.u353/omni`: errno=28/No space left on device
2026-10-08T10:04:38Z [298ms] [Error] [carb] Failed to create change watch for `/home/ubuntu/miniconda3/envs/m20_wzh/lib/python3.11/site-packages/isaacsim/extscache/omni.localcache-107.3.26+107.3.3.lx64.r.cp311.u353/omni/localcache`: errno=28/No space left on device
2026-10-08T10:04:38Z [298ms] [Error] [carb] Failed to create change watch for `/home/ubuntu/miniconda3/envs/m20_wzh/lib/python3.11/site-packages/isaacsim/extscache/omni.localcache-107.3.26+107.3.3.lx64.r.cp311.u353/omni/localcache/scripts`: errno=28/No space left on device
2026-10-08T10:04:38Z [298ms] [Error] [carb] Failed to create change watch for `/home/ubuntu/miniconda3/envs/m20_wzh/lib/python3.11/site-packages/isaacsim/extscache/omni.localcache-107.3.26+107.3.3.lx64.r.cp311.u353/omni/localcache/bindings`: errno=28/No space left on device
2026-10-08T10:04:38Z [298ms] [Error] [carb] Failed to create change watch for `/home/ubuntu/miniconda3/envs/m20_wzh/lib/python3.11/site-packages/isaacsim/extscache/omni.localcache-107.3.26+107.3.3.lx64.r.cp311.u353/config`: errno=28/No space left on device
2026-10-08T10:04:38Z [299ms] [Error] [carb] Failed to create change watch for `/home/ubuntu/miniconda3/envs/m20_wzh/lib/python3.11/site-packages/isaacsim/extscache/omni.convexdecomposition-107.3.26+107.3.3.lx64.r.cp311.u353`: errno=28/No space left on device
2026-10-08T10:04:38Z [299ms] [Error] [carb] Failed to create change watch for `/home/ubuntu/miniconda3/envs/m20_wzh/lib/python3.11/site-packages/isaacsim/extscache/omni.convexdecomposition-107.3.26+107.3.3.lx64.r.cp311.u353/omni`: errno=28/No space left on device
2026-10-08T10:04:38Z [299ms] [Error] [carb] Failed to create change watch for `/home/ubuntu/miniconda3/envs/m20_wzh/lib/python3.11/site-packages/isaacsim/extscache/omni.convexdecomposition-107.3.26+107.3.3.lx64.r.cp311.u353/omni/convexdecomposition`: errno=28/No space left on device
2026-10-08T10:04:38Z [299ms] [Error] [carb] Failed to create change watch for `/home/ubuntu/miniconda3/envs/m20_wzh/lib/python3.11/site-packages/isaacsim/extscache/omni.convexdecomposition-107.3.26+107.3.3.lx64.r.cp311.u353/omni/convexdecomposition/scripts`: errno=28/No space left on device
2026-10-08T10:04:38Z [299ms] [Error] [carb] Failed to create change watch for `/home/ubuntu/miniconda3/envs/m20_wzh/lib/python3.11/site-packages/isaacsim/extscache/omni.convexdecomposition-107.3.26+107.3.3.lx64.r.cp311.u353/omni/convexdecomposition/tests`: errno=28/No space left on device
2026-10-08T10:04:38Z [299ms] [Error] [carb] Failed to create change watch for `/home/ubuntu/miniconda3/envs/m20_wzh/lib/python3.11/site-packages/isaacsim/extscache/omni.convexdecomposition-107.3.26+107.3.3.lx64.r.cp311.u353/omni/convexdecomposition/bindings`: errno=28/No space left on device
2026-10-08T10:04:38Z [299ms] [Error] [carb] Failed to create change watch for `/home/ubuntu/miniconda3/envs/m20_wzh/lib/python3.11/site-packages/isaacsim/extscache/omni.convexdecomposition-107.3.26+107.3.3.lx64.r.cp311.u353/config`: errno=28/No space left on device
2026-10-08T10:04:38Z [322ms] [Error] [carb] Failed to create change watch for `/home/ubuntu/miniconda3/envs/m20_wzh/lib/python3.11/site-packages/isaacsim/extscache/omni.physx.cooking-107.3.26+107.3.3.lx64.r.cp311.u353`: errno=28/No space left on device
2026-10-08T10:04:38Z [322ms] [Error] [carb] Failed to create change watch for `/home/ubuntu/miniconda3/envs/m20_wzh/lib/python3.11/site-packages/isaacsim/extscache/omni.physx.cooking-107.3.26+107.3.3.lx64.r.cp311.u353/omni`: errno=28/No space left on device
2026-10-08T10:04:38Z [323ms] [Error] [carb] Failed to create change watch for `/home/ubuntu/miniconda3/envs/m20_wzh/lib/python3.11/site-packages/isaacsim/extscache/omni.physx.cooking-107.3.26+107.3.3.lx64.r.cp311.u353/omni/physxcooking`: errno=28/No space left on device
2026-10-08T10:04:38Z [323ms] [Error] [carb] Failed to create change watch for `/home/ubuntu/miniconda3/envs/m20_wzh/lib/python3.11/site-packages/isaacsim/extscache/omni.physx.cooking-107.3.26+107.3.3.lx64.r.cp311.u353/omni/physxcooking/scripts`: errno=28/No space left on device
2026-10-08T10:04:38Z [323ms] [Error] [carb] Failed to create change watch for `/home/ubuntu/miniconda3/envs/m20_wzh/lib/python3.11/site-packages/isaacsim/extscache/omni.physx.cooking-107.3.26+107.3.3.lx64.r.cp311.u353/omni/physxcooking/tests`: errno=28/No space left on device
2026-10-08T10:04:38Z [323ms] [Error] [carb] Failed to create change watch for `/home/ubuntu/miniconda3/envs/m20_wzh/lib/python3.11/site-packages/isaacsim/extscache/omni.physx.cooking-107.3.26+107.3.3.lx64.r.cp311.u353/omni/physxcooking/bindings`: errno=28/No space left on device
2026-10-08T10:04:38Z [323ms] [Error] [carb] Failed to create change watch for `/home/ubuntu/miniconda3/envs/m20_wzh/lib/python3.11/site-packages/isaacsim/extscache/omni.physx.cooking-107.3.26+107.3.3.lx64.r.cp311.u353/config`: errno=28/No space left on device
2026-10-08T10:04:38Z [326ms] [Error] [carb] Failed to create change watch for `/home/ubuntu/miniconda3/envs/m20_wzh/lib/python3.11/site-packages/isaacsim/extscache/omni.kit.usd.layers-2.2.11+69cbf6ad.lx64.r.cp311`: errno=28/No space left on device
2026-10-08T10:04:38Z [326ms] [Error] [carb] Failed to create change watch for `/home/ubuntu/miniconda3/envs/m20_wzh/lib/python3.11/site-packages/isaacsim/extscache/omni.kit.usd.layers-2.2.11+69cbf6ad.lx64.r.cp311/omni`: errno=28/No space left on device
2026-10-08T10:04:38Z [326ms] [Error] [carb] Failed to create change watch for `/home/ubuntu/miniconda3/envs/m20_wzh/lib/python3.11/site-packages/isaacsim/extscache/omni.kit.usd.layers-2.2.11+69cbf6ad.lx64.r.cp311/omni/kit`: errno=28/No space left on device
2026-10-08T10:04:38Z [326ms] [Error] [carb] Failed to create change watch for `/home/ubuntu/miniconda3/envs/m20_wzh/lib/python3.11/site-packages/isaacsim/extscache/omni.kit.usd.layers-2.2.11+69cbf6ad.lx64.r.cp311/omni/kit/usd`: errno=28/No space left on device
2026-10-08T10:04:38Z [326ms] [Error] [carb] Failed to create change watch for `/home/ubuntu/miniconda3/envs/m20_wzh/lib/python3.11/site-packages/isaacsim/extscache/omni.kit.usd.layers-2.2.11+69cbf6ad.lx64.r.cp311/omni/kit/usd/layers`: errno=28/No space left on device
2026-10-08T10:04:38Z [326ms] [Error] [carb] Failed to create change watch for `/home/ubuntu/miniconda3/envs/m20_wzh/lib/python3.11/site-packages/isaacsim/extscache/omni.kit.usd.layers-2.2.11+69cbf6ad.lx64.r.cp311/omni/kit/usd/layers/_impl`: errno=28/No space left on device
2026-10-08T10:04:38Z [326ms] [Error] [carb] Failed to create change watch for `/home/ubuntu/miniconda3/envs/m20_wzh/lib/python3.11/site-packages/isaacsim/extscache/omni.kit.usd.layers-2.2.11+69cbf6ad.lx64.r.cp311/omni/kit/usd/layers/tests`: errno=28/No space left on device
2026-10-08T10:04:38Z [327ms] [Error] [carb] Failed to create change watch for `/home/ubuntu/miniconda3/envs/m20_wzh/lib/python3.11/site-packages/isaacsim/extscache/omni.kit.usd.layers-2.2.11+69cbf6ad.lx64.r.cp311/config`: errno=28/No space left on device
2026-10-08T10:04:38Z [328ms] [Error] [carb] Failed to create change watch for `/home/ubuntu/miniconda3/envs/m20_wzh/lib/python3.11/site-packages/isaacsim/extscache/omni.physics-107.3.26+107.3.3.lx64.r.cp311.u353`: errno=28/No space left on device
2026-10-08T10:04:38Z [328ms] [Error] [carb] Failed to create change watch for `/home/ubuntu/miniconda3/envs/m20_wzh/lib/python3.11/site-packages/isaacsim/extscache/omni.physics-107.3.26+107.3.3.lx64.r.cp311.u353/omni`: errno=28/No space left on device
2026-10-08T10:04:38Z [328ms] [Error] [carb] Failed to create change watch for `/home/ubuntu/miniconda3/envs/m20_wzh/lib/python3.11/site-packages/isaacsim/extscache/omni.physics-107.3.26+107.3.3.lx64.r.cp311.u353/omni/physics`: errno=28/No space left on device
2026-10-08T10:04:38Z [328ms] [Error] [carb] Failed to create change watch for `/home/ubuntu/miniconda3/envs/m20_wzh/lib/python3.11/site-packages/isaacsim/extscache/omni.physics-107.3.26+107.3.3.lx64.r.cp311.u353/omni/physics/core`: errno=28/No space left on device
2026-10-08T10:04:38Z [328ms] [Error] [carb] Failed to create change watch for `/home/ubuntu/miniconda3/envs/m20_wzh/lib/python3.11/site-packages/isaacsim/extscache/omni.physics-107.3.26+107.3.3.lx64.r.cp311.u353/omni/physics/core/scripts`: errno=28/No space left on device
2026-10-08T10:04:38Z [328ms] [Error] [carb] Failed to create change watch for `/home/ubuntu/miniconda3/envs/m20_wzh/lib/python3.11/site-packages/isaacsim/extscache/omni.physics-107.3.26+107.3.3.lx64.r.cp311.u353/omni/physics/core/tests`: errno=28/No space left on device
2026-10-08T10:04:38Z [328ms] [Error] [carb] Failed to create change watch for `/home/ubuntu/miniconda3/envs/m20_wzh/lib/python3.11/site-packages/isaacsim/extscache/omni.physics-107.3.26+107.3.3.lx64.r.cp311.u353/omni/physics/core/bindings`: errno=28/No space left on device
2026-10-08T10:04:38Z [328ms] [Error] [carb] Failed to create change watch for `/home/ubuntu/miniconda3/envs/m20_wzh/lib/python3.11/site-packages/isaacsim/extscache/omni.physics-107.3.26+107.3.3.lx64.r.cp311.u353/config`: errno=28/No space left on device
2026-10-08T10:04:38Z [332ms] [Error] [carb] Failed to create change watch for `/home/ubuntu/miniconda3/envs/m20_wzh/lib/python3.11/site-packages/isaacsim/extscache/omni.physx-107.3.26+107.3.3.lx64.r.cp311.u353`: errno=28/No space left on device
2026-10-08T10:04:38Z [333ms] [Error] [carb] Failed to create change watch for `/home/ubuntu/miniconda3/envs/m20_wzh/lib/python3.11/site-packages/isaacsim/extscache/omni.physx-107.3.26+107.3.3.lx64.r.cp311.u353/omni`: errno=28/No space left on device
2026-10-08T10:04:38Z [333ms] [Error] [carb] Failed to create change watch for `/home/ubuntu/miniconda3/envs/m20_wzh/lib/python3.11/site-packages/isaacsim/extscache/omni.physx-107.3.26+107.3.3.lx64.r.cp311.u353/omni/physx`: errno=28/No space left on device
2026-10-08T10:04:38Z [333ms] [Error] [carb] Failed to create change watch for `/home/ubuntu/miniconda3/envs/m20_wzh/lib/python3.11/site-packages/isaacsim/extscache/omni.physx-107.3.26+107.3.3.lx64.r.cp311.u353/omni/physx/scripts`: errno=28/No space left on device
2026-10-08T10:04:38Z [333ms] [Error] [carb] Failed to create change watch for `/home/ubuntu/miniconda3/envs/m20_wzh/lib/python3.11/site-packages/isaacsim/extscache/omni.physx-107.3.26+107.3.3.lx64.r.cp311.u353/omni/physx/bindings`: errno=28/No space left on device
2026-10-08T10:04:38Z [333ms] [Error] [carb] Failed to create change watch for `/home/ubuntu/miniconda3/envs/m20_wzh/lib/python3.11/site-packages/isaacsim/extscache/omni.physx-107.3.26+107.3.3.lx64.r.cp311.u353/config`: errno=28/No space left on device
2026-10-08T10:04:38Z [333ms] [Error] [carb] Failed to create change watch for `/home/ubuntu/miniconda3/envs/m20_wzh/lib/python3.11/site-packages/isaacsim/extscache/omni.physics.stageupdate-107.3.26+107.3.3.lx64.r.cp311.u353`: errno=28/No space left on device
2026-10-08T10:04:38Z [333ms] [Error] [carb] Failed to create change watch for `/home/ubuntu/miniconda3/envs/m20_wzh/lib/python3.11/site-packages/isaacsim/extscache/omni.physics.stageupdate-107.3.26+107.3.3.lx64.r.cp311.u353/omni`: errno=28/No space left on device
2026-10-08T10:04:38Z [334ms] [Error] [carb] Failed to create change watch for `/home/ubuntu/miniconda3/envs/m20_wzh/lib/python3.11/site-packages/isaacsim/extscache/omni.physics.stageupdate-107.3.26+107.3.3.lx64.r.cp311.u353/omni/physics`: errno=28/No space left on device
2026-10-08T10:04:38Z [334ms] [Error] [carb] Failed to create change watch for `/home/ubuntu/miniconda3/envs/m20_wzh/lib/python3.11/site-packages/isaacsim/extscache/omni.physics.stageupdate-107.3.26+107.3.3.lx64.r.cp311.u353/omni/physics/stageupdate`: errno=28/No space left on device
2026-10-08T10:04:38Z [334ms] [Error] [carb] Failed to create change watch for `/home/ubuntu/miniconda3/envs/m20_wzh/lib/python3.11/site-packages/isaacsim/extscache/omni.physics.stageupdate-107.3.26+107.3.3.lx64.r.cp311.u353/omni/physics/stageupdate/scripts`: errno=28/No space left on device
2026-10-08T10:04:38Z [334ms] [Error] [carb] Failed to create change watch for `/home/ubuntu/miniconda3/envs/m20_wzh/lib/python3.11/site-packages/isaacsim/extscache/omni.physics.stageupdate-107.3.26+107.3.3.lx64.r.cp311.u353/omni/physics/stageupdate/tests`: errno=28/No space left on device
2026-10-08T10:04:38Z [334ms] [Error] [carb] Failed to create change watch for `/home/ubuntu/miniconda3/envs/m20_wzh/lib/python3.11/site-packages/isaacsim/extscache/omni.physics.stageupdate-107.3.26+107.3.3.lx64.r.cp311.u353/omni/physics/stageupdate/bindings`: errno=28/No space left on device
2026-10-08T10:04:38Z [334ms] [Error] [carb] Failed to create change watch for `/home/ubuntu/miniconda3/envs/m20_wzh/lib/python3.11/site-packages/isaacsim/extscache/omni.physics.stageupdate-107.3.26+107.3.3.lx64.r.cp311.u353/config`: errno=28/No space left on device
2026-10-08T10:04:38Z [334ms] [Warning] [carb] Acquiring non optional plugin interface which is not listed as dependency: [omni::physx::IPhysxBenchmarks v1.0] (plugin: <default plugin>), by client: omni.physics.physx.plugin. Add it to CARB_PLUGIN_IMPL_DEPS() macro of a client.
2026-10-08T10:04:38Z [334ms] [Error] [carb] Failed to create change watch for `/home/ubuntu/miniconda3/envs/m20_wzh/lib/python3.11/site-packages/isaacsim/extscache/omni.physics.physx-107.3.26+107.3.3.lx64.r.cp311.u353`: errno=28/No space left on device
2026-10-08T10:04:38Z [334ms] [Error] [carb] Failed to create change watch for `/home/ubuntu/miniconda3/envs/m20_wzh/lib/python3.11/site-packages/isaacsim/extscache/omni.physics.physx-107.3.26+107.3.3.lx64.r.cp311.u353/omni`: errno=28/No space left on device
2026-10-08T10:04:38Z [334ms] [Error] [carb] Failed to create change watch for `/home/ubuntu/miniconda3/envs/m20_wzh/lib/python3.11/site-packages/isaacsim/extscache/omni.physics.physx-107.3.26+107.3.3.lx64.r.cp311.u353/omni/physics`: errno=28/No space left on device
2026-10-08T10:04:38Z [334ms] [Error] [carb] Failed to create change watch for `/home/ubuntu/miniconda3/envs/m20_wzh/lib/python3.11/site-packages/isaacsim/extscache/omni.physics.physx-107.3.26+107.3.3.lx64.r.cp311.u353/omni/physics/physx`: errno=28/No space left on device
2026-10-08T10:04:38Z [334ms] [Error] [carb] Failed to create change watch for `/home/ubuntu/miniconda3/envs/m20_wzh/lib/python3.11/site-packages/isaacsim/extscache/omni.physics.physx-107.3.26+107.3.3.lx64.r.cp311.u353/omni/physics/physx/tests`: errno=28/No space left on device
2026-10-08T10:04:38Z [334ms] [Error] [carb] Failed to create change watch for `/home/ubuntu/miniconda3/envs/m20_wzh/lib/python3.11/site-packages/isaacsim/extscache/omni.physics.physx-107.3.26+107.3.3.lx64.r.cp311.u353/config`: errno=28/No space left on device
2026-10-08T10:04:38Z [337ms] [Error] [carb] Failed to create change watch for `/home/ubuntu/miniconda3/envs/m20_wzh/lib/python3.11/site-packages/isaacsim/extscache/omni.physics.tensors-107.3.26+107.3.3.lx64.r.cp311.u353`: errno=28/No space left on device
2026-10-08T10:04:38Z [337ms] [Error] [carb] Failed to create change watch for `/home/ubuntu/miniconda3/envs/m20_wzh/lib/python3.11/site-packages/isaacsim/extscache/omni.physics.tensors-107.3.26+107.3.3.lx64.r.cp311.u353/omni`: errno=28/No space left on device
2026-10-08T10:04:38Z [337ms] [Error] [carb] Failed to create change watch for `/home/ubuntu/miniconda3/envs/m20_wzh/lib/python3.11/site-packages/isaacsim/extscache/omni.physics.tensors-107.3.26+107.3.3.lx64.r.cp311.u353/omni/physics`: errno=28/No space left on device
2026-10-08T10:04:38Z [337ms] [Error] [carb] Failed to create change watch for `/home/ubuntu/miniconda3/envs/m20_wzh/lib/python3.11/site-packages/isaacsim/extscache/omni.physics.tensors-107.3.26+107.3.3.lx64.r.cp311.u353/omni/physics/tensors`: errno=28/No space left on device
2026-10-08T10:04:38Z [337ms] [Error] [carb] Failed to create change watch for `/home/ubuntu/miniconda3/envs/m20_wzh/lib/python3.11/site-packages/isaacsim/extscache/omni.physics.tensors-107.3.26+107.3.3.lx64.r.cp311.u353/omni/physics/tensors/impl`: errno=28/No space left on device
2026-10-08T10:04:38Z [337ms] [Error] [carb] Failed to create change watch for `/home/ubuntu/miniconda3/envs/m20_wzh/lib/python3.11/site-packages/isaacsim/extscache/omni.physics.tensors-107.3.26+107.3.3.lx64.r.cp311.u353/omni/physics/tensors/bindings`: errno=28/No space left on device
2026-10-08T10:04:38Z [337ms] [Error] [carb] Failed to create change watch for `/home/ubuntu/miniconda3/envs/m20_wzh/lib/python3.11/site-packages/isaacsim/extscache/omni.physics.tensors-107.3.26+107.3.3.lx64.r.cp311.u353/config`: errno=28/No space left on device
2026-10-08T10:04:38Z [339ms] [Warning] [omni.isaac.dynamic_control] omni.isaac.dynamic_control is deprecated as of Isaac Sim 4.5. No action is needed from end-users.
2026-10-08T10:04:38Z [339ms] [Error] [carb] Failed to create change watch for `/home/ubuntu/miniconda3/envs/m20_wzh/lib/python3.11/site-packages/isaacsim/extsDeprecated/omni.isaac.dynamic_control`: errno=28/No space left on device
2026-10-08T10:04:38Z [339ms] [Error] [carb] Failed to create change watch for `/home/ubuntu/miniconda3/envs/m20_wzh/lib/python3.11/site-packages/isaacsim/extsDeprecated/omni.isaac.dynamic_control/omni`: errno=28/No space left on device
2026-10-08T10:04:38Z [339ms] [Error] [carb] Failed to create change watch for `/home/ubuntu/miniconda3/envs/m20_wzh/lib/python3.11/site-packages/isaacsim/extsDeprecated/omni.isaac.dynamic_control/omni/isaac`: errno=28/No space left on device
2026-10-08T10:04:38Z [339ms] [Error] [carb] Failed to create change watch for `/home/ubuntu/miniconda3/envs/m20_wzh/lib/python3.11/site-packages/isaacsim/extsDeprecated/omni.isaac.dynamic_control/omni/isaac/dynamic_control`: errno=28/No space left on device
2026-10-08T10:04:38Z [339ms] [Error] [carb] Failed to create change watch for `/home/ubuntu/miniconda3/envs/m20_wzh/lib/python3.11/site-packages/isaacsim/extsDeprecated/omni.isaac.dynamic_control/omni/isaac/dynamic_control/scripts`: errno=28/No space left on device
2026-10-08T10:04:38Z [339ms] [Error] [carb] Failed to create change watch for `/home/ubuntu/miniconda3/envs/m20_wzh/lib/python3.11/site-packages/isaacsim/extsDeprecated/omni.isaac.dynamic_control/omni/isaac/dynamic_control/tests`: errno=28/No space left on device
2026-10-08T10:04:38Z [339ms] [Error] [carb] Failed to create change watch for `/home/ubuntu/miniconda3/envs/m20_wzh/lib/python3.11/site-packages/isaacsim/extsDeprecated/omni.isaac.dynamic_control/config`: errno=28/No space left on device
2026-10-08T10:04:38Z [340ms] [Error] [carb] Failed to create change watch for `/home/ubuntu/miniconda3/envs/m20_wzh/lib/python3.11/site-packages/isaacsim/exts/isaacsim.core.deprecation_manager`: errno=28/No space left on device
2026-10-08T10:04:38Z [340ms] [Error] [carb] Failed to create change watch for `/home/ubuntu/miniconda3/envs/m20_wzh/lib/python3.11/site-packages/isaacsim/exts/isaacsim.core.deprecation_manager/isaacsim`: errno=28/No space left on device
2026-10-08T10:04:38Z [340ms] [Error] [carb] Failed to create change watch for `/home/ubuntu/miniconda3/envs/m20_wzh/lib/python3.11/site-packages/isaacsim/exts/isaacsim.core.deprecation_manager/isaacsim/core`: errno=28/No space left on device
2026-10-08T10:04:38Z [340ms] [Error] [carb] Failed to create change watch for `/home/ubuntu/miniconda3/envs/m20_wzh/lib/python3.11/site-packages/isaacsim/exts/isaacsim.core.deprecation_manager/isaacsim/core/deprecation_manager`: errno=28/No space left on device
2026-10-08T10:04:38Z [340ms] [Error] [carb] Failed to create change watch for `/home/ubuntu/miniconda3/envs/m20_wzh/lib/python3.11/site-packages/isaacsim/exts/isaacsim.core.deprecation_manager/config`: errno=28/No space left on device
2026-10-08T10:04:38Z [342ms] [Error] [carb] Failed to create change watch for `/home/ubuntu/miniconda3/envs/m20_wzh/lib/python3.11/site-packages/isaacsim/extscache/omni.usd.metrics.assembler-107.3.1+107.3.0.lx64.r.cp311.u353`: errno=28/No space left on device
2026-10-08T10:04:38Z [342ms] [Error] [carb] Failed to create change watch for `/home/ubuntu/miniconda3/envs/m20_wzh/lib/python3.11/site-packages/isaacsim/extscache/omni.usd.metrics.assembler-107.3.1+107.3.0.lx64.r.cp311.u353/omni`: errno=28/No space left on device
2026-10-08T10:04:38Z [342ms] [Error] [carb] Failed to create change watch for `/home/ubuntu/miniconda3/envs/m20_wzh/lib/python3.11/site-packages/isaacsim/extscache/omni.usd.metrics.assembler-107.3.1+107.3.0.lx64.r.cp311.u353/omni/metrics`: errno=28/No space left on device
2026-10-08T10:04:38Z [342ms] [Error] [carb] Failed to create change watch for `/home/ubuntu/miniconda3/envs/m20_wzh/lib/python3.11/site-packages/isaacsim/extscache/omni.usd.metrics.assembler-107.3.1+107.3.0.lx64.r.cp311.u353/omni/metrics/assembler`: errno=28/No space left on device
2026-10-08T10:04:38Z [342ms] [Error] [carb] Failed to create change watch for `/home/ubuntu/miniconda3/envs/m20_wzh/lib/python3.11/site-packages/isaacsim/extscache/omni.usd.metrics.assembler-107.3.1+107.3.0.lx64.r.cp311.u353/omni/metrics/assembler/core`: errno=28/No space left on device
2026-10-08T10:04:38Z [342ms] [Error] [carb] Failed to create change watch for `/home/ubuntu/miniconda3/envs/m20_wzh/lib/python3.11/site-packages/isaacsim/extscache/omni.usd.metrics.assembler-107.3.1+107.3.0.lx64.r.cp311.u353/omni/metrics/assembler/core/scripts`: errno=28/No space left on device
2026-10-08T10:04:38Z [342ms] [Error] [carb] Failed to create change watch for `/home/ubuntu/miniconda3/envs/m20_wzh/lib/python3.11/site-packages/isaacsim/extscache/omni.usd.metrics.assembler-107.3.1+107.3.0.lx64.r.cp311.u353/omni/metrics/assembler/core/tests`: errno=28/No space left on device
2026-10-08T10:04:38Z [342ms] [Error] [carb] Failed to create change watch for `/home/ubuntu/miniconda3/envs/m20_wzh/lib/python3.11/site-packages/isaacsim/extscache/omni.usd.metrics.assembler-107.3.1+107.3.0.lx64.r.cp311.u353/omni/metrics/assembler/core/bindings`: errno=28/No space left on device
2026-10-08T10:04:38Z [342ms] [Error] [carb] Failed to create change watch for `/home/ubuntu/miniconda3/envs/m20_wzh/lib/python3.11/site-packages/isaacsim/extscache/omni.usd.metrics.assembler-107.3.1+107.3.0.lx64.r.cp311.u353/config`: errno=28/No space left on device
2026-10-08T10:04:38Z [342ms] [Error] [carb] Failed to create change watch for `/home/ubuntu/miniconda3/envs/m20_wzh/lib/python3.11/site-packages/isaacsim/exts/isaacsim.core.version`: errno=28/No space left on device
2026-10-08T10:04:38Z [342ms] [Error] [carb] Failed to create change watch for `/home/ubuntu/miniconda3/envs/m20_wzh/lib/python3.11/site-packages/isaacsim/exts/isaacsim.core.version/isaacsim`: errno=28/No space left on device
2026-10-08T10:04:38Z [342ms] [Error] [carb] Failed to create change watch for `/home/ubuntu/miniconda3/envs/m20_wzh/lib/python3.11/site-packages/isaacsim/exts/isaacsim.core.version/isaacsim/core`: errno=28/No space left on device
2026-10-08T10:04:38Z [342ms] [Error] [carb] Failed to create change watch for `/home/ubuntu/miniconda3/envs/m20_wzh/lib/python3.11/site-packages/isaacsim/exts/isaacsim.core.version/isaacsim/core/version`: errno=28/No space left on device
2026-10-08T10:04:38Z [342ms] [Error] [carb] Failed to create change watch for `/home/ubuntu/miniconda3/envs/m20_wzh/lib/python3.11/site-packages/isaacsim/exts/isaacsim.core.version/isaacsim/core/version/tests`: errno=28/No space left on device
2026-10-08T10:04:38Z [343ms] [Error] [carb] Failed to create change watch for `/home/ubuntu/miniconda3/envs/m20_wzh/lib/python3.11/site-packages/isaacsim/exts/isaacsim.core.version/config`: errno=28/No space left on device
2026-10-08T10:04:38Z [439ms] [Error] [carb] Failed to create change watch for `/home/ubuntu/miniconda3/envs/m20_wzh/lib/python3.11/site-packages/isaacsim/extscache/omni.warp.core-1.8.2+lx64`: errno=28/No space left on device
2026-10-08T10:04:38Z [439ms] [Error] [carb] Failed to create change watch for `/home/ubuntu/miniconda3/envs/m20_wzh/lib/python3.11/site-packages/isaacsim/extscache/omni.warp.core-1.8.2+lx64/omni`: errno=28/No space left on device
2026-10-08T10:04:38Z [439ms] [Error] [carb] Failed to create change watch for `/home/ubuntu/miniconda3/envs/m20_wzh/lib/python3.11/site-packages/isaacsim/extscache/omni.warp.core-1.8.2+lx64/omni/warp`: errno=28/No space left on device
2026-10-08T10:04:38Z [439ms] [Error] [carb] Failed to create change watch for `/home/ubuntu/miniconda3/envs/m20_wzh/lib/python3.11/site-packages/isaacsim/extscache/omni.warp.core-1.8.2+lx64/omni/warp/core`: errno=28/No space left on device
2026-10-08T10:04:38Z [439ms] [Error] [carb] Failed to create change watch for `/home/ubuntu/miniconda3/envs/m20_wzh/lib/python3.11/site-packages/isaacsim/extscache/omni.warp.core-1.8.2+lx64/omni/warp/core/_impl`: errno=28/No space left on device
2026-10-08T10:04:38Z [440ms] [Error] [carb] Failed to create change watch for `/home/ubuntu/miniconda3/envs/m20_wzh/lib/python3.11/site-packages/isaacsim/extscache/omni.warp.core-1.8.2+lx64/omni/warp/core/tests`: errno=28/No space left on device
2026-10-08T10:04:38Z [440ms] [Error] [carb] Failed to create change watch for `/home/ubuntu/miniconda3/envs/m20_wzh/lib/python3.11/site-packages/isaacsim/extscache/omni.warp.core-1.8.2+lx64/warp`: errno=28/No space left on device
2026-10-08T10:04:38Z [440ms] [Error] [carb] Failed to create change watch for `/home/ubuntu/miniconda3/envs/m20_wzh/lib/python3.11/site-packages/isaacsim/extscache/omni.warp.core-1.8.2+lx64/warp/thirdparty`: errno=28/No space left on device
2026-10-08T10:04:38Z [440ms] [Error] [carb] Failed to create change watch for `/home/ubuntu/miniconda3/envs/m20_wzh/lib/python3.11/site-packages/isaacsim/extscache/omni.warp.core-1.8.2+lx64/warp/native`: errno=28/No space left on device
2026-10-08T10:04:38Z [440ms] [Error] [carb] Failed to create change watch for `/home/ubuntu/miniconda3/envs/m20_wzh/lib/python3.11/site-packages/isaacsim/extscache/omni.warp.core-1.8.2+lx64/warp/native/nanovdb`: errno=28/No space left on device
2026-10-08T10:04:38Z [440ms] [Error] [carb] Failed to create change watch for `/home/ubuntu/miniconda3/envs/m20_wzh/lib/python3.11/site-packages/isaacsim/extscache/omni.warp.core-1.8.2+lx64/warp/native/nanovdb/util`: errno=28/No space left on device
2026-10-08T10:04:38Z [440ms] [Error] [carb] Failed to create change watch for `/home/ubuntu/miniconda3/envs/m20_wzh/lib/python3.11/site-packages/isaacsim/extscache/omni.warp.core-1.8.2+lx64/warp/native/nanovdb/util/cuda`: errno=28/No space left on device
2026-10-08T10:04:38Z [440ms] [Error] [carb] Failed to create change watch for `/home/ubuntu/miniconda3/envs/m20_wzh/lib/python3.11/site-packages/isaacsim/extscache/omni.warp.core-1.8.2+lx64/warp/native/nanovdb/tools`: errno=28/No space left on device
2026-10-08T10:04:38Z [440ms] [Error] [carb] Failed to create change watch for `/home/ubuntu/miniconda3/envs/m20_wzh/lib/python3.11/site-packages/isaacsim/extscache/omni.warp.core-1.8.2+lx64/warp/native/nanovdb/tools/cuda`: errno=28/No space left on device
2026-10-08T10:04:38Z [440ms] [Error] [carb] Failed to create change watch for `/home/ubuntu/miniconda3/envs/m20_wzh/lib/python3.11/site-packages/isaacsim/extscache/omni.warp.core-1.8.2+lx64/warp/native/nanovdb/cuda`: errno=28/No space left on device
2026-10-08T10:04:38Z [440ms] [Error] [carb] Failed to create change watch for `/home/ubuntu/miniconda3/envs/m20_wzh/lib/python3.11/site-packages/isaacsim/extscache/omni.warp.core-1.8.2+lx64/warp/native/nanovdb/math`: errno=28/No space left on device
2026-10-08T10:04:38Z [440ms] [Error] [carb] Failed to create change watch for `/home/ubuntu/miniconda3/envs/m20_wzh/lib/python3.11/site-packages/isaacsim/extscache/omni.warp.core-1.8.2+lx64/warp/native/clang`: errno=28/No space left on device
2026-10-08T10:04:38Z [440ms] [Error] [carb] Failed to create change watch for `/home/ubuntu/miniconda3/envs/m20_wzh/lib/python3.11/site-packages/isaacsim/extscache/omni.warp.core-1.8.2+lx64/warp/native/libdevice`: errno=28/No space left on device
2026-10-08T10:04:38Z [440ms] [Error] [carb] Failed to create change watch for `/home/ubuntu/miniconda3/envs/m20_wzh/lib/python3.11/site-packages/isaacsim/extscache/omni.warp.core-1.8.2+lx64/warp/render`: errno=28/No space left on device
2026-10-08T10:04:38Z [440ms] [Error] [carb] Failed to create change watch for `/home/ubuntu/miniconda3/envs/m20_wzh/lib/python3.11/site-packages/isaacsim/extscache/omni.warp.core-1.8.2+lx64/warp/sim`: errno=28/No space left on device
2026-10-08T10:04:38Z [440ms] [Error] [carb] Failed to create change watch for `/home/ubuntu/miniconda3/envs/m20_wzh/lib/python3.11/site-packages/isaacsim/extscache/omni.warp.core-1.8.2+lx64/warp/jax_experimental`: errno=28/No space left on device
2026-10-08T10:04:38Z [441ms] [Error] [carb] Failed to create change watch for `/home/ubuntu/miniconda3/envs/m20_wzh/lib/python3.11/site-packages/isaacsim/extscache/omni.usd.metrics.assembler.physics-107.3.26+107.3.3.cp311.u353`: errno=28/No space left on device
2026-10-08T10:04:38Z [441ms] [Error] [carb] Failed to create change watch for `/home/ubuntu/miniconda3/envs/m20_wzh/lib/python3.11/site-packages/isaacsim/exts/isaacsim.storage.native`: errno=28/No space left on device
2026-10-08T10:04:38Z [441ms] [Error] [carb] Failed to create change watch for `/home/ubuntu/miniconda3/envs/m20_wzh/lib/python3.11/site-packages/isaacsim/extscache/omni.usd.metrics.assembler.physics-107.3.26+107.3.3.cp311.u353/omni`: errno=28/No space left on device
2026-10-08T10:04:38Z [441ms] [Error] [carb] Failed to create change watch for `/home/ubuntu/miniconda3/envs/m20_wzh/lib/python3.11/site-packages/isaacsim/exts/isaacsim.storage.native/isaacsim`: errno=28/No space left on device
2026-10-08T10:04:38Z [441ms] [Error] [carb] Failed to create change watch for `/home/ubuntu/miniconda3/envs/m20_wzh/lib/python3.11/site-packages/isaacsim/extscache/omni.warp.core-1.8.2+lx64/warp/tests`: errno=28/No space left on device
2026-10-08T10:04:38Z [441ms] [Error] [carb] Failed to create change watch for `/home/ubuntu/miniconda3/envs/m20_wzh/lib/python3.11/site-packages/isaacsim/exts/isaacsim.storage.native/isaacsim/storage`: errno=28/No space left on device
2026-10-08T10:04:38Z [442ms] [Error] [carb] Failed to create change watch for `/home/ubuntu/miniconda3/envs/m20_wzh/lib/python3.11/site-packages/isaacsim/extscache/omni.usd.metrics.assembler.physics-107.3.26+107.3.3.cp311.u353/omni/metrics`: errno=28/No space left on device
2026-10-08T10:04:38Z [442ms] [Error] [carb] Failed to create change watch for `/home/ubuntu/miniconda3/envs/m20_wzh/lib/python3.11/site-packages/isaacsim/exts/isaacsim.storage.native/isaacsim/storage/native`: errno=28/No space left on device
2026-10-08T10:04:38Z [442ms] [Error] [carb] Failed to create change watch for `/home/ubuntu/miniconda3/envs/m20_wzh/lib/python3.11/site-packages/isaacsim/extscache/omni.warp.core-1.8.2+lx64/warp/tests/geometry`: errno=28/No space left on device
2026-10-08T10:04:38Z [442ms] [Error] [carb] Failed to create change watch for `/home/ubuntu/miniconda3/envs/m20_wzh/lib/python3.11/site-packages/isaacsim/exts/isaacsim.storage.native/isaacsim/storage/native/impl`: errno=28/No space left on device
2026-10-08T10:04:38Z [442ms] [Error] [carb] Failed to create change watch for `/home/ubuntu/miniconda3/envs/m20_wzh/lib/python3.11/site-packages/isaacsim/exts/isaacsim.storage.native/isaacsim/storage/native/tests`: errno=28/No space left on device
2026-10-08T10:04:38Z [442ms] [Error] [carb] Failed to create change watch for `/home/ubuntu/miniconda3/envs/m20_wzh/lib/python3.11/site-packages/isaacsim/extscache/omni.warp.core-1.8.2+lx64/warp/tests/interop`: errno=28/No space left on device
2026-10-08T10:04:38Z [442ms] [Error] [carb] Failed to create change watch for `/home/ubuntu/miniconda3/envs/m20_wzh/lib/python3.11/site-packages/isaacsim/extscache/omni.warp.core-1.8.2+lx64/warp/tests/assets`: errno=28/No space left on device
2026-10-08T10:04:38Z [442ms] [Error] [carb] Failed to create change watch for `/home/ubuntu/miniconda3/envs/m20_wzh/lib/python3.11/site-packages/isaacsim/exts/isaacsim.storage.native/config`: errno=28/No space left on device
2026-10-08T10:04:38Z [442ms] [Error] [carb] Failed to create change watch for `/home/ubuntu/miniconda3/envs/m20_wzh/lib/python3.11/site-packages/isaacsim/extscache/omni.warp.core-1.8.2+lx64/warp/tests/sim`: errno=28/No space left on device
2026-10-08T10:04:38Z [442ms] [Error] [carb] Failed to create change watch for `/home/ubuntu/miniconda3/envs/m20_wzh/lib/python3.11/site-packages/isaacsim/extscache/omni.usd.metrics.assembler.physics-107.3.26+107.3.3.cp311.u353/omni/metrics/assembler`: errno=28/No space left on device
2026-10-08T10:04:38Z [442ms] [Error] [carb] Failed to create change watch for `/home/ubuntu/miniconda3/envs/m20_wzh/lib/python3.11/site-packages/isaacsim/extscache/omni.warp.core-1.8.2+lx64/warp/tests/cuda`: errno=28/No space left on device
2026-10-08T10:04:38Z [442ms] [Error] [carb] Failed to create change watch for `/home/ubuntu/miniconda3/envs/m20_wzh/lib/python3.11/site-packages/isaacsim/extscache/omni.usd.metrics.assembler.physics-107.3.26+107.3.3.cp311.u353/omni/metrics/assembler/physics`: errno=28/No space left on device
2026-10-08T10:04:38Z [443ms] [Error] [carb] Failed to create change watch for `/home/ubuntu/miniconda3/envs/m20_wzh/lib/python3.11/site-packages/isaacsim/extscache/omni.warp.core-1.8.2+lx64/warp/tests/tile`: errno=28/No space left on device
2026-10-08T10:04:38Z [443ms] [Error] [carb] Failed to create change watch for `/home/ubuntu/miniconda3/envs/m20_wzh/lib/python3.11/site-packages/isaacsim/extscache/omni.usd.metrics.assembler.physics-107.3.26+107.3.3.cp311.u353/omni/metrics/assembler/physics/tests`: errno=28/No space left on device
2026-10-08T10:04:38Z [443ms] [Error] [carb] Failed to create change watch for `/home/ubuntu/miniconda3/envs/m20_wzh/lib/python3.11/site-packages/isaacsim/exts/isaacsim.core.utils`: errno=28/No space left on device
2026-10-08T10:04:38Z [443ms] [Error] [carb] Failed to create change watch for `/home/ubuntu/miniconda3/envs/m20_wzh/lib/python3.11/site-packages/isaacsim/extscache/omni.warp.core-1.8.2+lx64/warp/examples`: errno=28/No space left on device
2026-10-08T10:04:38Z [443ms] [Error] [carb] Failed to create change watch for `/home/ubuntu/miniconda3/envs/m20_wzh/lib/python3.11/site-packages/isaacsim/extscache/omni.warp.core-1.8.2+lx64/warp/examples/core`: errno=28/No space left on device
2026-10-08T10:04:38Z [443ms] [Error] [carb] Failed to create change watch for `/home/ubuntu/miniconda3/envs/m20_wzh/lib/python3.11/site-packages/isaacsim/extscache/omni.kit.stage_template.core-1.1.22+69cbf6ad`: errno=28/No space left on device
2026-10-08T10:04:38Z [443ms] [Error] [carb] Failed to create change watch for `/home/ubuntu/miniconda3/envs/m20_wzh/lib/python3.11/site-packages/isaacsim/exts/isaacsim.core.utils/isaacsim`: errno=28/No space left on device
2026-10-08T10:04:38Z [443ms] [Error] [carb] Failed to create change watch for `/home/ubuntu/miniconda3/envs/m20_wzh/lib/python3.11/site-packages/isaacsim/extscache/omni.kit.stage_template.core-1.1.22+69cbf6ad/omni`: errno=28/No space left on device
2026-10-08T10:04:38Z [443ms] [Error] [carb] Failed to create change watch for `/home/ubuntu/miniconda3/envs/m20_wzh/lib/python3.11/site-packages/isaacsim/exts/isaacsim.core.utils/isaacsim/core`: errno=28/No space left on device
2026-10-08T10:04:38Z [443ms] [Error] [carb] Failed to create change watch for `/home/ubuntu/miniconda3/envs/m20_wzh/lib/python3.11/site-packages/isaacsim/extscache/omni.kit.stage_template.core-1.1.22+69cbf6ad/omni/kit`: errno=28/No space left on device
2026-10-08T10:04:38Z [443ms] [Error] [carb] Failed to create change watch for `/home/ubuntu/miniconda3/envs/m20_wzh/lib/python3.11/site-packages/isaacsim/exts/isaacsim.core.utils/isaacsim/core/utils`: errno=28/No space left on device
2026-10-08T10:04:38Z [443ms] [Error] [carb] Failed to create change watch for `/home/ubuntu/miniconda3/envs/m20_wzh/lib/python3.11/site-packages/isaacsim/extscache/omni.kit.stage_template.core-1.1.22+69cbf6ad/omni/kit/stage_template`: errno=28/No space left on device
2026-10-08T10:04:38Z [443ms] [Error] [carb] Failed to create change watch for `/home/ubuntu/miniconda3/envs/m20_wzh/lib/python3.11/site-packages/isaacsim/extscache/omni.usd.metrics.assembler.physics-107.3.26+107.3.3.cp311.u353/config`: errno=28/No space left on device
2026-10-08T10:04:38Z [444ms] [Error] [carb] Failed to create change watch for `/home/ubuntu/miniconda3/envs/m20_wzh/lib/python3.11/site-packages/isaacsim/exts/isaacsim.core.utils/isaacsim/core/utils/torch`: errno=28/No space left on device
2026-10-08T10:04:38Z [444ms] [Error] [carb] Failed to create change watch for `/home/ubuntu/miniconda3/envs/m20_wzh/lib/python3.11/site-packages/isaacsim/extscache/omni.kit.stage_template.core-1.1.22+69cbf6ad/omni/kit/stage_template/core`: errno=28/No space left on device
2026-10-08T10:04:38Z [444ms] [Error] [carb] Failed to create change watch for `/home/ubuntu/miniconda3/envs/m20_wzh/lib/python3.11/site-packages/isaacsim/extscache/omni.kit.stage_template.core-1.1.22+69cbf6ad/omni/kit/stage_template/core/tests`: errno=28/No space left on device
2026-10-08T10:04:38Z [444ms] [Error] [carb] Failed to create change watch for `/home/ubuntu/miniconda3/envs/m20_wzh/lib/python3.11/site-packages/isaacsim/exts/isaacsim.core.utils/isaacsim/core/utils/numpy`: errno=28/No space left on device
2026-10-08T10:04:38Z [444ms] [Error] [carb] Failed to create change watch for `/home/ubuntu/miniconda3/envs/m20_wzh/lib/python3.11/site-packages/isaacsim/extscache/omni.warp.core-1.8.2+lx64/warp/examples/benchmarks`: errno=28/No space left on device
2026-10-08T10:04:38Z [444ms] [Error] [carb] Failed to create change watch for `/home/ubuntu/miniconda3/envs/m20_wzh/lib/python3.11/site-packages/isaacsim/exts/isaacsim.core.utils/isaacsim/core/utils/tests`: errno=28/No space left on device
2026-10-08T10:04:38Z [444ms] [Error] [carb] Failed to create change watch for `/home/ubuntu/miniconda3/envs/m20_wzh/lib/python3.11/site-packages/isaacsim/extscache/omni.kit.stage_template.core-1.1.22+69cbf6ad/config`: errno=28/No space left on device
2026-10-08T10:04:38Z [444ms] [Error] [carb] Failed to create change watch for `/home/ubuntu/miniconda3/envs/m20_wzh/lib/python3.11/site-packages/isaacsim/exts/isaacsim.core.utils/isaacsim/core/utils/warp`: errno=28/No space left on device
2026-10-08T10:04:38Z [444ms] [Error] [carb] Failed to create change watch for `/home/ubuntu/miniconda3/envs/m20_wzh/lib/python3.11/site-packages/isaacsim/exts/isaacsim.core.utils/config`: errno=28/No space left on device
2026-10-08T10:04:38Z [444ms] [Error] [carb] Failed to create change watch for `/home/ubuntu/miniconda3/envs/m20_wzh/lib/python3.11/site-packages/isaacsim/extscache/omni.warp.core-1.8.2+lx64/warp/examples/interop`: errno=28/No space left on device
2026-10-08T10:04:38Z [444ms] [Error] [carb] Failed to create change watch for `/home/ubuntu/miniconda3/envs/m20_wzh/lib/python3.11/site-packages/isaacsim/extscache/omni.warp.core-1.8.2+lx64/warp/examples/assets`: errno=28/No space left on device
2026-10-08T10:04:38Z [444ms] [Error] [carb] Failed to create change watch for `/home/ubuntu/miniconda3/envs/m20_wzh/lib/python3.11/site-packages/isaacsim/extscache/omni.warp.core-1.8.2+lx64/warp/examples/sim`: errno=28/No space left on device
2026-10-08T10:04:38Z [445ms] [Error] [carb] Failed to create change watch for `/home/ubuntu/miniconda3/envs/m20_wzh/lib/python3.11/site-packages/isaacsim/extscache/omni.warp.core-1.8.2+lx64/warp/examples/distributed`: errno=28/No space left on device
2026-10-08T10:04:38Z [445ms] [Error] [carb] Failed to create change watch for `/home/ubuntu/miniconda3/envs/m20_wzh/lib/python3.11/site-packages/isaacsim/extscache/omni.warp.core-1.8.2+lx64/warp/examples/tile`: errno=28/No space left on device
2026-10-08T10:04:38Z [445ms] [Error] [carb] Failed to create change watch for `/home/ubuntu/miniconda3/envs/m20_wzh/lib/python3.11/site-packages/isaacsim/extscache/omni.warp.core-1.8.2+lx64/warp/examples/optim`: errno=28/No space left on device
2026-10-08T10:04:38Z [445ms] [Error] [carb] Failed to create change watch for `/home/ubuntu/miniconda3/envs/m20_wzh/lib/python3.11/site-packages/isaacsim/extscache/omni.warp.core-1.8.2+lx64/warp/examples/fem`: errno=28/No space left on device
2026-10-08T10:04:38Z [445ms] [Error] [carb] Failed to create change watch for `/home/ubuntu/miniconda3/envs/m20_wzh/lib/python3.11/site-packages/isaacsim/extscache/omni.warp.core-1.8.2+lx64/warp/optim`: errno=28/No space left on device
2026-10-08T10:04:38Z [445ms] [Error] [carb] Failed to create change watch for `/home/ubuntu/miniconda3/envs/m20_wzh/lib/python3.11/site-packages/isaacsim/extscache/omni.warp.core-1.8.2+lx64/warp/bin`: errno=28/No space left on device
2026-10-08T10:04:38Z [445ms] [Error] [carb] Failed to create change watch for `/home/ubuntu/miniconda3/envs/m20_wzh/lib/python3.11/site-packages/isaacsim/extscache/omni.warp.core-1.8.2+lx64/warp/fem`: errno=28/No space left on device
2026-10-08T10:04:38Z [445ms] [Error] [carb] Failed to create change watch for `/home/ubuntu/miniconda3/envs/m20_wzh/lib/python3.11/site-packages/isaacsim/extscache/omni.warp.core-1.8.2+lx64/warp/fem/geometry`: errno=28/No space left on device
2026-10-08T10:04:38Z [445ms] [Error] [carb] Failed to create change watch for `/home/ubuntu/miniconda3/envs/m20_wzh/lib/python3.11/site-packages/isaacsim/extscache/omni.warp.core-1.8.2+lx64/warp/fem/quadrature`: errno=28/No space left on device
2026-10-08T10:04:38Z [445ms] [Error] [carb] Failed to create change watch for `/home/ubuntu/miniconda3/envs/m20_wzh/lib/python3.11/site-packages/isaacsim/extscache/omni.warp.core-1.8.2+lx64/warp/fem/space`: errno=28/No space left on device
2026-10-08T10:04:38Z [445ms] [Error] [carb] Failed to create change watch for `/home/ubuntu/miniconda3/envs/m20_wzh/lib/python3.11/site-packages/isaacsim/extscache/omni.warp.core-1.8.2+lx64/warp/fem/space/shape`: errno=28/No space left on device
2026-10-08T10:04:38Z [446ms] [Error] [carb] Failed to create change watch for `/home/ubuntu/miniconda3/envs/m20_wzh/lib/python3.11/site-packages/isaacsim/extscache/omni.warp.core-1.8.2+lx64/warp/fem/field`: errno=28/No space left on device
2026-10-08T10:04:38Z [446ms] [Error] [carb] Failed to create change watch for `/home/ubuntu/miniconda3/envs/m20_wzh/lib/python3.11/site-packages/isaacsim/extscache/omni.warp.core-1.8.2+lx64/config`: errno=28/No space left on device
2026-10-08T10:04:39Z [1,477ms] [Error] [carb] Failed to create change watch for `/home/ubuntu/miniconda3/envs/m20_wzh/lib/python3.11/site-packages/isaacsim/extscache/omni.kit.primitive.mesh-1.0.17+69cbf6ad`: errno=28/No space left on device
2026-10-08T10:04:39Z [1,477ms] [Error] [carb] Failed to create change watch for `/home/ubuntu/miniconda3/envs/m20_wzh/lib/python3.11/site-packages/isaacsim/extscache/omni.kit.primitive.mesh-1.0.17+69cbf6ad/omni`: errno=28/No space left on device
2026-10-08T10:04:39Z [1,478ms] [Error] [carb] Failed to create change watch for `/home/ubuntu/miniconda3/envs/m20_wzh/lib/python3.11/site-packages/isaacsim/extscache/omni.kit.primitive.mesh-1.0.17+69cbf6ad/omni/kit`: errno=28/No space left on device
2026-10-08T10:04:39Z [1,478ms] [Error] [carb] Failed to create change watch for `/home/ubuntu/miniconda3/envs/m20_wzh/lib/python3.11/site-packages/isaacsim/extscache/omni.kit.primitive.mesh-1.0.17+69cbf6ad/omni/kit/primitive`: errno=28/No space left on device
2026-10-08T10:04:39Z [1,478ms] [Error] [carb] Failed to create change watch for `/home/ubuntu/miniconda3/envs/m20_wzh/lib/python3.11/site-packages/isaacsim/extscache/omni.kit.primitive.mesh-1.0.17+69cbf6ad/omni/kit/primitive/mesh`: errno=28/No space left on device
2026-10-08T10:04:39Z [1,478ms] [Error] [carb] Failed to create change watch for `/home/ubuntu/miniconda3/envs/m20_wzh/lib/python3.11/site-packages/isaacsim/extscache/omni.kit.primitive.mesh-1.0.17+69cbf6ad/omni/kit/primitive/mesh/evaluators`: errno=28/No space left on device
2026-10-08T10:04:39Z [1,478ms] [Error] [carb] Failed to create change watch for `/home/ubuntu/miniconda3/envs/m20_wzh/lib/python3.11/site-packages/isaacsim/extscache/omni.kit.primitive.mesh-1.0.17+69cbf6ad/omni/kit/primitive/mesh/tests`: errno=28/No space left on device
2026-10-08T10:04:39Z [1,478ms] [Error] [carb] Failed to create change watch for `/home/ubuntu/miniconda3/envs/m20_wzh/lib/python3.11/site-packages/isaacsim/extscache/omni.kit.primitive.mesh-1.0.17+69cbf6ad/config`: errno=28/No space left on device
2026-10-08T10:04:40Z [2,517ms] [Error] [carb] Failed to create change watch for `/home/ubuntu/miniconda3/envs/m20_wzh/lib/python3.11/site-packages/isaacsim/exts/isaacsim.core.simulation_manager`: errno=28/No space left on device
2026-10-08T10:04:40Z [2,517ms] [Error] [carb] Failed to create change watch for `/home/ubuntu/miniconda3/envs/m20_wzh/lib/python3.11/site-packages/isaacsim/exts/isaacsim.core.simulation_manager/isaacsim`: errno=28/No space left on device
2026-10-08T10:04:40Z [2,517ms] [Error] [carb] Failed to create change watch for `/home/ubuntu/miniconda3/envs/m20_wzh/lib/python3.11/site-packages/isaacsim/exts/isaacsim.core.simulation_manager/isaacsim/core`: errno=28/No space left on device
2026-10-08T10:04:40Z [2,517ms] [Error] [carb] Failed to create change watch for `/home/ubuntu/miniconda3/envs/m20_wzh/lib/python3.11/site-packages/isaacsim/exts/isaacsim.core.simulation_manager/isaacsim/core/simulation_manager`: errno=28/No space left on device
2026-10-08T10:04:40Z [2,517ms] [Error] [carb] Failed to create change watch for `/home/ubuntu/miniconda3/envs/m20_wzh/lib/python3.11/site-packages/isaacsim/exts/isaacsim.core.simulation_manager/isaacsim/core/simulation_manager/impl`: errno=28/No space left on device
2026-10-08T10:04:40Z [2,517ms] [Error] [carb] Failed to create change watch for `/home/ubuntu/miniconda3/envs/m20_wzh/lib/python3.11/site-packages/isaacsim/exts/isaacsim.core.simulation_manager/isaacsim/core/simulation_manager/tests`: errno=28/No space left on device
2026-10-08T10:04:40Z [2,517ms] [Error] [carb] Failed to create change watch for `/home/ubuntu/miniconda3/envs/m20_wzh/lib/python3.11/site-packages/isaacsim/exts/isaacsim.core.simulation_manager/config`: errno=28/No space left on device
2026-10-08T10:04:40Z [2,518ms] [Error] [carb] Failed to create change watch for `/home/ubuntu/miniconda3/envs/m20_wzh/lib/python3.11/site-packages/isaacsim/extscache/omni.kit.stage_templates-2.0.0+69cbf6ad`: errno=28/No space left on device
2026-10-08T10:04:40Z [2,518ms] [Error] [carb] Failed to create change watch for `/home/ubuntu/miniconda3/envs/m20_wzh/lib/python3.11/site-packages/isaacsim/extscache/omni.kit.stage_templates-2.0.0+69cbf6ad/omni`: errno=28/No space left on device
2026-10-08T10:04:40Z [2,518ms] [Error] [carb] Failed to create change watch for `/home/ubuntu/miniconda3/envs/m20_wzh/lib/python3.11/site-packages/isaacsim/extscache/omni.kit.stage_templates-2.0.0+69cbf6ad/omni/kit`: errno=28/No space left on device
2026-10-08T10:04:40Z [2,518ms] [Error] [carb] Failed to create change watch for `/home/ubuntu/miniconda3/envs/m20_wzh/lib/python3.11/site-packages/isaacsim/extscache/omni.kit.stage_templates-2.0.0+69cbf6ad/omni/kit/stage_templates`: errno=28/No space left on device
2026-10-08T10:04:40Z [2,518ms] [Error] [carb] Failed to create change watch for `/home/ubuntu/miniconda3/envs/m20_wzh/lib/python3.11/site-packages/isaacsim/extscache/omni.kit.stage_templates-2.0.0+69cbf6ad/omni/kit/stage_templates/tests`: errno=28/No space left on device
2026-10-08T10:04:40Z [2,518ms] [Error] [carb] Failed to create change watch for `/home/ubuntu/miniconda3/envs/m20_wzh/lib/python3.11/site-packages/isaacsim/extscache/omni.kit.stage_templates-2.0.0+69cbf6ad/omni/kit/stage_templates/templates`: errno=28/No space left on device
2026-10-08T10:04:40Z [2,518ms] [Error] [carb] Failed to create change watch for `/home/ubuntu/miniconda3/envs/m20_wzh/lib/python3.11/site-packages/isaacsim/extscache/omni.kit.stage_templates-2.0.0+69cbf6ad/config`: errno=28/No space left on device
2026-10-08T10:04:40Z [2,531ms] [Error] [carb] Failed to create change watch for `/home/ubuntu/miniconda3/envs/m20_wzh/lib/python3.11/site-packages/isaacsim/exts/isaacsim.core.prims`: errno=28/No space left on device
2026-10-08T10:04:40Z [2,531ms] [Error] [carb] Failed to create change watch for `/home/ubuntu/miniconda3/envs/m20_wzh/lib/python3.11/site-packages/isaacsim/exts/isaacsim.core.prims/isaacsim`: errno=28/No space left on device
2026-10-08T10:04:40Z [2,531ms] [Error] [carb] Failed to create change watch for `/home/ubuntu/miniconda3/envs/m20_wzh/lib/python3.11/site-packages/isaacsim/exts/isaacsim.core.prims/isaacsim/core`: errno=28/No space left on device
2026-10-08T10:04:40Z [2,531ms] [Error] [carb] Failed to create change watch for `/home/ubuntu/miniconda3/envs/m20_wzh/lib/python3.11/site-packages/isaacsim/exts/isaacsim.core.prims/isaacsim/core/prims`: errno=28/No space left on device
2026-10-08T10:04:40Z [2,531ms] [Error] [carb] Failed to create change watch for `/home/ubuntu/miniconda3/envs/m20_wzh/lib/python3.11/site-packages/isaacsim/exts/isaacsim.core.prims/isaacsim/core/prims/impl`: errno=28/No space left on device
2026-10-08T10:04:40Z [2,531ms] [Error] [carb] Failed to create change watch for `/home/ubuntu/miniconda3/envs/m20_wzh/lib/python3.11/site-packages/isaacsim/exts/isaacsim.core.prims/isaacsim/core/prims/tests`: errno=28/No space left on device
2026-10-08T10:04:40Z [2,531ms] [Error] [carb] Failed to create change watch for `/home/ubuntu/miniconda3/envs/m20_wzh/lib/python3.11/site-packages/isaacsim/exts/isaacsim.core.prims/config`: errno=28/No space left on device
2026-10-08T10:04:40Z [2,537ms] [Error] [carb] Failed to create change watch for `/home/ubuntu/miniconda3/envs/m20_wzh/lib/python3.11/site-packages/isaacsim/exts/isaacsim.core.api`: errno=28/No space left on device
2026-10-08T10:04:40Z [2,537ms] [Error] [carb] Failed to create change watch for `/home/ubuntu/miniconda3/envs/m20_wzh/lib/python3.11/site-packages/isaacsim/exts/isaacsim.core.api/isaacsim`: errno=28/No space left on device
2026-10-08T10:04:40Z [2,537ms] [Error] [carb] Failed to create change watch for `/home/ubuntu/miniconda3/envs/m20_wzh/lib/python3.11/site-packages/isaacsim/exts/isaacsim.core.api/isaacsim/core`: errno=28/No space left on device
2026-10-08T10:04:40Z [2,537ms] [Error] [carb] Failed to create change watch for `/home/ubuntu/miniconda3/envs/m20_wzh/lib/python3.11/site-packages/isaacsim/exts/isaacsim.core.api/isaacsim/core/api`: errno=28/No space left on device
2026-10-08T10:04:40Z [2,537ms] [Error] [carb] Failed to create change watch for `/home/ubuntu/miniconda3/envs/m20_wzh/lib/python3.11/site-packages/isaacsim/exts/isaacsim.core.api/isaacsim/core/api/world`: errno=28/No space left on device
2026-10-08T10:04:40Z [2,537ms] [Error] [carb] Failed to create change watch for `/home/ubuntu/miniconda3/envs/m20_wzh/lib/python3.11/site-packages/isaacsim/exts/isaacsim.core.api/isaacsim/core/api/loggers`: errno=28/No space left on device
2026-10-08T10:04:40Z [2,537ms] [Error] [carb] Failed to create change watch for `/home/ubuntu/miniconda3/envs/m20_wzh/lib/python3.11/site-packages/isaacsim/exts/isaacsim.core.api/isaacsim/core/api/sensors`: errno=28/No space left on device
2026-10-08T10:04:40Z [2,537ms] [Error] [carb] Failed to create change watch for `/home/ubuntu/miniconda3/envs/m20_wzh/lib/python3.11/site-packages/isaacsim/exts/isaacsim.core.api/isaacsim/core/api/tasks`: errno=28/No space left on device
2026-10-08T10:04:40Z [2,537ms] [Error] [carb] Failed to create change watch for `/home/ubuntu/miniconda3/envs/m20_wzh/lib/python3.11/site-packages/isaacsim/exts/isaacsim.core.api/isaacsim/core/api/tests`: errno=28/No space left on device
2026-10-08T10:04:40Z [2,537ms] [Error] [carb] Failed to create change watch for `/home/ubuntu/miniconda3/envs/m20_wzh/lib/python3.11/site-packages/isaacsim/exts/isaacsim.core.api/isaacsim/core/api/tests/data`: errno=28/No space left on device
2026-10-08T10:04:40Z [2,537ms] [Error] [carb] Failed to create change watch for `/home/ubuntu/miniconda3/envs/m20_wzh/lib/python3.11/site-packages/isaacsim/exts/isaacsim.core.api/isaacsim/core/api/objects`: errno=28/No space left on device
2026-10-08T10:04:40Z [2,537ms] [Error] [carb] Failed to create change watch for `/home/ubuntu/miniconda3/envs/m20_wzh/lib/python3.11/site-packages/isaacsim/exts/isaacsim.core.api/isaacsim/core/api/controllers`: errno=28/No space left on device
2026-10-08T10:04:40Z [2,537ms] [Error] [carb] Failed to create change watch for `/home/ubuntu/miniconda3/envs/m20_wzh/lib/python3.11/site-packages/isaacsim/exts/isaacsim.core.api/isaacsim/core/api/robots`: errno=28/No space left on device
2026-10-08T10:04:40Z [2,537ms] [Error] [carb] Failed to create change watch for `/home/ubuntu/miniconda3/envs/m20_wzh/lib/python3.11/site-packages/isaacsim/exts/isaacsim.core.api/isaacsim/core/api/physics_context`: errno=28/No space left on device
2026-10-08T10:04:40Z [2,537ms] [Error] [carb] Failed to create change watch for `/home/ubuntu/miniconda3/envs/m20_wzh/lib/python3.11/site-packages/isaacsim/exts/isaacsim.core.api/isaacsim/core/api/scenes`: errno=28/No space left on device
2026-10-08T10:04:40Z [2,537ms] [Error] [carb] Failed to create change watch for `/home/ubuntu/miniconda3/envs/m20_wzh/lib/python3.11/site-packages/isaacsim/exts/isaacsim.core.api/isaacsim/core/api/materials`: errno=28/No space left on device
2026-10-08T10:04:40Z [2,537ms] [Error] [carb] Failed to create change watch for `/home/ubuntu/miniconda3/envs/m20_wzh/lib/python3.11/site-packages/isaacsim/exts/isaacsim.core.api/isaacsim/core/api/articulations`: errno=28/No space left on device
2026-10-08T10:04:40Z [2,537ms] [Error] [carb] Failed to create change watch for `/home/ubuntu/miniconda3/envs/m20_wzh/lib/python3.11/site-packages/isaacsim/exts/isaacsim.core.api/isaacsim/core/api/simulation_context`: errno=28/No space left on device
2026-10-08T10:04:40Z [2,537ms] [Error] [carb] Failed to create change watch for `/home/ubuntu/miniconda3/envs/m20_wzh/lib/python3.11/site-packages/isaacsim/exts/isaacsim.core.api/config`: errno=28/No space left on device
2026-10-08T10:04:40Z [2,538ms] [Error] [carb] Failed to create change watch for `/home/ubuntu/miniconda3/envs/m20_wzh/lib/python3.11/site-packages/isaacsim/extscache/omni.usd.metrics.assembler.ui-107.3.1+107.3.0.cp311.u353`: errno=28/No space left on device
2026-10-08T10:04:40Z [2,538ms] [Error] [carb] Failed to create change watch for `/home/ubuntu/miniconda3/envs/m20_wzh/lib/python3.11/site-packages/isaacsim/extscache/omni.usd.metrics.assembler.ui-107.3.1+107.3.0.cp311.u353/omni`: errno=28/No space left on device
2026-10-08T10:04:40Z [2,539ms] [Error] [carb] Failed to create change watch for `/home/ubuntu/miniconda3/envs/m20_wzh/lib/python3.11/site-packages/isaacsim/extscache/omni.usd.metrics.assembler.ui-107.3.1+107.3.0.cp311.u353/omni/metrics`: errno=28/No space left on device
2026-10-08T10:04:40Z [2,539ms] [Error] [carb] Failed to create change watch for `/home/ubuntu/miniconda3/envs/m20_wzh/lib/python3.11/site-packages/isaacsim/extscache/omni.usd.metrics.assembler.ui-107.3.1+107.3.0.cp311.u353/omni/metrics/assembler`: errno=28/No space left on device
2026-10-08T10:04:40Z [2,539ms] [Error] [carb] Failed to create change watch for `/home/ubuntu/miniconda3/envs/m20_wzh/lib/python3.11/site-packages/isaacsim/exts/omni.kit.loop-isaac`: errno=28/No space left on device
2026-10-08T10:04:40Z [2,539ms] [Error] [carb] Failed to create change watch for `/home/ubuntu/miniconda3/envs/m20_wzh/lib/python3.11/site-packages/isaacsim/exts/omni.kit.loop-isaac/omni`: errno=28/No space left on device
2026-10-08T10:04:40Z [2,539ms] [Error] [carb] Failed to create change watch for `/home/ubuntu/miniconda3/envs/m20_wzh/lib/python3.11/site-packages/isaacsim/exts/omni.kit.loop-isaac/omni/kit`: errno=28/No space left on device
2026-10-08T10:04:40Z [2,539ms] [Error] [carb] Failed to create change watch for `/home/ubuntu/miniconda3/envs/m20_wzh/lib/python3.11/site-packages/isaacsim/exts/omni.kit.loop-isaac/omni/kit/loop`: errno=28/No space left on device
2026-10-08T10:04:40Z [2,539ms] [Error] [carb] Failed to create change watch for `/home/ubuntu/miniconda3/envs/m20_wzh/lib/python3.11/site-packages/isaacsim/exts/omni.kit.loop-isaac/omni/kit/loop/tests`: errno=28/No space left on device
2026-10-08T10:04:40Z [2,539ms] [Error] [carb] Failed to create change watch for `/home/ubuntu/miniconda3/envs/m20_wzh/lib/python3.11/site-packages/isaacsim/exts/omni.kit.loop-isaac/config`: errno=28/No space left on device
2026-10-08T10:04:40Z [2,539ms] [Error] [carb] Failed to create change watch for `/home/ubuntu/miniconda3/envs/m20_wzh/lib/python3.11/site-packages/isaacsim/extscache/omni.usd.metrics.assembler.ui-107.3.1+107.3.0.cp311.u353/omni/metrics/assembler/ui`: errno=28/No space left on device
2026-10-08T10:04:40Z [2,539ms] [Error] [carb] Failed to create change watch for `/home/ubuntu/miniconda3/envs/m20_wzh/lib/python3.11/site-packages/isaacsim/extscache/omni.usd.metrics.assembler.ui-107.3.1+107.3.0.cp311.u353/omni/metrics/assembler/ui/tests`: errno=28/No space left on device
2026-10-08T10:04:40Z [2,540ms] [Error] [carb] Failed to create change watch for `/home/ubuntu/miniconda3/envs/m20_wzh/lib/python3.11/site-packages/isaacsim/extscache/omni.usd.metrics.assembler.ui-107.3.1+107.3.0.cp311.u353/config`: errno=28/No space left on device
2026-10-08T10:04:40Z [2,540ms] [Error] [carb] Failed to create change watch for `/home/ubuntu/miniconda3/envs/m20_wzh/lib/python3.11/site-packages/isaacsim/exts/isaacsim.core.cloner`: errno=28/No space left on device
2026-10-08T10:04:40Z [2,541ms] [Error] [carb] Failed to create change watch for `/home/ubuntu/miniconda3/envs/m20_wzh/lib/python3.11/site-packages/isaacsim/exts/isaacsim.core.cloner/isaacsim`: errno=28/No space left on device
2026-10-08T10:04:40Z [2,541ms] [Error] [carb] Failed to create change watch for `/home/ubuntu/miniconda3/envs/m20_wzh/lib/python3.11/site-packages/isaacsim/exts/isaacsim.core.cloner/isaacsim/core`: errno=28/No space left on device
2026-10-08T10:04:40Z [2,541ms] [Error] [carb] Failed to create change watch for `/home/ubuntu/miniconda3/envs/m20_wzh/lib/python3.11/site-packages/isaacsim/exts/isaacsim.core.cloner/isaacsim/core/cloner`: errno=28/No space left on device
2026-10-08T10:04:40Z [2,541ms] [Error] [carb] Failed to create change watch for `/home/ubuntu/miniconda3/envs/m20_wzh/lib/python3.11/site-packages/isaacsim/exts/isaacsim.core.cloner/isaacsim/core/cloner/impl`: errno=28/No space left on device
2026-10-08T10:04:40Z [2,541ms] [Error] [carb] Failed to create change watch for `/home/ubuntu/miniconda3/envs/m20_wzh/lib/python3.11/site-packages/isaacsim/exts/isaacsim.core.cloner/isaacsim/core/cloner/tests`: errno=28/No space left on device
2026-10-08T10:04:40Z [2,541ms] [Error] [carb] Failed to create change watch for `/home/ubuntu/miniconda3/envs/m20_wzh/lib/python3.11/site-packages/isaacsim/exts/isaacsim.core.cloner/isaacsim/core/cloner/tests/data`: errno=28/No space left on device
2026-10-08T10:04:40Z [2,541ms] [Error] [carb] Failed to create change watch for `/home/ubuntu/miniconda3/envs/m20_wzh/lib/python3.11/site-packages/isaacsim/exts/isaacsim.core.cloner/config`: errno=28/No space left on device
2026-10-08T10:04:40Z [2,542ms] [Error] [carb] Failed to create change watch for `/home/ubuntu/miniconda3/envs/m20_wzh/lib/python3.11/site-packages/isaacsim/extscache/omni.physx.fabric-107.3.26+107.3.3.lx64.r.cp311.u353`: errno=28/No space left on device
2026-10-08T10:04:40Z [2,542ms] [Error] [carb] Failed to create change watch for `/home/ubuntu/miniconda3/envs/m20_wzh/lib/python3.11/site-packages/isaacsim/extscache/omni.physx.fabric-107.3.26+107.3.3.lx64.r.cp311.u353/omni`: errno=28/No space left on device
2026-10-08T10:04:40Z [2,543ms] [Error] [carb] Failed to create change watch for `/home/ubuntu/miniconda3/envs/m20_wzh/lib/python3.11/site-packages/isaacsim/extscache/omni.physx.fabric-107.3.26+107.3.3.lx64.r.cp311.u353/omni/physxfabric`: errno=28/No space left on device
2026-10-08T10:04:40Z [2,543ms] [Error] [carb] Failed to create change watch for `/home/ubuntu/miniconda3/envs/m20_wzh/lib/python3.11/site-packages/isaacsim/extscache/omni.physx.fabric-107.3.26+107.3.3.lx64.r.cp311.u353/omni/physxfabric/scripts`: errno=28/No space left on device
2026-10-08T10:04:40Z [2,543ms] [Error] [carb] Failed to create change watch for `/home/ubuntu/miniconda3/envs/m20_wzh/lib/python3.11/site-packages/isaacsim/extscache/omni.physx.fabric-107.3.26+107.3.3.lx64.r.cp311.u353/omni/physxfabric/tests`: errno=28/No space left on device
2026-10-08T10:04:40Z [2,543ms] [Error] [carb] Failed to create change watch for `/home/ubuntu/miniconda3/envs/m20_wzh/lib/python3.11/site-packages/isaacsim/extscache/omni.physx.fabric-107.3.26+107.3.3.lx64.r.cp311.u353/omni/physxfabric/bindings`: errno=28/No space left on device
2026-10-08T10:04:40Z [2,543ms] [Error] [carb] Failed to create change watch for `/home/ubuntu/miniconda3/envs/m20_wzh/lib/python3.11/site-packages/isaacsim/extscache/omni.physx.fabric-107.3.26+107.3.3.lx64.r.cp311.u353/config`: errno=28/No space left on device
MESA: warning: Driver does not support the 0x7d67 PCI ID.
MESA: warning: Driver does not support the 0x7d67 PCI ID.
[INFO][AppLauncher]: Using device: cuda:0
[INFO][AppLauncher]: Loading experience file: /home/ubuntu/xyproject/m20_wzh/IsaacLab/apps/isaaclab.python.headless.kit
[INFO]: Parsing configuration from: rl_training.tasks.manager_based.locomotion.velocity.config.wheeled.deeprobotics_m20.stair_teacher_env_cfg:DeeproboticsM20StairTeacherEnvCfg
[INFO]: Parsing configuration from: rl_training.tasks.manager_based.locomotion.velocity.config.wheeled.deeprobotics_m20.agents.stair_teacher_ppo_cfg:DeeproboticsM20StairTeacherPPORunnerCfg
[INFO] Logging experiment in directory: /home/ubuntu/cyq_shixi_projects/rl_training/logs/rsl_rl/deeprobotics_m20_stair_teacher
Exact experiment name requested from command line: 2026-10-08_18-04-44

[36m======================================================================================[0m
[36m[1m[INFO][IsaacLab]: Logging to file: /tmp/isaaclab/logs/isaaclab_2026-10-08_18-04-44.log[0m
[36m======================================================================================[0m

[33m18:04:44 [simulation_context.py] WARNING: The `enable_external_forces_every_iteration` parameter in the PhysxCfg is set to False. If you are experiencing noisy velocities, consider enabling this flag. You may need to slightly increase the number of velocity iterations (setting it to 1 or 2 rather than 0), together with this flag, to improve the accuracy of velocity updates.[0m
[INFO]: Base environment:
	Environment device    : cuda:0
	Environment seed      : 42
	Physics step-size     : 0.005
	Rendering step-size   : 0.02
	Environment step-size : 0.02
[INFO] Generating terrains based on curriculum took : 0.198820 seconds
[INFO]: Time taken for scene creation : 0.405556 seconds
[INFO]: Scene manager:  <class InteractiveScene>
	Number of environments: 64
	Environment spacing   : 2.5
	Source prim name      : /World/envs/env_0
	Global prim paths     : ['/World/ground']
	Replicate physics     : True
[INFO]: Starting the simulation. This may take a few seconds. Please wait...
[INFO]: Time taken for simulation start : 0.517824 seconds
[INFO] Command Manager:  <CommandManager> contains 1 active terms.
+-----------------------------------------------------+
|                 Active Command Terms                |
+-------+---------------+-----------------------------+
| Index | Name          |             Type            |
+-------+---------------+-----------------------------+
|   0   | base_velocity | StairTeacherVelocityCommand |
+-------+---------------+-----------------------------+

[INFO] Event Manager:  <EventManager> contains 3 active terms.
+----------------------------------------+
| Active Event Terms in Mode: 'startup'  |
+-------+--------------------------------+
| Index | Name                           |
+-------+--------------------------------+
|   0   | randomize_rigid_body_material  |
|   1   | randomize_rigid_body_mass      |
|   2   | randomize_rigid_body_mass_base |
|   3   | randomize_rigid_body_inertia   |
|   4   | randomize_com_positions        |
+-------+--------------------------------+
+-----------------------------------------------+
|      Active Event Terms in Mode: 'reset'      |
+-------+---------------------------------------+
| Index | Name                                  |
+-------+---------------------------------------+
|   0   | randomize_apply_external_force_torque |
|   1   | randomize_reset_joints                |
|   2   | randomize_actuator_gains              |
|   3   | randomize_reset_base                  |
+-------+---------------------------------------+
+--------------------------------------------------------+
|         Active Event Terms in Mode: 'interval'         |
+-------+----------------------+-------------------------+
| Index | Name                 | Interval time range (s) |
+-------+----------------------+-------------------------+
|   0   | randomize_push_robot |       (10.0, 15.0)      |
+-------+----------------------+-------------------------+

[INFO] Recorder Manager:  <RecorderManager> contains 0 active terms.
+---------------------+
| Active Recorder Terms |
+-----------+---------+
|   Index   | Name    |
+-----------+---------+
+-----------+---------+

[INFO] Action Manager:  <ActionManager> contains 2 active terms.
+------------------------------------+
|  Active Action Terms (shape: 16)   |
+--------+-------------+-------------+
| Index  | Name        |   Dimension |
+--------+-------------+-------------+
|   0    | joint_pos   |          12 |
|   1    | joint_vel   |           4 |
+--------+-------------+-------------+

[INFO] Observation Manager: <ObservationManager> contains 2 groups.
+----------------------------------------------------------+
| Active Observation Terms in Group: 'policy' (shape: (244,)) |
+-----------+--------------------------------+-------------+
|   Index   | Name                           |    Shape    |
+-----------+--------------------------------+-------------+
|     0     | base_ang_vel                   |     (3,)    |
|     1     | projected_gravity              |     (3,)    |
|     2     | velocity_commands              |     (3,)    |
|     3     | joint_pos                      |    (16,)    |
|     4     | joint_vel                      |    (16,)    |
|     5     | actions                        |    (16,)    |
|     6     | height_scan                    |    (187,)   |
+-----------+--------------------------------+-------------+
+--------------------------------------------------------------+
| Active Observation Terms in Group: 'critic' (shape: (285,))  |
+---------+-----------------------------------------+----------+
|  Index  | Name                                    |  Shape   |
+---------+-----------------------------------------+----------+
|    0    | base_lin_vel                            |   (3,)   |
|    1    | base_ang_vel                            |   (3,)   |
|    2    | projected_gravity                       |   (3,)   |
|    3    | velocity_commands                       |   (3,)   |
|    4    | joint_pos                               |  (16,)   |
|    5    | joint_vel                               |  (16,)   |
|    6    | actions                                 |  (16,)   |
|    7    | height_scan                             |  (187,)  |
|    8    | joint_acceleration                      |  (16,)   |
|    9    | applied_torque                          |  (16,)   |
|    10   | wheel_contact_force_magnitude           |   (4,)   |
|    11   | material_friction                       |   (2,)   |
+---------+-----------------------------------------+----------+

[INFO] Termination Manager:  <TerminationManager> contains 3 active terms.
+------------------------------------------+
|         Active Termination Terms         |
+-------+-----------------------+----------+
| Index | Name                  | Time Out |
+-------+-----------------------+----------+
|   0   | time_out              |   True   |
|   1   | terrain_out_of_bounds |   True   |
|   2   | bad_orientation_2     |  False   |
+-------+-----------------------+----------+

[INFO] Reward Manager:  <RewardManager> contains 51 active terms.
+-----------------------------------------------------------+
|                    Active Reward Terms                    |
+-------+----------------------------------------+----------+
| Index | Name                                   |   Weight |
+-------+----------------------------------------+----------+
|   0   | lin_vel_z_l2                           |     -2.0 |
|   1   | ang_vel_xy_l2                          |    -0.02 |
|   2   | joint_torques_l2                       | -2.5e-05 |
|   3   | joint_acc_l2                           |   -2e-07 |
|   4   | hipx_joint_pos_penalty                 |     -3.0 |
|   5   | hipy_joint_pos_penalty                 |     -1.5 |
|   6   | knee_joint_pos_penalty                 |    -0.75 |
|   7   | joint_mirror                           |    -0.03 |
|   8   | action_rate_l2                         |    -0.01 |
|   9   | action_smooth_l2                       |   -0.025 |
|   10  | undesired_contacts                     |     -1.0 |
|   11  | contact_forces                         | -0.00015 |
|   12  | track_lin_vel_xy_exp                   |      5.0 |
|   13  | track_ang_vel_z_exp                    |      3.0 |
|   14  | feet_air_time_ang_z_M20                |     50.0 |
|   15  | feet_slide_ang_z_cmd                   |     -2.0 |
|   16  | stand_still                            |     -1.0 |
|   17  | rotation_gait_status                   |      1.0 |
|   18  | rotation_gait_symmetry                 |      2.0 |
|   19  | bad_orientation_penalty                |  -1000.0 |
|   20  | joint_acc_wheel_l2                     |   -1e-07 |
|   21  | stair_orientation_cost                 |     -1.0 |
|   22  | stair_forward_progress                 |      1.0 |
|   23  | stair_front_wheel_lift                 |      0.5 |
|   24  | stair_forward_motion_cost              |     -2.0 |
|   25  | stair_ascent_direction_cost            |     -2.0 |
|   26  | stair_front_wheel_touchdown            |     0.25 |
|   27  | stair_front_single_support             |      0.1 |
|   28  | stair_diagonal_support_symmetry        |     0.05 |
|   29  | stair_front_alternation                |     0.25 |
|   30  | stair_up_step_completion               |      3.0 |
|   31  | stair_up_task_crossing                 |      2.0 |
|   32  | stair_up_rear_step_completion          |      3.0 |
|   33  | stair_rear_wheel_lift                  |      0.5 |
|   34  | stair_descent_rear_forward_cost        |     -2.0 |
|   35  | stair_ascent_front_body_clearance_cost |     -1.0 |
|   36  | stair_up_order_violation_cost          |     -0.5 |
|   37  | stair_up_same_tread_cost               |     -1.5 |
|   38  | stair_up_same_tread_dwell_cost         |     -0.2 |
|   39  | stair_descent_rear_fold_cost           |     -1.0 |
|   40  | stair_ascent_front_fold_cost           |     -1.0 |
|   41  | turn_swing_size_cost                   |     -1.0 |
|   42  | stair_down_step_completion             |      3.0 |
|   43  | stair_front_riser_face_cost            |     -0.5 |
|   44  | stair_descent_rear_support             |     0.35 |
|   45  | stair_impact_cost                      |     -0.2 |
|   46  | stair_non_wheel_contact_cost           |     -0.2 |
|   47  | stair_non_wheel_scrape_cost            |     -0.1 |
|   48  | stair_joint_effort_cost                |     -0.1 |
|   49  | stair_joint_acceleration_cost          |    -0.02 |
|   50  | stair_mechanical_power_cost            |     -0.1 |
+-------+----------------------------------------+----------+
/home/ubuntu/miniconda3/envs/m20_wzh/lib/python3.11/site-packages/rsl_rl/utils/utils.py:220: UserWarning: The observation configuration dictionary 'obs_groups' is empty and thus likely not configured. Consider configuring the 'obs_groups' dictionary explicitly
  warnings.warn(
/home/ubuntu/miniconda3/envs/m20_wzh/lib/python3.11/site-packages/rsl_rl/utils/utils.py:251: UserWarning: The observation configuration dictionary 'obs_groups' does not contain the 'actor' key. As an observation group with the name 'policy' was found, this is assumed to be the appropriate observation. Consider adding the 'actor' key to the 'obs_groups' dictionary for clarity. This behavior will be removed in a future version.
  warnings.warn(
/home/ubuntu/miniconda3/envs/m20_wzh/lib/python3.11/site-packages/rsl_rl/utils/utils.py:243: UserWarning: The observation configuration dictionary 'obs_groups' does not contain the 'critic' key. As an observation group with the name 'critic' was found, this is assumed to be the appropriate observation. Consider adding the 'critic' key to the 'obs_groups' dictionary for clarity. This behavior will be removed in a future version.
  warnings.warn(

[INFO] Curriculum Manager:  <CurriculumManager> contains 13 active terms.
+--------------------------------------------+
|          Active Curriculum Terms           |
+-------+------------------------------------+
| Index | Name                               |
+-------+------------------------------------+
|   0   | terrain_levels                     |
|   1   | gait_level                         |
|   2   | step_completion                    |
|   3   | gait_quality                       |
|   4   | ascent_direction                   |
|   5   | terrain_level_overall              |
|   6   | terrain_level_pyramid_stairs       |
|   7   | terrain_level_pyramid_stairs_inv   |
|   8   | terrain_level_boxes                |
|   9   | terrain_level_random_rough         |
|   10  | terrain_level_hf_pyramid_slope     |
|   11  | terrain_level_hf_pyramid_slope_inv |
|   12  | terrain_level_flat                 |
+-------+------------------------------------+

[INFO]: Completed setting up the environment...
--------------------------------------------------------------------------------
Resolved observation sets: 
	 actor :  ['policy']
	 critic :  ['critic']
--------------------------------------------------------------------------------
Actor Model: MLPModel(
  (obs_normalizer): Identity()
  (distribution): GaussianDistribution()
  (mlp): MLP(
    (0): Linear(in_features=244, out_features=512, bias=True)
    (1): ELU(alpha=1.0)
    (2): Linear(in_features=512, out_features=256, bias=True)
    (3): ELU(alpha=1.0)
    (4): Linear(in_features=256, out_features=128, bias=True)
    (5): ELU(alpha=1.0)
    (6): Linear(in_features=128, out_features=16, bias=True)
  )
)
Critic Model: MLPModel(
  (obs_normalizer): Identity()
  (mlp): MLP(
    (0): Linear(in_features=285, out_features=512, bias=True)
    (1): ELU(alpha=1.0)
    (2): Linear(in_features=512, out_features=256, bias=True)
    (3): ELU(alpha=1.0)
    (4): Linear(in_features=256, out_features=128, bias=True)
    (5): ELU(alpha=1.0)
    (6): Linear(in_features=128, out_features=1, bias=True)
  )
)
[INFO]: Initialized actor only from: /home/ubuntu/cyq_shixi_projects/rl_training/logs/rsl_rl/deeprobotics_m20_stair_teacher/2026-10-06_22-06-56_stair_resume/model_199998.pt
[INFO]: Initialized critic weights (fresh optimizer) from: /home/ubuntu/cyq_shixi_projects/rl_training/logs/rsl_rl/deeprobotics_m20_stair_teacher/2026-10-06_22-06-56_stair_resume/model_199998.pt
[INFO]: Frozen task preservation actor from: logs/rsl_rl/deeprobotics_m20_stair_teacher/2026-10-06_22-06-56_stair_resume/model_199998.pt
Could not find git repository in /home/ubuntu/miniconda3/envs/m20_wzh/lib/python3.11/site-packages/rsl_rl/__init__.py. Skipping.
Storing git diff for 'rl_training' in: /home/ubuntu/cyq_shixi_projects/rl_training/logs/rsl_rl/deeprobotics_m20_stair_teacher/2026-10-08_18-04-44_preservation_smoke/git/rl_training.diff
################################################################################
[1m                            Learning iteration 0/55                             [0m 

                               Run name: preservation_smoke
                            Total steps: 1536 
                       Steps per second: 447 
                        Collection time: 3.347s 
                          Learning time: 0.082s 
                        Mean value loss: 0.1743
                    Mean surrogate loss: -0.0000
                      Mean entropy loss: 6.2641
                       Mean anchor loss: 0.0000
                Mean critic_warmup loss: 1.0000
                            Mean reward: 2.51
                    Mean episode length: 23.00
                        Mean action std: 0.37
            Episode_Reward/lin_vel_z_l2: -0.0001
           Episode_Reward/ang_vel_xy_l2: -0.0000
        Episode_Reward/joint_torques_l2: 0.0000
            Episode_Reward/joint_acc_l2: -0.0001
  Episode_Reward/hipx_joint_pos_penalty: -0.0008
  Episode_Reward/hipy_joint_pos_penalty: -0.0004
  Episode_Reward/knee_joint_pos_penalty: -0.0004
            Episode_Reward/joint_mirror: 0.0000
          Episode_Reward/action_rate_l2: 0.0000
        Episode_Reward/action_smooth_l2: 0.0000
      Episode_Reward/undesired_contacts: 0.0000
          Episode_Reward/contact_forces: 0.0000
    Episode_Reward/track_lin_vel_xy_exp: 0.0076
     Episode_Reward/track_ang_vel_z_exp: 0.0048
 Episode_Reward/feet_air_time_ang_z_M20: 0.0000
    Episode_Reward/feet_slide_ang_z_cmd: 0.0000
             Episode_Reward/stand_still: 0.0000
    Episode_Reward/rotation_gait_status: 0.0000
  Episode_Reward/rotation_gait_symmetry: 0.0000
 Episode_Reward/bad_orientation_penalty: 0.0000
      Episode_Reward/joint_acc_wheel_l2: -0.0001
  Episode_Reward/stair_orientation_cost: -0.0001
  Episode_Reward/stair_forward_progress: 0.0000
  Episode_Reward/stair_front_wheel_lift: 0.0000
Episode_Reward/stair_forward_motion_cost: 0.0000
Episode_Reward/stair_ascent_direction_cost: 0.0000
Episode_Reward/stair_front_wheel_touchdown: 0.0000
Episode_Reward/stair_front_single_support: 0.0000
Episode_Reward/stair_diagonal_support_symmetry: 0.0000
 Episode_Reward/stair_front_alternation: 0.0000
Episode_Reward/stair_up_step_completion: 0.0000
  Episode_Reward/stair_up_task_crossing: 0.0000
Episode_Reward/stair_up_rear_step_completion: 0.0000
   Episode_Reward/stair_rear_wheel_lift: 0.0000
Episode_Reward/stair_descent_rear_forward_cost: 0.0000
Episode_Reward/stair_ascent_front_body_clearance_cost: 0.0000
Episode_Reward/stair_up_order_violation_cost: 0.0000
Episode_Reward/stair_up_same_tread_cost: 0.0000
Episode_Reward/stair_up_same_tread_dwell_cost: 0.0000
Episode_Reward/stair_descent_rear_fold_cost: 0.0000
Episode_Reward/stair_ascent_front_fold_cost: 0.0000
    Episode_Reward/turn_swing_size_cost: 0.0000
Episode_Reward/stair_down_step_completion: 0.0000
Episode_Reward/stair_front_riser_face_cost: 0.0000
Episode_Reward/stair_descent_rear_support: 0.0000
       Episode_Reward/stair_impact_cost: 0.0000
Episode_Reward/stair_non_wheel_contact_cost: 0.0000
Episode_Reward/stair_non_wheel_scrape_cost: 0.0000
 Episode_Reward/stair_joint_effort_cost: 0.0000
Episode_Reward/stair_joint_acceleration_cost: 0.0000
Episode_Reward/stair_mechanical_power_cost: 0.0000
              Curriculum/terrain_levels: 0.0000
                  Curriculum/gait_level: 0.0000
 Curriculum/step_completion/up_attempts: 0.0000
Curriculum/step_completion/up_successes: 0.0000
Curriculum/step_completion/up_success_rate: 0.0000
Curriculum/step_completion/up_rear_successes: 0.0000
Curriculum/step_completion/up_front_violations: 0.0000
Curriculum/step_completion/up_rear_violations: 0.0000
Curriculum/step_completion/down_attempts: 0.0000
Curriculum/step_completion/down_successes: 0.0000
Curriculum/step_completion/down_success_rate: 0.0000
Curriculum/step_completion/forward_gate_fraction: 0.0000
Curriculum/step_completion/nearby_gate_fraction: 0.0000
        Curriculum/gait_quality/samples: 0.0000
    Curriculum/ascent_direction/samples: 0.0000
       Curriculum/terrain_level_overall: 0.0000
Curriculum/terrain_level_pyramid_stairs: 0.0000
Curriculum/terrain_level_pyramid_stairs_inv: 0.0000
         Curriculum/terrain_level_boxes: 0.0000
  Curriculum/terrain_level_random_rough: 0.0000
Curriculum/terrain_level_hf_pyramid_slope: 0.0000
Curriculum/terrain_level_hf_pyramid_slope_inv: 0.0000
          Curriculum/terrain_level_flat: 0.0000
     Metrics/base_velocity/error_vel_xy: 0.0012
    Metrics/base_velocity/error_vel_yaw: 0.0010
           Metrics/base_velocity/base_z: -0.0352
         Metrics/base_velocity/knee_pos: 0.0225
           Episode_Termination/time_out: 0.0013
Episode_Termination/terrain_out_of_bounds: 0.0000
  Episode_Termination/bad_orientation_2: 0.0000
--------------------------------------------------------------------------------
                         Iteration time: 3.43s
                           Time elapsed: 00:00:03
                                    ETA: 00:03:05

################################################################################
[1m                            Learning iteration 1/55                             [0m 

                               Run name: preservation_smoke
                            Total steps: 3072 
                       Steps per second: 568 
                        Collection time: 2.665s 
                          Learning time: 0.037s 
                        Mean value loss: 0.3130
                    Mean surrogate loss: 0.0000
                      Mean entropy loss: 6.2641
                       Mean anchor loss: 0.0000
                Mean critic_warmup loss: 1.0000
                            Mean reward: 2.51
                    Mean episode length: 23.00
                        Mean action std: 0.37
            Episode_Reward/lin_vel_z_l2: -0.0010
           Episode_Reward/ang_vel_xy_l2: -0.0005
        Episode_Reward/joint_torques_l2: 0.0000
            Episode_Reward/joint_acc_l2: -0.0017
  Episode_Reward/hipx_joint_pos_penalty: -0.0091
  Episode_Reward/hipy_joint_pos_penalty: -0.0046
  Episode_Reward/knee_joint_pos_penalty: -0.0045
            Episode_Reward/joint_mirror: 0.0000
          Episode_Reward/action_rate_l2: 0.0000
        Episode_Reward/action_smooth_l2: 0.0000
      Episode_Reward/undesired_contacts: 0.0000
          Episode_Reward/contact_forces: 0.0000
    Episode_Reward/track_lin_vel_xy_exp: 0.0907
     Episode_Reward/track_ang_vel_z_exp: 0.0581
 Episode_Reward/feet_air_time_ang_z_M20: 0.0000
    Episode_Reward/feet_slide_ang_z_cmd: 0.0000
             Episode_Reward/stand_still: 0.0000
    Episode_Reward/rotation_gait_status: 0.0000
  Episode_Reward/rotation_gait_symmetry: 0.0000
 Episode_Reward/bad_orientation_penalty: 0.0000
      Episode_Reward/joint_acc_wheel_l2: -0.0009
  Episode_Reward/stair_orientation_cost: -0.0010
  Episode_Reward/stair_forward_progress: 0.0000
  Episode_Reward/stair_front_wheel_lift: 0.0000
Episode_Reward/stair_forward_motion_cost: 0.0000
Episode_Reward/stair_ascent_direction_cost: 0.0000
Episode_Reward/stair_front_wheel_touchdown: 0.0000
Episode_Reward/stair_front_single_support: 0.0000
Episode_Reward/stair_diagonal_support_symmetry: 0.0000
 Episode_Reward/stair_front_alternation: 0.0000
Episode_Reward/stair_up_step_completion: 0.0000
  Episode_Reward/stair_up_task_crossing: 0.0000
Episode_Reward/stair_up_rear_step_completion: 0.0000
   Episode_Reward/stair_rear_wheel_lift: 0.0000
Episode_Reward/stair_descent_rear_forward_cost: 0.0000
Episode_Reward/stair_ascent_front_body_clearance_cost: 0.0000
Episode_Reward/stair_up_order_violation_cost: 0.0000
Episode_Reward/stair_up_same_tread_cost: 0.0000
Episode_Reward/stair_up_same_tread_dwell_cost: 0.0000
Episode_Reward/stair_descent_rear_fold_cost: 0.0000
Episode_Reward/stair_ascent_front_fold_cost: 0.0000
    Episode_Reward/turn_swing_size_cost: 0.0000
Episode_Reward/stair_down_step_completion: 0.0000
Episode_Reward/stair_front_riser_face_cost: 0.0000
Episode_Reward/stair_descent_rear_support: 0.0000
       Episode_Reward/stair_impact_cost: 0.0000
Episode_Reward/stair_non_wheel_contact_cost: 0.0000
Episode_Reward/stair_non_wheel_scrape_cost: 0.0000
 Episode_Reward/stair_joint_effort_cost: 0.0000
Episode_Reward/stair_joint_acceleration_cost: 0.0000
Episode_Reward/stair_mechanical_power_cost: 0.0000
              Curriculum/terrain_levels: 0.0000
                  Curriculum/gait_level: 0.0000
 Curriculum/step_completion/up_attempts: 0.0000
Curriculum/step_completion/up_successes: 0.0000
Curriculum/step_completion/up_success_rate: 0.0000
Curriculum/step_completion/up_rear_successes: 0.0000
Curriculum/step_completion/up_front_violations: 0.0000
Curriculum/step_completion/up_rear_violations: 0.0000
Curriculum/step_completion/up_front_same_tread_events: 0.0000
Curriculum/step_completion/up_front_same_tread_dwell_s: 0.0000
Curriculum/step_completion/up_rear_same_tread_events: 0.0000
Curriculum/step_completion/up_rear_same_tread_dwell_s: 0.0000
Curriculum/step_completion/up_targets_started: 0.0000
Curriculum/step_completion/up_lift_credit: 0.0000
  Curriculum/step_completion/up_retries: 0.0000
Curriculum/step_completion/up_abandoned_targets: 0.0000
Curriculum/step_completion/up_retreat_fraction: 0.0000
Curriculum/step_completion/up_stationary_fraction: 0.0000
Curriculum/step_completion/down_attempts: 0.0000
Curriculum/step_completion/down_successes: 0.0000
Curriculum/step_completion/down_success_rate: 0.0000
Curriculum/step_completion/forward_gate_fraction: 0.0000
Curriculum/step_completion/nearby_gate_fraction: 0.0000
Curriculum/step_completion/registered_risers: 0.0000
Curriculum/step_completion/up_whole_body_crossings: 0.0000
Curriculum/step_completion/up_whole_body_crossing_coverage: 0.0000
Curriculum/step_completion/up_front_registered_intermediate_risers: 0.0000
Curriculum/step_completion/up_front_landing_coverage: 0.0000
Curriculum/step_completion/up_front_strict_coverage: 0.0000
Curriculum/step_completion/up_front_physical_landings: 0.0000
Curriculum/step_completion/up_front_transition_successes: 0.0000
Curriculum/step_completion/up_front_skipped_riser_events: 0.0000
Curriculum/step_completion/up_front_unsafe_events: 0.0000
Curriculum/step_completion/up_front_skip_fraction: 0.0000
Curriculum/step_completion/up_front_visited_intermediate_risers: 0.0000
Curriculum/step_completion/up_front_same_tread_fraction: 0.0000
Curriculum/step_completion/up_front_longest_strict_run: 0.0000
Curriculum/step_completion/up_front_six_step_strict_fraction: 0.0000
Curriculum/step_completion/fl_stable_treads: 0.0000
Curriculum/step_completion/fr_stable_treads: 0.0000
Curriculum/step_completion/up_rear_registered_intermediate_risers: 0.0000
Curriculum/step_completion/up_rear_landing_coverage: 0.0000
Curriculum/step_completion/up_rear_strict_coverage: 0.0000
Curriculum/step_completion/up_rear_physical_landings: 0.0000
Curriculum/step_completion/up_rear_transition_successes: 0.0000
Curriculum/step_completion/up_rear_skipped_riser_events: 0.0000
Curriculum/step_completion/up_rear_unsafe_events: 0.0000
Curriculum/step_completion/up_rear_skip_fraction: 0.0000
Curriculum/step_completion/up_rear_visited_intermediate_risers: 0.0000
Curriculum/step_completion/up_rear_same_tread_fraction: 0.0000
Curriculum/step_completion/up_rear_longest_strict_run: 0.0000
Curriculum/step_completion/up_rear_six_step_strict_fraction: 0.0000
Curriculum/step_completion/hl_stable_treads: 0.0000
Curriculum/step_completion/hr_stable_treads: 0.0000
Curriculum/step_completion/up_rear_lift_credit: 0.0000
   Curriculum/gait_quality/turn_samples: 0.0000
Curriculum/gait_quality/descent_samples: 0.0000
Curriculum/gait_quality/rear_support_samples: 0.0000
Curriculum/gait_quality/turn_clearance_mean_m: 0.0000
Curriculum/gait_quality/turn_reach_mean_m: 0.0000
Curriculum/gait_quality/turn_yaw_error_mean: 0.0000
Curriculum/gait_quality/rear_extension_mean_m: 0.0000
Curriculum/gait_quality/rear_fold_support_fraction: 0.0000
 Curriculum/gait_quality/ascent_samples: 0.0000
Curriculum/gait_quality/front_support_samples: 0.0000
Curriculum/gait_quality/front_extension_mean_m: 0.0000
Curriculum/gait_quality/front_knee_abs_mean_rad: 0.0000
Curriculum/gait_quality/front_fold_support_fraction: 0.0000
Curriculum/gait_quality/front_swing_samples: 0.0000
Curriculum/gait_quality/front_extreme_swing_fold_fraction: 0.0000
Curriculum/gait_quality/front_loaded_a_mean_deg: 0.0000
Curriculum/gait_quality/front_loaded_a_low_fraction: 0.0000
Curriculum/gait_quality/front_loaded_a_min_deg: 0.0000
Curriculum/gait_quality/fl_loaded_samples: 0.0000
Curriculum/gait_quality/fl_loaded_a_mean_deg: 0.0000
Curriculum/gait_quality/fl_loaded_a_low_fraction: 0.0000
Curriculum/gait_quality/fr_loaded_samples: 0.0000
Curriculum/gait_quality/fr_loaded_a_mean_deg: 0.0000
Curriculum/gait_quality/fr_loaded_a_low_fraction: 0.0000
Curriculum/gait_quality/front_swing_a_mean_deg: 0.0000
Curriculum/gait_quality/front_swing_a_low_fraction: 0.0000
Curriculum/gait_quality/front_swing_a_min_deg: 0.0000
Curriculum/gait_quality/fl_swing_samples: 0.0000
Curriculum/gait_quality/fl_swing_a_mean_deg: 0.0000
Curriculum/gait_quality/fl_swing_a_low_fraction: 0.0000
Curriculum/gait_quality/fr_swing_samples: 0.0000
Curriculum/gait_quality/fr_swing_a_mean_deg: 0.0000
Curriculum/gait_quality/fr_swing_a_low_fraction: 0.0000
Curriculum/gait_quality/rear_forward_samples: 0.0000
Curriculum/gait_quality/rear_forward_excess_fraction: 0.0000
Curriculum/gait_quality/rear_body_b_mean_deg: 0.0000
Curriculum/gait_quality/rear_gravity_g_mean_deg: 0.0000
 Curriculum/gait_quality/rear_b_max_deg: 0.0000
 Curriculum/gait_quality/rear_g_max_deg: 0.0000
Curriculum/gait_quality/hl_loaded_samples: 0.0000
Curriculum/gait_quality/hl_body_b_mean_deg: 0.0000
Curriculum/gait_quality/hl_gravity_g_mean_deg: 0.0000
Curriculum/gait_quality/hl_forward_excess_fraction: 0.0000
Curriculum/gait_quality/hr_loaded_samples: 0.0000
Curriculum/gait_quality/hr_body_b_mean_deg: 0.0000
Curriculum/gait_quality/hr_gravity_g_mean_deg: 0.0000
Curriculum/gait_quality/hr_forward_excess_fraction: 0.0000
Curriculum/gait_quality/rear_entry_samples: 0.0000
Curriculum/gait_quality/rear_entry_b_mean_deg: 0.0000
Curriculum/gait_quality/rear_entry_g_mean_deg: 0.0000
Curriculum/gait_quality/front_body_gap_samples: 0.0000
Curriculum/gait_quality/front_body_gap_mean_m: 0.0000
Curriculum/gait_quality/front_body_gap_low_fraction: 0.0000
Curriculum/gait_quality/loaded_without_local_map_samples: 0.0000
    Curriculum/ascent_direction/samples: 0.0000
Curriculum/ascent_direction/lateral_error_mean_m: 0.0000
Curriculum/ascent_direction/lateral_error_max_m: 0.0000
Curriculum/ascent_direction/lateral_speed_mean_m_s: 0.0000
Curriculum/ascent_direction/heading_error_mean_deg: 0.0000
Curriculum/ascent_direction/outside_tolerance_fraction: 0.0000
  Curriculum/ascent_direction/cost_mean: 0.0000
       Curriculum/terrain_level_overall: 0.0000
Curriculum/terrain_level_pyramid_stairs: 0.0000
Curriculum/terrain_level_pyramid_stairs_inv: 0.0000
         Curriculum/terrain_level_boxes: 0.0000
  Curriculum/terrain_level_random_rough: 0.0000
Curriculum/terrain_level_hf_pyramid_slope: 0.0000
Curriculum/terrain_level_hf_pyramid_slope_inv: 0.0000
          Curriculum/terrain_level_flat: 0.0000
     Metrics/base_velocity/error_vel_xy: 0.0138
    Metrics/base_velocity/error_vel_yaw: 0.0119
           Metrics/base_velocity/base_z: -0.4221
         Metrics/base_velocity/knee_pos: 0.2697
           Episode_Termination/time_out: 0.0156
Episode_Termination/terrain_out_of_bounds: 0.0000
  Episode_Termination/bad_orientation_2: 0.0000
--------------------------------------------------------------------------------
                         Iteration time: 2.70s
                           Time elapsed: 00:00:06
                                    ETA: 00:02:42

################################################################################
[1m                            Learning iteration 2/55                             [0m 

                               Run name: preservation_smoke
                            Total steps: 4608 
                       Steps per second: 516 
                        Collection time: 2.927s 
                          Learning time: 0.048s 
                        Mean value loss: 0.2868
                    Mean surrogate loss: -0.0000
                      Mean entropy loss: 6.2641
                       Mean anchor loss: 0.0000
                Mean critic_warmup loss: 1.0000
                            Mean reward: 3.97
                    Mean episode length: 37.00
                        Mean action std: 0.37
            Episode_Reward/lin_vel_z_l2: -0.0014
           Episode_Reward/ang_vel_xy_l2: -0.0012
        Episode_Reward/joint_torques_l2: 0.0000
            Episode_Reward/joint_acc_l2: -0.0029
  Episode_Reward/hipx_joint_pos_penalty: -0.0163
  Episode_Reward/hipy_joint_pos_penalty: -0.0102
  Episode_Reward/knee_joint_pos_penalty: -0.0084
            Episode_Reward/joint_mirror: 0.0000
          Episode_Reward/action_rate_l2: 0.0000
        Episode_Reward/action_smooth_l2: 0.0000
      Episode_Reward/undesired_contacts: 0.0000
          Episode_Reward/contact_forces: 0.0000
    Episode_Reward/track_lin_vel_xy_exp: 0.1744
     Episode_Reward/track_ang_vel_z_exp: 0.1318
 Episode_Reward/feet_air_time_ang_z_M20: 0.0000
    Episode_Reward/feet_slide_ang_z_cmd: 0.0000
             Episode_Reward/stand_still: 0.0000
    Episode_Reward/rotation_gait_status: 0.0000
  Episode_Reward/rotation_gait_symmetry: 0.0000
 Episode_Reward/bad_orientation_penalty: 0.0000
      Episode_Reward/joint_acc_wheel_l2: -0.0035
  Episode_Reward/stair_orientation_cost: -0.0024
  Episode_Reward/stair_forward_progress: 0.0000
  Episode_Reward/stair_front_wheel_lift: 0.0000
Episode_Reward/stair_forward_motion_cost: 0.0000
Episode_Reward/stair_ascent_direction_cost: 0.0000
Episode_Reward/stair_front_wheel_touchdown: 0.0000
Episode_Reward/stair_front_single_support: 0.0000
Episode_Reward/stair_diagonal_support_symmetry: 0.0000
 Episode_Reward/stair_front_alternation: 0.0000
Episode_Reward/stair_up_step_completion: 0.0000
  Episode_Reward/stair_up_task_crossing: 0.0000
Episode_Reward/stair_up_rear_step_completion: 0.0000
   Episode_Reward/stair_rear_wheel_lift: 0.0000
Episode_Reward/stair_descent_rear_forward_cost: 0.0000
Episode_Reward/stair_ascent_front_body_clearance_cost: 0.0000
Episode_Reward/stair_up_order_violation_cost: 0.0000
Episode_Reward/stair_up_same_tread_cost: 0.0000
Episode_Reward/stair_up_same_tread_dwell_cost: 0.0000
Episode_Reward/stair_descent_rear_fold_cost: 0.0000
Episode_Reward/stair_ascent_front_fold_cost: 0.0000
    Episode_Reward/turn_swing_size_cost: 0.0000
Episode_Reward/stair_down_step_completion: 0.0000
Episode_Reward/stair_front_riser_face_cost: 0.0000
Episode_Reward/stair_descent_rear_support: 0.0000
       Episode_Reward/stair_impact_cost: 0.0000
Episode_Reward/stair_non_wheel_contact_cost: 0.0000
Episode_Reward/stair_non_wheel_scrape_cost: 0.0000
 Episode_Reward/stair_joint_effort_cost: -0.0001
Episode_Reward/stair_joint_acceleration_cost: -0.0002
Episode_Reward/stair_mechanical_power_cost: -0.0000
              Curriculum/terrain_levels: 0.0000
                  Curriculum/gait_level: 0.0000
 Curriculum/step_completion/up_attempts: 0.0000
Curriculum/step_completion/up_successes: 0.0000
Curriculum/step_completion/up_success_rate: 0.0000
Curriculum/step_completion/up_rear_successes: 0.0000
Curriculum/step_completion/up_front_violations: 0.0000
Curriculum/step_completion/up_rear_violations: 0.0000
Curriculum/step_completion/up_front_same_tread_events: 0.0000
Curriculum/step_completion/up_front_same_tread_dwell_s: 0.0000
Curriculum/step_completion/up_rear_same_tread_events: 0.0000
Curriculum/step_completion/up_rear_same_tread_dwell_s: 0.0000
Curriculum/step_completion/up_targets_started: 0.0000
Curriculum/step_completion/up_lift_credit: 0.0000
  Curriculum/step_completion/up_retries: 0.0000
Curriculum/step_completion/up_abandoned_targets: 0.0000
Curriculum/step_completion/up_retreat_fraction: 0.0000
Curriculum/step_completion/up_stationary_fraction: 0.0000
Curriculum/step_completion/down_attempts: 0.0000
Curriculum/step_completion/down_successes: 0.0000
Curriculum/step_completion/down_success_rate: 0.0000
Curriculum/step_completion/forward_gate_fraction: 0.0000
Curriculum/step_completion/nearby_gate_fraction: 0.2696
Curriculum/step_completion/registered_risers: 0.0000
Curriculum/step_completion/up_whole_body_crossings: 0.0000
Curriculum/step_completion/up_whole_body_crossing_coverage: 0.0000
Curriculum/step_completion/up_front_registered_intermediate_risers: 0.0000
Curriculum/step_completion/up_front_landing_coverage: 0.0000
Curriculum/step_completion/up_front_strict_coverage: 0.0000
Curriculum/step_completion/up_front_physical_landings: 0.0000
Curriculum/step_completion/up_front_transition_successes: 0.0000
Curriculum/step_completion/up_front_skipped_riser_events: 0.0000
Curriculum/step_completion/up_front_unsafe_events: 0.0000
Curriculum/step_completion/up_front_skip_fraction: 0.0000
Curriculum/step_completion/up_front_visited_intermediate_risers: 0.0000
Curriculum/step_completion/up_front_same_tread_fraction: 0.0000
Curriculum/step_completion/up_front_longest_strict_run: 0.0000
Curriculum/step_completion/up_front_six_step_strict_fraction: 0.0000
Curriculum/step_completion/fl_stable_treads: 0.0000
Curriculum/step_completion/fr_stable_treads: 0.0000
Curriculum/step_completion/up_rear_registered_intermediate_risers: 0.0000
Curriculum/step_completion/up_rear_landing_coverage: 0.0000
Curriculum/step_completion/up_rear_strict_coverage: 0.0000
Curriculum/step_completion/up_rear_physical_landings: 0.0000
Curriculum/step_completion/up_rear_transition_successes: 0.0000
Curriculum/step_completion/up_rear_skipped_riser_events: 0.0000
Curriculum/step_completion/up_rear_unsafe_events: 0.0000
Curriculum/step_completion/up_rear_skip_fraction: 0.0000
Curriculum/step_completion/up_rear_visited_intermediate_risers: 0.0000
Curriculum/step_completion/up_rear_same_tread_fraction: 0.0000
Curriculum/step_completion/up_rear_longest_strict_run: 0.0000
Curriculum/step_completion/up_rear_six_step_strict_fraction: 0.0000
Curriculum/step_completion/hl_stable_treads: 0.0000
Curriculum/step_completion/hr_stable_treads: 0.0000
Curriculum/step_completion/up_rear_lift_credit: 0.0000
   Curriculum/gait_quality/turn_samples: 0.0000
Curriculum/gait_quality/descent_samples: 0.0000
Curriculum/gait_quality/rear_support_samples: 0.0000
Curriculum/gait_quality/turn_clearance_mean_m: 0.0000
Curriculum/gait_quality/turn_reach_mean_m: 0.0000
Curriculum/gait_quality/turn_yaw_error_mean: 0.0000
Curriculum/gait_quality/rear_extension_mean_m: 0.0000
Curriculum/gait_quality/rear_fold_support_fraction: 0.0000
 Curriculum/gait_quality/ascent_samples: 0.0000
Curriculum/gait_quality/front_support_samples: 0.0000
Curriculum/gait_quality/front_extension_mean_m: 0.0000
Curriculum/gait_quality/front_knee_abs_mean_rad: 0.0000
Curriculum/gait_quality/front_fold_support_fraction: 0.0000
Curriculum/gait_quality/front_swing_samples: 0.0000
Curriculum/gait_quality/front_extreme_swing_fold_fraction: 0.0000
Curriculum/gait_quality/front_loaded_a_mean_deg: 0.0000
Curriculum/gait_quality/front_loaded_a_low_fraction: 0.0000
Curriculum/gait_quality/front_loaded_a_min_deg: 0.0000
Curriculum/gait_quality/fl_loaded_samples: 0.0000
Curriculum/gait_quality/fl_loaded_a_mean_deg: 0.0000
Curriculum/gait_quality/fl_loaded_a_low_fraction: 0.0000
Curriculum/gait_quality/fr_loaded_samples: 0.0000
Curriculum/gait_quality/fr_loaded_a_mean_deg: 0.0000
Curriculum/gait_quality/fr_loaded_a_low_fraction: 0.0000
Curriculum/gait_quality/front_swing_a_mean_deg: 0.0000
Curriculum/gait_quality/front_swing_a_low_fraction: 0.0000
Curriculum/gait_quality/front_swing_a_min_deg: 0.0000
Curriculum/gait_quality/fl_swing_samples: 0.0000
Curriculum/gait_quality/fl_swing_a_mean_deg: 0.0000
Curriculum/gait_quality/fl_swing_a_low_fraction: 0.0000
Curriculum/gait_quality/fr_swing_samples: 0.0000
Curriculum/gait_quality/fr_swing_a_mean_deg: 0.0000
Curriculum/gait_quality/fr_swing_a_low_fraction: 0.0000
Curriculum/gait_quality/rear_forward_samples: 0.0000
Curriculum/gait_quality/rear_forward_excess_fraction: 0.0000
Curriculum/gait_quality/rear_body_b_mean_deg: 0.0000
Curriculum/gait_quality/rear_gravity_g_mean_deg: 0.0000
 Curriculum/gait_quality/rear_b_max_deg: 0.0000
 Curriculum/gait_quality/rear_g_max_deg: 0.0000
Curriculum/gait_quality/hl_loaded_samples: 0.0000
Curriculum/gait_quality/hl_body_b_mean_deg: 0.0000
Curriculum/gait_quality/hl_gravity_g_mean_deg: 0.0000
Curriculum/gait_quality/hl_forward_excess_fraction: 0.0000
Curriculum/gait_quality/hr_loaded_samples: 0.0000
Curriculum/gait_quality/hr_body_b_mean_deg: 0.0000
Curriculum/gait_quality/hr_gravity_g_mean_deg: 0.0000
Curriculum/gait_quality/hr_forward_excess_fraction: 0.0000
Curriculum/gait_quality/rear_entry_samples: 0.0000
Curriculum/gait_quality/rear_entry_b_mean_deg: 0.0000
Curriculum/gait_quality/rear_entry_g_mean_deg: 0.0000
Curriculum/gait_quality/front_body_gap_samples: 0.0000
Curriculum/gait_quality/front_body_gap_mean_m: 0.0000
Curriculum/gait_quality/front_body_gap_low_fraction: 0.0000
Curriculum/gait_quality/loaded_without_local_map_samples: 0.0000
    Curriculum/ascent_direction/samples: 0.0000
Curriculum/ascent_direction/lateral_error_mean_m: 0.0000
Curriculum/ascent_direction/lateral_error_max_m: 0.0000
Curriculum/ascent_direction/lateral_speed_mean_m_s: 0.0000
Curriculum/ascent_direction/heading_error_mean_deg: 0.0000
Curriculum/ascent_direction/outside_tolerance_fraction: 0.0000
  Curriculum/ascent_direction/cost_mean: 0.0000
       Curriculum/terrain_level_overall: 0.0000
Curriculum/terrain_level_pyramid_stairs: 0.0000
Curriculum/terrain_level_pyramid_stairs_inv: 0.0000
         Curriculum/terrain_level_boxes: 0.0000
  Curriculum/terrain_level_random_rough: 0.0000
Curriculum/terrain_level_hf_pyramid_slope: 0.0000
Curriculum/terrain_level_hf_pyramid_slope_inv: 0.0000
          Curriculum/terrain_level_flat: 0.0000
     Metrics/base_velocity/error_vel_xy: 0.0394
    Metrics/base_velocity/error_vel_yaw: 0.0176
           Metrics/base_velocity/base_z: -0.5183
         Metrics/base_velocity/knee_pos: 0.5276
           Episode_Termination/time_out: 0.0299
Episode_Termination/terrain_out_of_bounds: 0.0000
  Episode_Termination/bad_orientation_2: 0.0000
--------------------------------------------------------------------------------
                         Iteration time: 2.98s
                           Time elapsed: 00:00:09
                                    ETA: 00:02:37

################################################################################
[1m                            Learning iteration 3/55                             [0m 

                               Run name: preservation_smoke
                            Total steps: 6144 
                       Steps per second: 576 
                        Collection time: 2.623s 
                          Learning time: 0.042s 
                        Mean value loss: 0.3632
                    Mean surrogate loss: -0.0001
                      Mean entropy loss: 6.2641
                       Mean anchor loss: 0.0000
                Mean critic_warmup loss: 1.0000
                            Mean reward: 7.05
                    Mean episode length: 55.33
                        Mean action std: 0.37
            Episode_Reward/lin_vel_z_l2: -0.0020
           Episode_Reward/ang_vel_xy_l2: -0.0013
        Episode_Reward/joint_torques_l2: 0.0000
            Episode_Reward/joint_acc_l2: -0.0027
  Episode_Reward/hipx_joint_pos_penalty: -0.0185
  Episode_Reward/hipy_joint_pos_penalty: -0.0106
  Episode_Reward/knee_joint_pos_penalty: -0.0088
            Episode_Reward/joint_mirror: 0.0000
          Episode_Reward/action_rate_l2: 0.0000
        Episode_Reward/action_smooth_l2: 0.0000
      Episode_Reward/undesired_contacts: 0.0000
          Episode_Reward/contact_forces: 0.0000
    Episode_Reward/track_lin_vel_xy_exp: 0.2283
     Episode_Reward/track_ang_vel_z_exp: 0.1628
 Episode_Reward/feet_air_time_ang_z_M20: 0.0000
    Episode_Reward/feet_slide_ang_z_cmd: 0.0000
             Episode_Reward/stand_still: 0.0000
    Episode_Reward/rotation_gait_status: 0.0000
  Episode_Reward/rotation_gait_symmetry: 0.0000
 Episode_Reward/bad_orientation_penalty: 0.0000
      Episode_Reward/joint_acc_wheel_l2: -0.0033
  Episode_Reward/stair_orientation_cost: -0.0029
  Episode_Reward/stair_forward_progress: 0.0066
  Episode_Reward/stair_front_wheel_lift: 0.0000
Episode_Reward/stair_forward_motion_cost: -0.0003
Episode_Reward/stair_ascent_direction_cost: 0.0000
Episode_Reward/stair_front_wheel_touchdown: 0.0052
Episode_Reward/stair_front_single_support: 0.0004
Episode_Reward/stair_diagonal_support_symmetry: 0.0002
 Episode_Reward/stair_front_alternation: 0.0000
Episode_Reward/stair_up_step_completion: 0.0000
  Episode_Reward/stair_up_task_crossing: 0.0000
Episode_Reward/stair_up_rear_step_completion: 0.0000
   Episode_Reward/stair_rear_wheel_lift: 0.0000
Episode_Reward/stair_descent_rear_forward_cost: -0.0000
Episode_Reward/stair_ascent_front_body_clearance_cost: 0.0000
Episode_Reward/stair_up_order_violation_cost: 0.0000
Episode_Reward/stair_up_same_tread_cost: 0.0000
Episode_Reward/stair_up_same_tread_dwell_cost: 0.0000
Episode_Reward/stair_descent_rear_fold_cost: 0.0000
Episode_Reward/stair_ascent_front_fold_cost: 0.0000
    Episode_Reward/turn_swing_size_cost: 0.0000
Episode_Reward/stair_down_step_completion: 0.0000
Episode_Reward/stair_front_riser_face_cost: 0.0000
Episode_Reward/stair_descent_rear_support: 0.0000
       Episode_Reward/stair_impact_cost: -0.0001
Episode_Reward/stair_non_wheel_contact_cost: 0.0000
Episode_Reward/stair_non_wheel_scrape_cost: 0.0000
 Episode_Reward/stair_joint_effort_cost: -0.0001
Episode_Reward/stair_joint_acceleration_cost: -0.0002
Episode_Reward/stair_mechanical_power_cost: -0.0000
              Curriculum/terrain_levels: 0.0000
                  Curriculum/gait_level: 0.0000
 Curriculum/step_completion/up_attempts: 0.0000
Curriculum/step_completion/up_successes: 0.0000
Curriculum/step_completion/up_success_rate: 0.0000
Curriculum/step_completion/up_rear_successes: 0.0000
Curriculum/step_completion/up_front_violations: 0.0000
Curriculum/step_completion/up_rear_violations: 0.0000
Curriculum/step_completion/up_front_same_tread_events: 0.0000
Curriculum/step_completion/up_front_same_tread_dwell_s: 0.0000
Curriculum/step_completion/up_rear_same_tread_events: 0.0000
Curriculum/step_completion/up_rear_same_tread_dwell_s: 0.0000
Curriculum/step_completion/up_targets_started: 0.0000
Curriculum/step_completion/up_lift_credit: 0.0000
  Curriculum/step_completion/up_retries: 0.0000
Curriculum/step_completion/up_abandoned_targets: 0.0000
Curriculum/step_completion/up_retreat_fraction: 0.0000
Curriculum/step_completion/up_stationary_fraction: 0.0000
Curriculum/step_completion/down_attempts: 0.2083
Curriculum/step_completion/down_successes: 0.0000
Curriculum/step_completion/down_success_rate: 0.0000
Curriculum/step_completion/forward_gate_fraction: 0.0770
Curriculum/step_completion/nearby_gate_fraction: 0.3098
Curriculum/step_completion/registered_risers: 0.0000
Curriculum/step_completion/up_whole_body_crossings: 0.0000
Curriculum/step_completion/up_whole_body_crossing_coverage: 0.0000
Curriculum/step_completion/up_front_registered_intermediate_risers: 0.0000
Curriculum/step_completion/up_front_landing_coverage: 0.0000
Curriculum/step_completion/up_front_strict_coverage: 0.0000
Curriculum/step_completion/up_front_physical_landings: 0.0000
Curriculum/step_completion/up_front_transition_successes: 0.0000
Curriculum/step_completion/up_front_skipped_riser_events: 0.0000
Curriculum/step_completion/up_front_unsafe_events: 0.0000
Curriculum/step_completion/up_front_skip_fraction: 0.0000
Curriculum/step_completion/up_front_visited_intermediate_risers: 0.0000
Curriculum/step_completion/up_front_same_tread_fraction: 0.0000
Curriculum/step_completion/up_front_longest_strict_run: 0.0000
Curriculum/step_completion/up_front_six_step_strict_fraction: 0.0000
Curriculum/step_completion/fl_stable_treads: 0.0000
Curriculum/step_completion/fr_stable_treads: 0.0000
Curriculum/step_completion/up_rear_registered_intermediate_risers: 0.0000
Curriculum/step_completion/up_rear_landing_coverage: 0.0000
Curriculum/step_completion/up_rear_strict_coverage: 0.0000
Curriculum/step_completion/up_rear_physical_landings: 0.0000
Curriculum/step_completion/up_rear_transition_successes: 0.0000
Curriculum/step_completion/up_rear_skipped_riser_events: 0.0000
Curriculum/step_completion/up_rear_unsafe_events: 0.0000
Curriculum/step_completion/up_rear_skip_fraction: 0.0000
Curriculum/step_completion/up_rear_visited_intermediate_risers: 0.0000
Curriculum/step_completion/up_rear_same_tread_fraction: 0.0000
Curriculum/step_completion/up_rear_longest_strict_run: 0.0000
Curriculum/step_completion/up_rear_six_step_strict_fraction: 0.0000
Curriculum/step_completion/hl_stable_treads: 0.0000
Curriculum/step_completion/hr_stable_treads: 0.0000
Curriculum/step_completion/up_rear_lift_credit: 0.0000
   Curriculum/gait_quality/turn_samples: 0.0000
Curriculum/gait_quality/descent_samples: 7.0833
Curriculum/gait_quality/rear_support_samples: 10.4167
Curriculum/gait_quality/turn_clearance_mean_m: 0.0000
Curriculum/gait_quality/turn_reach_mean_m: 0.0000
Curriculum/gait_quality/turn_yaw_error_mean: 0.0000
Curriculum/gait_quality/rear_extension_mean_m: 0.0976
Curriculum/gait_quality/rear_fold_support_fraction: 0.0000
 Curriculum/gait_quality/ascent_samples: 0.0000
Curriculum/gait_quality/front_support_samples: 0.0000
Curriculum/gait_quality/front_extension_mean_m: 0.0000
Curriculum/gait_quality/front_knee_abs_mean_rad: 0.0000
Curriculum/gait_quality/front_fold_support_fraction: 0.0000
Curriculum/gait_quality/front_swing_samples: 0.0000
Curriculum/gait_quality/front_extreme_swing_fold_fraction: 0.0000
Curriculum/gait_quality/front_loaded_a_mean_deg: 0.0000
Curriculum/gait_quality/front_loaded_a_low_fraction: 0.0000
Curriculum/gait_quality/front_loaded_a_min_deg: 0.0000
Curriculum/gait_quality/fl_loaded_samples: 0.0000
Curriculum/gait_quality/fl_loaded_a_mean_deg: 0.0000
Curriculum/gait_quality/fl_loaded_a_low_fraction: 0.0000
Curriculum/gait_quality/fr_loaded_samples: 0.0000
Curriculum/gait_quality/fr_loaded_a_mean_deg: 0.0000
Curriculum/gait_quality/fr_loaded_a_low_fraction: 0.0000
Curriculum/gait_quality/front_swing_a_mean_deg: 0.0000
Curriculum/gait_quality/front_swing_a_low_fraction: 0.0000
Curriculum/gait_quality/front_swing_a_min_deg: 0.0000
Curriculum/gait_quality/fl_swing_samples: 0.0000
Curriculum/gait_quality/fl_swing_a_mean_deg: 0.0000
Curriculum/gait_quality/fl_swing_a_low_fraction: 0.0000
Curriculum/gait_quality/fr_swing_samples: 0.0000
Curriculum/gait_quality/fr_swing_a_mean_deg: 0.0000
Curriculum/gait_quality/fr_swing_a_low_fraction: 0.0000
Curriculum/gait_quality/rear_forward_samples: 10.4167
Curriculum/gait_quality/rear_forward_excess_fraction: 0.0042
Curriculum/gait_quality/rear_body_b_mean_deg: 0.5161
Curriculum/gait_quality/rear_gravity_g_mean_deg: -0.1771
 Curriculum/gait_quality/rear_b_max_deg: 7.9748
 Curriculum/gait_quality/rear_g_max_deg: 5.6488
Curriculum/gait_quality/hl_loaded_samples: 6.0417
Curriculum/gait_quality/hl_body_b_mean_deg: 1.0125
Curriculum/gait_quality/hl_gravity_g_mean_deg: 0.0385
Curriculum/gait_quality/hl_forward_excess_fraction: 0.0072
Curriculum/gait_quality/hr_loaded_samples: 4.3750
Curriculum/gait_quality/hr_body_b_mean_deg: -0.1694
Curriculum/gait_quality/hr_gravity_g_mean_deg: -0.4750
Curriculum/gait_quality/hr_forward_excess_fraction: 0.0000
Curriculum/gait_quality/rear_entry_samples: 2.2917
Curriculum/gait_quality/rear_entry_b_mean_deg: 5.4672
Curriculum/gait_quality/rear_entry_g_mean_deg: 3.4046
Curriculum/gait_quality/front_body_gap_samples: 0.0000
Curriculum/gait_quality/front_body_gap_mean_m: 0.0000
Curriculum/gait_quality/front_body_gap_low_fraction: 0.0000
Curriculum/gait_quality/loaded_without_local_map_samples: 0.0000
    Curriculum/ascent_direction/samples: 0.0000
Curriculum/ascent_direction/lateral_error_mean_m: 0.0000
Curriculum/ascent_direction/lateral_error_max_m: 0.0000
Curriculum/ascent_direction/lateral_speed_mean_m_s: 0.0000
Curriculum/ascent_direction/heading_error_mean_deg: 0.0000
Curriculum/ascent_direction/outside_tolerance_fraction: 0.0000
  Curriculum/ascent_direction/cost_mean: 0.0000
       Curriculum/terrain_level_overall: 0.0000
Curriculum/terrain_level_pyramid_stairs: 0.0000
Curriculum/terrain_level_pyramid_stairs_inv: 0.0000
         Curriculum/terrain_level_boxes: 0.0000
  Curriculum/terrain_level_random_rough: 0.0000
Curriculum/terrain_level_hf_pyramid_slope: 0.0000
Curriculum/terrain_level_hf_pyramid_slope_inv: 0.0000
          Curriculum/terrain_level_flat: 0.0000
     Metrics/base_velocity/error_vel_xy: 0.0411
    Metrics/base_velocity/error_vel_yaw: 0.0207
           Metrics/base_velocity/base_z: -0.0734
         Metrics/base_velocity/knee_pos: 0.5052
           Episode_Termination/time_out: 0.0345
Episode_Termination/terrain_out_of_bounds: 0.0000
  Episode_Termination/bad_orientation_2: 0.0000
--------------------------------------------------------------------------------
                         Iteration time: 2.66s
                           Time elapsed: 00:00:11
                                    ETA: 00:02:30

################################################################################
[1m                            Learning iteration 4/55                             [0m 

                               Run name: preservation_smoke
                            Total steps: 7680 
                       Steps per second: 562 
                        Collection time: 2.660s 
                          Learning time: 0.069s 
                        Mean value loss: 0.2031
                    Mean surrogate loss: -0.0000
                      Mean entropy loss: 6.2641
                       Mean anchor loss: 0.0000
                Mean critic_warmup loss: 1.0000
                            Mean reward: 7.05
                    Mean episode length: 55.33
                        Mean action std: 0.37
            Episode_Reward/lin_vel_z_l2: -0.0041
           Episode_Reward/ang_vel_xy_l2: -0.0014
        Episode_Reward/joint_torques_l2: 0.0000
            Episode_Reward/joint_acc_l2: -0.0017
  Episode_Reward/hipx_joint_pos_penalty: -0.0245
  Episode_Reward/hipy_joint_pos_penalty: -0.0102
  Episode_Reward/knee_joint_pos_penalty: -0.0092
            Episode_Reward/joint_mirror: 0.0000
          Episode_Reward/action_rate_l2: 0.0000
        Episode_Reward/action_smooth_l2: 0.0000
      Episode_Reward/undesired_contacts: 0.0000
          Episode_Reward/contact_forces: 0.0000
    Episode_Reward/track_lin_vel_xy_exp: 0.4041
     Episode_Reward/track_ang_vel_z_exp: 0.2549
 Episode_Reward/feet_air_time_ang_z_M20: 0.0000
    Episode_Reward/feet_slide_ang_z_cmd: 0.0000
             Episode_Reward/stand_still: 0.0000
    Episode_Reward/rotation_gait_status: 0.0000
  Episode_Reward/rotation_gait_symmetry: 0.0000
 Episode_Reward/bad_orientation_penalty: 0.0000
      Episode_Reward/joint_acc_wheel_l2: -0.0015
  Episode_Reward/stair_orientation_cost: -0.0043
  Episode_Reward/stair_forward_progress: 0.0317
  Episode_Reward/stair_front_wheel_lift: 0.0000
Episode_Reward/stair_forward_motion_cost: -0.0013
Episode_Reward/stair_ascent_direction_cost: 0.0000
Episode_Reward/stair_front_wheel_touchdown: 0.0250
Episode_Reward/stair_front_single_support: 0.0017
Episode_Reward/stair_diagonal_support_symmetry: 0.0009
 Episode_Reward/stair_front_alternation: 0.0000
Episode_Reward/stair_up_step_completion: 0.0000
  Episode_Reward/stair_up_task_crossing: 0.0000
Episode_Reward/stair_up_rear_step_completion: 0.0000
   Episode_Reward/stair_rear_wheel_lift: 0.0000
Episode_Reward/stair_descent_rear_forward_cost: -0.0000
Episode_Reward/stair_ascent_front_body_clearance_cost: 0.0000
Episode_Reward/stair_up_order_violation_cost: 0.0000
Episode_Reward/stair_up_same_tread_cost: 0.0000
Episode_Reward/stair_up_same_tread_dwell_cost: 0.0000
Episode_Reward/stair_descent_rear_fold_cost: 0.0000
Episode_Reward/stair_ascent_front_fold_cost: 0.0000
    Episode_Reward/turn_swing_size_cost: 0.0000
Episode_Reward/stair_down_step_completion: 0.0000
Episode_Reward/stair_front_riser_face_cost: 0.0000
Episode_Reward/stair_descent_rear_support: 0.0000
       Episode_Reward/stair_impact_cost: -0.0004
Episode_Reward/stair_non_wheel_contact_cost: 0.0000
Episode_Reward/stair_non_wheel_scrape_cost: 0.0000
 Episode_Reward/stair_joint_effort_cost: -0.0001
Episode_Reward/stair_joint_acceleration_cost: -0.0002
Episode_Reward/stair_mechanical_power_cost: -0.0000
              Curriculum/terrain_levels: 0.0000
                  Curriculum/gait_level: 0.0000
 Curriculum/step_completion/up_attempts: 0.0000
Curriculum/step_completion/up_successes: 0.0000
Curriculum/step_completion/up_success_rate: 0.0000
Curriculum/step_completion/up_rear_successes: 0.0000
Curriculum/step_completion/up_front_violations: 0.0000
Curriculum/step_completion/up_rear_violations: 0.0000
Curriculum/step_completion/up_front_same_tread_events: 0.0000
Curriculum/step_completion/up_front_same_tread_dwell_s: 0.0000
Curriculum/step_completion/up_rear_same_tread_events: 0.0000
Curriculum/step_completion/up_rear_same_tread_dwell_s: 0.0000
Curriculum/step_completion/up_targets_started: 0.0000
Curriculum/step_completion/up_lift_credit: 0.0000
  Curriculum/step_completion/up_retries: 0.0000
Curriculum/step_completion/up_abandoned_targets: 0.0000
Curriculum/step_completion/up_retreat_fraction: 0.0000
Curriculum/step_completion/up_stationary_fraction: 0.0000
Curriculum/step_completion/down_attempts: 1.0000
Curriculum/step_completion/down_successes: 0.0000
Curriculum/step_completion/down_success_rate: 0.0000
Curriculum/step_completion/forward_gate_fraction: 0.3696
Curriculum/step_completion/nearby_gate_fraction: 0.3696
Curriculum/step_completion/registered_risers: 0.0000
Curriculum/step_completion/up_whole_body_crossings: 0.0000
Curriculum/step_completion/up_whole_body_crossing_coverage: 0.0000
Curriculum/step_completion/up_front_registered_intermediate_risers: 0.0000
Curriculum/step_completion/up_front_landing_coverage: 0.0000
Curriculum/step_completion/up_front_strict_coverage: 0.0000
Curriculum/step_completion/up_front_physical_landings: 0.0000
Curriculum/step_completion/up_front_transition_successes: 0.0000
Curriculum/step_completion/up_front_skipped_riser_events: 0.0000
Curriculum/step_completion/up_front_unsafe_events: 0.0000
Curriculum/step_completion/up_front_skip_fraction: 0.0000
Curriculum/step_completion/up_front_visited_intermediate_risers: 0.0000
Curriculum/step_completion/up_front_same_tread_fraction: 0.0000
Curriculum/step_completion/up_front_longest_strict_run: 0.0000
Curriculum/step_completion/up_front_six_step_strict_fraction: 0.0000
Curriculum/step_completion/fl_stable_treads: 0.0000
Curriculum/step_completion/fr_stable_treads: 0.0000
Curriculum/step_completion/up_rear_registered_intermediate_risers: 0.0000
Curriculum/step_completion/up_rear_landing_coverage: 0.0000
Curriculum/step_completion/up_rear_strict_coverage: 0.0000
Curriculum/step_completion/up_rear_physical_landings: 0.0000
Curriculum/step_completion/up_rear_transition_successes: 0.0000
Curriculum/step_completion/up_rear_skipped_riser_events: 0.0000
Curriculum/step_completion/up_rear_unsafe_events: 0.0000
Curriculum/step_completion/up_rear_skip_fraction: 0.0000
Curriculum/step_completion/up_rear_visited_intermediate_risers: 0.0000
Curriculum/step_completion/up_rear_same_tread_fraction: 0.0000
Curriculum/step_completion/up_rear_longest_strict_run: 0.0000
Curriculum/step_completion/up_rear_six_step_strict_fraction: 0.0000
Curriculum/step_completion/hl_stable_treads: 0.0000
Curriculum/step_completion/hr_stable_treads: 0.0000
Curriculum/step_completion/up_rear_lift_credit: 0.0000
   Curriculum/gait_quality/turn_samples: 0.0000
Curriculum/gait_quality/descent_samples: 34.0000
Curriculum/gait_quality/rear_support_samples: 50.0000
Curriculum/gait_quality/turn_clearance_mean_m: 0.0000
Curriculum/gait_quality/turn_reach_mean_m: 0.0000
Curriculum/gait_quality/turn_yaw_error_mean: 0.0000
Curriculum/gait_quality/rear_extension_mean_m: 0.4687
Curriculum/gait_quality/rear_fold_support_fraction: 0.0000
 Curriculum/gait_quality/ascent_samples: 0.0000
Curriculum/gait_quality/front_support_samples: 0.0000
Curriculum/gait_quality/front_extension_mean_m: 0.0000
Curriculum/gait_quality/front_knee_abs_mean_rad: 0.0000
Curriculum/gait_quality/front_fold_support_fraction: 0.0000
Curriculum/gait_quality/front_swing_samples: 0.0000
Curriculum/gait_quality/front_extreme_swing_fold_fraction: 0.0000
Curriculum/gait_quality/front_loaded_a_mean_deg: 0.0000
Curriculum/gait_quality/front_loaded_a_low_fraction: 0.0000
Curriculum/gait_quality/front_loaded_a_min_deg: 0.0000
Curriculum/gait_quality/fl_loaded_samples: 0.0000
Curriculum/gait_quality/fl_loaded_a_mean_deg: 0.0000
Curriculum/gait_quality/fl_loaded_a_low_fraction: 0.0000
Curriculum/gait_quality/fr_loaded_samples: 0.0000
Curriculum/gait_quality/fr_loaded_a_mean_deg: 0.0000
Curriculum/gait_quality/fr_loaded_a_low_fraction: 0.0000
Curriculum/gait_quality/front_swing_a_mean_deg: 0.0000
Curriculum/gait_quality/front_swing_a_low_fraction: 0.0000
Curriculum/gait_quality/front_swing_a_min_deg: 0.0000
Curriculum/gait_quality/fl_swing_samples: 0.0000
Curriculum/gait_quality/fl_swing_a_mean_deg: 0.0000
Curriculum/gait_quality/fl_swing_a_low_fraction: 0.0000
Curriculum/gait_quality/fr_swing_samples: 0.0000
Curriculum/gait_quality/fr_swing_a_mean_deg: 0.0000
Curriculum/gait_quality/fr_swing_a_low_fraction: 0.0000
Curriculum/gait_quality/rear_forward_samples: 50.0000
Curriculum/gait_quality/rear_forward_excess_fraction: 0.0200
Curriculum/gait_quality/rear_body_b_mean_deg: 2.4773
Curriculum/gait_quality/rear_gravity_g_mean_deg: -0.8503
 Curriculum/gait_quality/rear_b_max_deg: 38.2791
 Curriculum/gait_quality/rear_g_max_deg: 27.1140
Curriculum/gait_quality/hl_loaded_samples: 29.0000
Curriculum/gait_quality/hl_body_b_mean_deg: 4.8599
Curriculum/gait_quality/hl_gravity_g_mean_deg: 0.1849
Curriculum/gait_quality/hl_forward_excess_fraction: 0.0345
Curriculum/gait_quality/hr_loaded_samples: 21.0000
Curriculum/gait_quality/hr_body_b_mean_deg: -0.8130
Curriculum/gait_quality/hr_gravity_g_mean_deg: -2.2799
Curriculum/gait_quality/hr_forward_excess_fraction: 0.0000
Curriculum/gait_quality/rear_entry_samples: 11.0000
Curriculum/gait_quality/rear_entry_b_mean_deg: 26.2426
Curriculum/gait_quality/rear_entry_g_mean_deg: 16.3423
Curriculum/gait_quality/front_body_gap_samples: 0.0000
Curriculum/gait_quality/front_body_gap_mean_m: 0.0000
Curriculum/gait_quality/front_body_gap_low_fraction: 0.0000
Curriculum/gait_quality/loaded_without_local_map_samples: 0.0000
    Curriculum/ascent_direction/samples: 0.0000
Curriculum/ascent_direction/lateral_error_mean_m: 0.0000
Curriculum/ascent_direction/lateral_error_max_m: 0.0000
Curriculum/ascent_direction/lateral_speed_mean_m_s: 0.0000
Curriculum/ascent_direction/heading_error_mean_deg: 0.0000
Curriculum/ascent_direction/outside_tolerance_fraction: 0.0000
  Curriculum/ascent_direction/cost_mean: 0.0000
       Curriculum/terrain_level_overall: 0.0000
Curriculum/terrain_level_pyramid_stairs: 0.0000
Curriculum/terrain_level_pyramid_stairs_inv: 0.0000
         Curriculum/terrain_level_boxes: 0.0000
  Curriculum/terrain_level_random_rough: 0.0000
Curriculum/terrain_level_hf_pyramid_slope: 0.0000
Curriculum/terrain_level_hf_pyramid_slope_inv: 0.0000
          Curriculum/terrain_level_flat: 0.0000
     Metrics/base_velocity/error_vel_xy: 0.0390
    Metrics/base_velocity/error_vel_yaw: 0.0305
           Metrics/base_velocity/base_z: 1.6504
         Metrics/base_velocity/knee_pos: 0.3310
           Episode_Termination/time_out: 0.0469
Episode_Termination/terrain_out_of_bounds: 0.0000
  Episode_Termination/bad_orientation_2: 0.0000
--------------------------------------------------------------------------------
                         Iteration time: 2.73s
                           Time elapsed: 00:00:14
                                    ETA: 00:02:25

################################################################################
[1m                            Learning iteration 5/55                             [0m 

                               Run name: preservation_smoke
                            Total steps: 9216 
                       Steps per second: 553 
                        Collection time: 2.733s 
                          Learning time: 0.041s 
                        Mean value loss: 0.2234
                    Mean surrogate loss: 0.0000
                      Mean entropy loss: 6.2641
                       Mean anchor loss: 0.0000
                Mean critic_warmup loss: 1.0000
                            Mean reward: 12.10
                    Mean episode length: 89.60
                        Mean action std: 0.37
            Episode_Reward/lin_vel_z_l2: -0.0035
           Episode_Reward/ang_vel_xy_l2: -0.0014
        Episode_Reward/joint_torques_l2: 0.0000
            Episode_Reward/joint_acc_l2: -0.0021
  Episode_Reward/hipx_joint_pos_penalty: -0.0247
  Episode_Reward/hipy_joint_pos_penalty: -0.0097
  Episode_Reward/knee_joint_pos_penalty: -0.0086
            Episode_Reward/joint_mirror: 0.0000
          Episode_Reward/action_rate_l2: 0.0000
        Episode_Reward/action_smooth_l2: 0.0000
      Episode_Reward/undesired_contacts: 0.0000
          Episode_Reward/contact_forces: 0.0000
    Episode_Reward/track_lin_vel_xy_exp: 0.4620
     Episode_Reward/track_ang_vel_z_exp: 0.2820
 Episode_Reward/feet_air_time_ang_z_M20: 0.0000
    Episode_Reward/feet_slide_ang_z_cmd: 0.0000
             Episode_Reward/stand_still: -0.0061
    Episode_Reward/rotation_gait_status: 0.0000
  Episode_Reward/rotation_gait_symmetry: 0.0000
 Episode_Reward/bad_orientation_penalty: 0.0000
      Episode_Reward/joint_acc_wheel_l2: -0.0018
  Episode_Reward/stair_orientation_cost: -0.0039
  Episode_Reward/stair_forward_progress: 0.0251
  Episode_Reward/stair_front_wheel_lift: 0.0000
Episode_Reward/stair_forward_motion_cost: -0.0010
Episode_Reward/stair_ascent_direction_cost: 0.0000
Episode_Reward/stair_front_wheel_touchdown: 0.0198
Episode_Reward/stair_front_single_support: 0.0014
Episode_Reward/stair_diagonal_support_symmetry: 0.0007
 Episode_Reward/stair_front_alternation: 0.0000
Episode_Reward/stair_up_step_completion: 0.0000
  Episode_Reward/stair_up_task_crossing: 0.0000
Episode_Reward/stair_up_rear_step_completion: 0.0000
   Episode_Reward/stair_rear_wheel_lift: 0.0000
Episode_Reward/stair_descent_rear_forward_cost: -0.0000
Episode_Reward/stair_ascent_front_body_clearance_cost: 0.0000
Episode_Reward/stair_up_order_violation_cost: 0.0000
Episode_Reward/stair_up_same_tread_cost: 0.0000
Episode_Reward/stair_up_same_tread_dwell_cost: 0.0000
Episode_Reward/stair_descent_rear_fold_cost: 0.0000
Episode_Reward/stair_ascent_front_fold_cost: 0.0000
    Episode_Reward/turn_swing_size_cost: 0.0000
Episode_Reward/stair_down_step_completion: 0.0000
Episode_Reward/stair_front_riser_face_cost: 0.0000
Episode_Reward/stair_descent_rear_support: 0.0000
       Episode_Reward/stair_impact_cost: -0.0003
Episode_Reward/stair_non_wheel_contact_cost: 0.0000
Episode_Reward/stair_non_wheel_scrape_cost: 0.0000
 Episode_Reward/stair_joint_effort_cost: -0.0001
Episode_Reward/stair_joint_acceleration_cost: -0.0001
Episode_Reward/stair_mechanical_power_cost: -0.0000
              Curriculum/terrain_levels: 0.0000
                  Curriculum/gait_level: 0.0000
 Curriculum/step_completion/up_attempts: 0.0000
Curriculum/step_completion/up_successes: 0.0000
Curriculum/step_completion/up_success_rate: 0.0000
Curriculum/step_completion/up_rear_successes: 0.0000
Curriculum/step_completion/up_front_violations: 0.0000
Curriculum/step_completion/up_rear_violations: 0.0000
Curriculum/step_completion/up_front_same_tread_events: 0.0000
Curriculum/step_completion/up_front_same_tread_dwell_s: 0.0000
Curriculum/step_completion/up_rear_same_tread_events: 0.0000
Curriculum/step_completion/up_rear_same_tread_dwell_s: 0.0000
Curriculum/step_completion/up_targets_started: 0.0000
Curriculum/step_completion/up_lift_credit: 0.0000
  Curriculum/step_completion/up_retries: 0.0000
Curriculum/step_completion/up_abandoned_targets: 0.0000
Curriculum/step_completion/up_retreat_fraction: 0.0000
Curriculum/step_completion/up_stationary_fraction: 0.0000
Curriculum/step_completion/down_attempts: 0.7917
Curriculum/step_completion/down_successes: 0.0000
Curriculum/step_completion/down_success_rate: 0.0000
Curriculum/step_completion/forward_gate_fraction: 0.2926
Curriculum/step_completion/nearby_gate_fraction: 0.2926
Curriculum/step_completion/registered_risers: 0.0000
Curriculum/step_completion/up_whole_body_crossings: 0.0000
Curriculum/step_completion/up_whole_body_crossing_coverage: 0.0000
Curriculum/step_completion/up_front_registered_intermediate_risers: 0.0000
Curriculum/step_completion/up_front_landing_coverage: 0.0000
Curriculum/step_completion/up_front_strict_coverage: 0.0000
Curriculum/step_completion/up_front_physical_landings: 0.0000
Curriculum/step_completion/up_front_transition_successes: 0.0000
Curriculum/step_completion/up_front_skipped_riser_events: 0.0000
Curriculum/step_completion/up_front_unsafe_events: 0.0000
Curriculum/step_completion/up_front_skip_fraction: 0.0000
Curriculum/step_completion/up_front_visited_intermediate_risers: 0.0000
Curriculum/step_completion/up_front_same_tread_fraction: 0.0000
Curriculum/step_completion/up_front_longest_strict_run: 0.0000
Curriculum/step_completion/up_front_six_step_strict_fraction: 0.0000
Curriculum/step_completion/fl_stable_treads: 0.0000
Curriculum/step_completion/fr_stable_treads: 0.0000
Curriculum/step_completion/up_rear_registered_intermediate_risers: 0.0000
Curriculum/step_completion/up_rear_landing_coverage: 0.0000
Curriculum/step_completion/up_rear_strict_coverage: 0.0000
Curriculum/step_completion/up_rear_physical_landings: 0.0000
Curriculum/step_completion/up_rear_transition_successes: 0.0000
Curriculum/step_completion/up_rear_skipped_riser_events: 0.0000
Curriculum/step_completion/up_rear_unsafe_events: 0.0000
Curriculum/step_completion/up_rear_skip_fraction: 0.0000
Curriculum/step_completion/up_rear_visited_intermediate_risers: 0.0000
Curriculum/step_completion/up_rear_same_tread_fraction: 0.0000
Curriculum/step_completion/up_rear_longest_strict_run: 0.0000
Curriculum/step_completion/up_rear_six_step_strict_fraction: 0.0000
Curriculum/step_completion/hl_stable_treads: 0.0000
Curriculum/step_completion/hr_stable_treads: 0.0000
Curriculum/step_completion/up_rear_lift_credit: 0.0000
   Curriculum/gait_quality/turn_samples: 17.7500
Curriculum/gait_quality/descent_samples: 26.9167
Curriculum/gait_quality/rear_support_samples: 39.5833
Curriculum/gait_quality/turn_clearance_mean_m: 0.0003
Curriculum/gait_quality/turn_reach_mean_m: 0.0207
Curriculum/gait_quality/turn_yaw_error_mean: 0.0281
Curriculum/gait_quality/rear_extension_mean_m: 0.3711
Curriculum/gait_quality/rear_fold_support_fraction: 0.0000
 Curriculum/gait_quality/ascent_samples: 0.0000
Curriculum/gait_quality/front_support_samples: 0.0000
Curriculum/gait_quality/front_extension_mean_m: 0.0000
Curriculum/gait_quality/front_knee_abs_mean_rad: 0.0000
Curriculum/gait_quality/front_fold_support_fraction: 0.0000
Curriculum/gait_quality/front_swing_samples: 0.0000
Curriculum/gait_quality/front_extreme_swing_fold_fraction: 0.0000
Curriculum/gait_quality/front_loaded_a_mean_deg: 0.0000
Curriculum/gait_quality/front_loaded_a_low_fraction: 0.0000
Curriculum/gait_quality/front_loaded_a_min_deg: 0.0000
Curriculum/gait_quality/fl_loaded_samples: 0.0000
Curriculum/gait_quality/fl_loaded_a_mean_deg: 0.0000
Curriculum/gait_quality/fl_loaded_a_low_fraction: 0.0000
Curriculum/gait_quality/fr_loaded_samples: 0.0000
Curriculum/gait_quality/fr_loaded_a_mean_deg: 0.0000
Curriculum/gait_quality/fr_loaded_a_low_fraction: 0.0000
Curriculum/gait_quality/front_swing_a_mean_deg: 0.0000
Curriculum/gait_quality/front_swing_a_low_fraction: 0.0000
Curriculum/gait_quality/front_swing_a_min_deg: 0.0000
Curriculum/gait_quality/fl_swing_samples: 0.0000
Curriculum/gait_quality/fl_swing_a_mean_deg: 0.0000
Curriculum/gait_quality/fl_swing_a_low_fraction: 0.0000
Curriculum/gait_quality/fr_swing_samples: 0.0000
Curriculum/gait_quality/fr_swing_a_mean_deg: 0.0000
Curriculum/gait_quality/fr_swing_a_low_fraction: 0.0000
Curriculum/gait_quality/rear_forward_samples: 39.5833
Curriculum/gait_quality/rear_forward_excess_fraction: 0.0158
Curriculum/gait_quality/rear_body_b_mean_deg: 1.9612
Curriculum/gait_quality/rear_gravity_g_mean_deg: -0.6732
 Curriculum/gait_quality/rear_b_max_deg: 30.3043
 Curriculum/gait_quality/rear_g_max_deg: 21.4653
Curriculum/gait_quality/hl_loaded_samples: 22.9583
Curriculum/gait_quality/hl_body_b_mean_deg: 3.8474
Curriculum/gait_quality/hl_gravity_g_mean_deg: 0.1464
Curriculum/gait_quality/hl_forward_excess_fraction: 0.0273
Curriculum/gait_quality/hr_loaded_samples: 16.6250
Curriculum/gait_quality/hr_body_b_mean_deg: -0.6436
Curriculum/gait_quality/hr_gravity_g_mean_deg: -1.8049
Curriculum/gait_quality/hr_forward_excess_fraction: 0.0000
Curriculum/gait_quality/rear_entry_samples: 8.7083
Curriculum/gait_quality/rear_entry_b_mean_deg: 20.7754
Curriculum/gait_quality/rear_entry_g_mean_deg: 12.9377
Curriculum/gait_quality/front_body_gap_samples: 0.0000
Curriculum/gait_quality/front_body_gap_mean_m: 0.0000
Curriculum/gait_quality/front_body_gap_low_fraction: 0.0000
Curriculum/gait_quality/loaded_without_local_map_samples: 0.0000
    Curriculum/ascent_direction/samples: 0.0000
Curriculum/ascent_direction/lateral_error_mean_m: 0.0000
Curriculum/ascent_direction/lateral_error_max_m: 0.0000
Curriculum/ascent_direction/lateral_speed_mean_m_s: 0.0000
Curriculum/ascent_direction/heading_error_mean_deg: 0.0000
Curriculum/ascent_direction/outside_tolerance_fraction: 0.0000
  Curriculum/ascent_direction/cost_mean: 0.0000
       Curriculum/terrain_level_overall: 0.0000
Curriculum/terrain_level_pyramid_stairs: 0.0000
Curriculum/terrain_level_pyramid_stairs_inv: 0.0000
         Curriculum/terrain_level_boxes: 0.0000
  Curriculum/terrain_level_random_rough: 0.0000
Curriculum/terrain_level_hf_pyramid_slope: 0.0000
Curriculum/terrain_level_hf_pyramid_slope_inv: 0.0000
          Curriculum/terrain_level_flat: 0.0000
     Metrics/base_velocity/error_vel_xy: 0.0368
    Metrics/base_velocity/error_vel_yaw: 0.0351
           Metrics/base_velocity/base_z: 1.5188
         Metrics/base_velocity/knee_pos: 0.2849
           Episode_Termination/time_out: 0.0521
Episode_Termination/terrain_out_of_bounds: 0.0000
  Episode_Termination/bad_orientation_2: 0.0000
--------------------------------------------------------------------------------
                         Iteration time: 2.77s
                           Time elapsed: 00:00:17
                                    ETA: 00:02:21

################################################################################
[1m                            Learning iteration 6/55                             [0m 

                               Run name: preservation_smoke
                            Total steps: 10752 
                       Steps per second: 544 
                        Collection time: 2.775s 
                          Learning time: 0.047s 
                        Mean value loss: 0.2144
                    Mean surrogate loss: -0.0000
                      Mean entropy loss: 6.2641
                       Mean anchor loss: 0.0000
                Mean critic_warmup loss: 1.0000
                            Mean reward: 14.08
                    Mean episode length: 109.71
                        Mean action std: 0.37
            Episode_Reward/lin_vel_z_l2: -0.0057
           Episode_Reward/ang_vel_xy_l2: -0.0022
        Episode_Reward/joint_torques_l2: 0.0000
            Episode_Reward/joint_acc_l2: -0.0063
  Episode_Reward/hipx_joint_pos_penalty: -0.0265
  Episode_Reward/hipy_joint_pos_penalty: -0.0182
  Episode_Reward/knee_joint_pos_penalty: -0.0152
            Episode_Reward/joint_mirror: 0.0000
          Episode_Reward/action_rate_l2: 0.0000
        Episode_Reward/action_smooth_l2: 0.0000
      Episode_Reward/undesired_contacts: 0.0000
          Episode_Reward/contact_forces: 0.0000
    Episode_Reward/track_lin_vel_xy_exp: 0.6801
     Episode_Reward/track_ang_vel_z_exp: 0.4121
 Episode_Reward/feet_air_time_ang_z_M20: 0.0000
    Episode_Reward/feet_slide_ang_z_cmd: 0.0000
             Episode_Reward/stand_still: -0.0223
    Episode_Reward/rotation_gait_status: 0.0000
  Episode_Reward/rotation_gait_symmetry: 0.0000
 Episode_Reward/bad_orientation_penalty: 0.0000
      Episode_Reward/joint_acc_wheel_l2: -0.0127
  Episode_Reward/stair_orientation_cost: -0.0105
  Episode_Reward/stair_forward_progress: 0.0008
  Episode_Reward/stair_front_wheel_lift: 0.0000
Episode_Reward/stair_forward_motion_cost: -0.0011
Episode_Reward/stair_ascent_direction_cost: 0.0000
Episode_Reward/stair_front_wheel_touchdown: 0.0042
Episode_Reward/stair_front_single_support: 0.0001
Episode_Reward/stair_diagonal_support_symmetry: 0.0000
 Episode_Reward/stair_front_alternation: 0.0000
Episode_Reward/stair_up_step_completion: 0.0000
  Episode_Reward/stair_up_task_crossing: 0.0000
Episode_Reward/stair_up_rear_step_completion: 0.0000
   Episode_Reward/stair_rear_wheel_lift: 0.0000
Episode_Reward/stair_descent_rear_forward_cost: 0.0000
Episode_Reward/stair_ascent_front_body_clearance_cost: 0.0000
Episode_Reward/stair_up_order_violation_cost: 0.0000
Episode_Reward/stair_up_same_tread_cost: 0.0000
Episode_Reward/stair_up_same_tread_dwell_cost: 0.0000
Episode_Reward/stair_descent_rear_fold_cost: 0.0000
Episode_Reward/stair_ascent_front_fold_cost: 0.0000
    Episode_Reward/turn_swing_size_cost: 0.0000
Episode_Reward/stair_down_step_completion: 0.0000
Episode_Reward/stair_front_riser_face_cost: 0.0000
Episode_Reward/stair_descent_rear_support: 0.0000
       Episode_Reward/stair_impact_cost: 0.0000
Episode_Reward/stair_non_wheel_contact_cost: 0.0000
Episode_Reward/stair_non_wheel_scrape_cost: 0.0000
 Episode_Reward/stair_joint_effort_cost: -0.0002
Episode_Reward/stair_joint_acceleration_cost: -0.0003
Episode_Reward/stair_mechanical_power_cost: -0.0001
              Curriculum/terrain_levels: 0.0000
                  Curriculum/gait_level: 0.0000
 Curriculum/step_completion/up_attempts: 0.0000
Curriculum/step_completion/up_successes: 0.0000
Curriculum/step_completion/up_success_rate: 0.0000
Curriculum/step_completion/up_rear_successes: 0.0000
Curriculum/step_completion/up_front_violations: 0.0000
Curriculum/step_completion/up_rear_violations: 0.0000
Curriculum/step_completion/up_front_same_tread_events: 0.0000
Curriculum/step_completion/up_front_same_tread_dwell_s: 0.0000
Curriculum/step_completion/up_rear_same_tread_events: 0.0000
Curriculum/step_completion/up_rear_same_tread_dwell_s: 0.0000
Curriculum/step_completion/up_targets_started: 0.0000
Curriculum/step_completion/up_lift_credit: 0.0000
  Curriculum/step_completion/up_retries: 0.0000
Curriculum/step_completion/up_abandoned_targets: 0.0000
Curriculum/step_completion/up_retreat_fraction: 0.0000
Curriculum/step_completion/up_stationary_fraction: 0.0000
Curriculum/step_completion/down_attempts: 0.3333
Curriculum/step_completion/down_successes: 0.0000
Curriculum/step_completion/down_success_rate: 0.0000
Curriculum/step_completion/forward_gate_fraction: 0.0214
Curriculum/step_completion/nearby_gate_fraction: 0.1433
Curriculum/step_completion/registered_risers: 0.0000
Curriculum/step_completion/up_whole_body_crossings: 0.0000
Curriculum/step_completion/up_whole_body_crossing_coverage: 0.0000
Curriculum/step_completion/up_front_registered_intermediate_risers: 0.0000
Curriculum/step_completion/up_front_landing_coverage: 0.0000
Curriculum/step_completion/up_front_strict_coverage: 0.0000
Curriculum/step_completion/up_front_physical_landings: 0.0000
Curriculum/step_completion/up_front_transition_successes: 0.0000
Curriculum/step_completion/up_front_skipped_riser_events: 0.0000
Curriculum/step_completion/up_front_unsafe_events: 0.0000
Curriculum/step_completion/up_front_skip_fraction: 0.0000
Curriculum/step_completion/up_front_visited_intermediate_risers: 0.0000
Curriculum/step_completion/up_front_same_tread_fraction: 0.0000
Curriculum/step_completion/up_front_longest_strict_run: 0.0000
Curriculum/step_completion/up_front_six_step_strict_fraction: 0.0000
Curriculum/step_completion/fl_stable_treads: 0.0000
Curriculum/step_completion/fr_stable_treads: 0.0000
Curriculum/step_completion/up_rear_registered_intermediate_risers: 0.0000
Curriculum/step_completion/up_rear_landing_coverage: 0.0000
Curriculum/step_completion/up_rear_strict_coverage: 0.0000
Curriculum/step_completion/up_rear_physical_landings: 0.0000
Curriculum/step_completion/up_rear_transition_successes: 0.0000
Curriculum/step_completion/up_rear_skipped_riser_events: 0.0000
Curriculum/step_completion/up_rear_unsafe_events: 0.0000
Curriculum/step_completion/up_rear_skip_fraction: 0.0000
Curriculum/step_completion/up_rear_visited_intermediate_risers: 0.0000
Curriculum/step_completion/up_rear_same_tread_fraction: 0.0000
Curriculum/step_completion/up_rear_longest_strict_run: 0.0000
Curriculum/step_completion/up_rear_six_step_strict_fraction: 0.0000
Curriculum/step_completion/hl_stable_treads: 0.0000
Curriculum/step_completion/hr_stable_treads: 0.0000
Curriculum/step_completion/up_rear_lift_credit: 0.0000
   Curriculum/gait_quality/turn_samples: 65.0833
Curriculum/gait_quality/descent_samples: 7.0000
Curriculum/gait_quality/rear_support_samples: 9.3333
Curriculum/gait_quality/turn_clearance_mean_m: 0.0013
Curriculum/gait_quality/turn_reach_mean_m: 0.0759
Curriculum/gait_quality/turn_yaw_error_mean: 0.1031
Curriculum/gait_quality/rear_extension_mean_m: 0.1666
Curriculum/gait_quality/rear_fold_support_fraction: 0.0000
 Curriculum/gait_quality/ascent_samples: 0.0000
Curriculum/gait_quality/front_support_samples: 0.0000
Curriculum/gait_quality/front_extension_mean_m: 0.0000
Curriculum/gait_quality/front_knee_abs_mean_rad: 0.0000
Curriculum/gait_quality/front_fold_support_fraction: 0.0000
Curriculum/gait_quality/front_swing_samples: 0.0000
Curriculum/gait_quality/front_extreme_swing_fold_fraction: 0.0000
Curriculum/gait_quality/front_loaded_a_mean_deg: 0.0000
Curriculum/gait_quality/front_loaded_a_low_fraction: 0.0000
Curriculum/gait_quality/front_loaded_a_min_deg: 0.0000
Curriculum/gait_quality/fl_loaded_samples: 0.0000
Curriculum/gait_quality/fl_loaded_a_mean_deg: 0.0000
Curriculum/gait_quality/fl_loaded_a_low_fraction: 0.0000
Curriculum/gait_quality/fr_loaded_samples: 0.0000
Curriculum/gait_quality/fr_loaded_a_mean_deg: 0.0000
Curriculum/gait_quality/fr_loaded_a_low_fraction: 0.0000
Curriculum/gait_quality/front_swing_a_mean_deg: 0.0000
Curriculum/gait_quality/front_swing_a_low_fraction: 0.0000
Curriculum/gait_quality/front_swing_a_min_deg: 0.0000
Curriculum/gait_quality/fl_swing_samples: 0.0000
Curriculum/gait_quality/fl_swing_a_mean_deg: 0.0000
Curriculum/gait_quality/fl_swing_a_low_fraction: 0.0000
Curriculum/gait_quality/fr_swing_samples: 0.0000
Curriculum/gait_quality/fr_swing_a_mean_deg: 0.0000
Curriculum/gait_quality/fr_swing_a_low_fraction: 0.0000
Curriculum/gait_quality/rear_forward_samples: 9.3333
Curriculum/gait_quality/rear_forward_excess_fraction: 0.0000
Curriculum/gait_quality/rear_body_b_mean_deg: -0.9399
Curriculum/gait_quality/rear_gravity_g_mean_deg: -0.9463
 Curriculum/gait_quality/rear_b_max_deg: 0.5603
 Curriculum/gait_quality/rear_g_max_deg: 1.0068
Curriculum/gait_quality/hl_loaded_samples: 5.6667
Curriculum/gait_quality/hl_body_b_mean_deg: -1.1424
Curriculum/gait_quality/hl_gravity_g_mean_deg: -1.2786
Curriculum/gait_quality/hl_forward_excess_fraction: 0.0000
Curriculum/gait_quality/hr_loaded_samples: 3.6667
Curriculum/gait_quality/hr_body_b_mean_deg: -0.6268
Curriculum/gait_quality/hr_gravity_g_mean_deg: -0.4326
Curriculum/gait_quality/hr_forward_excess_fraction: 0.0000
Curriculum/gait_quality/rear_entry_samples: 2.3333
Curriculum/gait_quality/rear_entry_b_mean_deg: -2.5516
Curriculum/gait_quality/rear_entry_g_mean_deg: -3.3989
Curriculum/gait_quality/front_body_gap_samples: 0.0000
Curriculum/gait_quality/front_body_gap_mean_m: 0.0000
Curriculum/gait_quality/front_body_gap_low_fraction: 0.0000
Curriculum/gait_quality/loaded_without_local_map_samples: 0.0000
    Curriculum/ascent_direction/samples: 0.0000
Curriculum/ascent_direction/lateral_error_mean_m: 0.0000
Curriculum/ascent_direction/lateral_error_max_m: 0.0000
Curriculum/ascent_direction/lateral_speed_mean_m_s: 0.0000
Curriculum/ascent_direction/heading_error_mean_deg: 0.0000
Curriculum/ascent_direction/outside_tolerance_fraction: 0.0000
  Curriculum/ascent_direction/cost_mean: 0.0000
       Curriculum/terrain_level_overall: 0.0000
Curriculum/terrain_level_pyramid_stairs: 0.0000
Curriculum/terrain_level_pyramid_stairs_inv: 0.0000
         Curriculum/terrain_level_boxes: 0.0000
  Curriculum/terrain_level_random_rough: 0.0000
Curriculum/terrain_level_hf_pyramid_slope: 0.0000
Curriculum/terrain_level_hf_pyramid_slope_inv: 0.0000
          Curriculum/terrain_level_flat: 0.0000
     Metrics/base_velocity/error_vel_xy: 0.0597
    Metrics/base_velocity/error_vel_yaw: 0.0561
           Metrics/base_velocity/base_z: 0.7994
         Metrics/base_velocity/knee_pos: 0.2548
           Episode_Termination/time_out: 0.0898
Episode_Termination/terrain_out_of_bounds: 0.0000
  Episode_Termination/bad_orientation_2: 0.0000
--------------------------------------------------------------------------------
                         Iteration time: 2.82s
                           Time elapsed: 00:00:20
                                    ETA: 00:02:17

################################################################################
[1m                            Learning iteration 7/55                             [0m 

                               Run name: preservation_smoke
                            Total steps: 12288 
                       Steps per second: 554 
                        Collection time: 2.717s 
                          Learning time: 0.055s 
                        Mean value loss: 0.2046
                    Mean surrogate loss: -0.0000
                      Mean entropy loss: 6.2641
                       Mean anchor loss: 0.0000
                Mean critic_warmup loss: 1.0000
                            Mean reward: 16.17
                    Mean episode length: 126.11
                        Mean action std: 0.37
            Episode_Reward/lin_vel_z_l2: -0.0060
           Episode_Reward/ang_vel_xy_l2: -0.0022
        Episode_Reward/joint_torques_l2: 0.0000
            Episode_Reward/joint_acc_l2: -0.0061
  Episode_Reward/hipx_joint_pos_penalty: -0.0356
  Episode_Reward/hipy_joint_pos_penalty: -0.0241
  Episode_Reward/knee_joint_pos_penalty: -0.0202
            Episode_Reward/joint_mirror: 0.0000
          Episode_Reward/action_rate_l2: 0.0000
        Episode_Reward/action_smooth_l2: 0.0000
      Episode_Reward/undesired_contacts: 0.0000
          Episode_Reward/contact_forces: 0.0000
    Episode_Reward/track_lin_vel_xy_exp: 0.7601
     Episode_Reward/track_ang_vel_z_exp: 0.4861
 Episode_Reward/feet_air_time_ang_z_M20: 0.0000
    Episode_Reward/feet_slide_ang_z_cmd: 0.0000
             Episode_Reward/stand_still: 0.0000
    Episode_Reward/rotation_gait_status: 0.0000
  Episode_Reward/rotation_gait_symmetry: 0.0000
 Episode_Reward/bad_orientation_penalty: 0.0000
      Episode_Reward/joint_acc_wheel_l2: -0.0108
  Episode_Reward/stair_orientation_cost: -0.0114
  Episode_Reward/stair_forward_progress: 0.0000
  Episode_Reward/stair_front_wheel_lift: 0.0000
Episode_Reward/stair_forward_motion_cost: 0.0000
Episode_Reward/stair_ascent_direction_cost: 0.0000
Episode_Reward/stair_front_wheel_touchdown: 0.0000
Episode_Reward/stair_front_single_support: 0.0000
Episode_Reward/stair_diagonal_support_symmetry: 0.0000
 Episode_Reward/stair_front_alternation: 0.0000
Episode_Reward/stair_up_step_completion: 0.0000
  Episode_Reward/stair_up_task_crossing: 0.0000
Episode_Reward/stair_up_rear_step_completion: 0.0000
   Episode_Reward/stair_rear_wheel_lift: 0.0000
Episode_Reward/stair_descent_rear_forward_cost: 0.0000
Episode_Reward/stair_ascent_front_body_clearance_cost: 0.0000
Episode_Reward/stair_up_order_violation_cost: 0.0000
Episode_Reward/stair_up_same_tread_cost: 0.0000
Episode_Reward/stair_up_same_tread_dwell_cost: 0.0000
Episode_Reward/stair_descent_rear_fold_cost: 0.0000
Episode_Reward/stair_ascent_front_fold_cost: 0.0000
    Episode_Reward/turn_swing_size_cost: 0.0000
Episode_Reward/stair_down_step_completion: 0.0000
Episode_Reward/stair_front_riser_face_cost: 0.0000
Episode_Reward/stair_descent_rear_support: 0.0000
       Episode_Reward/stair_impact_cost: 0.0000
Episode_Reward/stair_non_wheel_contact_cost: 0.0000
Episode_Reward/stair_non_wheel_scrape_cost: 0.0000
 Episode_Reward/stair_joint_effort_cost: -0.0002
Episode_Reward/stair_joint_acceleration_cost: -0.0004
Episode_Reward/stair_mechanical_power_cost: -0.0001
              Curriculum/terrain_levels: 0.0000
                  Curriculum/gait_level: 0.0000
 Curriculum/step_completion/up_attempts: 0.0000
Curriculum/step_completion/up_successes: 0.0000
Curriculum/step_completion/up_success_rate: 0.0000
Curriculum/step_completion/up_rear_successes: 0.0000
Curriculum/step_completion/up_front_violations: 0.0000
Curriculum/step_completion/up_rear_violations: 0.0000
Curriculum/step_completion/up_front_same_tread_events: 0.0000
Curriculum/step_completion/up_front_same_tread_dwell_s: 0.0000
Curriculum/step_completion/up_rear_same_tread_events: 0.0000
Curriculum/step_completion/up_rear_same_tread_dwell_s: 0.0000
Curriculum/step_completion/up_targets_started: 0.0000
Curriculum/step_completion/up_lift_credit: 0.0000
  Curriculum/step_completion/up_retries: 0.0000
Curriculum/step_completion/up_abandoned_targets: 0.0000
Curriculum/step_completion/up_retreat_fraction: 0.0000
Curriculum/step_completion/up_stationary_fraction: 0.0000
Curriculum/step_completion/down_attempts: 0.0000
Curriculum/step_completion/down_successes: 0.0000
Curriculum/step_completion/down_success_rate: 0.0000
Curriculum/step_completion/forward_gate_fraction: 0.0000
Curriculum/step_completion/nearby_gate_fraction: 0.1463
Curriculum/step_completion/registered_risers: 0.0000
Curriculum/step_completion/up_whole_body_crossings: 0.0000
Curriculum/step_completion/up_whole_body_crossing_coverage: 0.0000
Curriculum/step_completion/up_front_registered_intermediate_risers: 0.0000
Curriculum/step_completion/up_front_landing_coverage: 0.0000
Curriculum/step_completion/up_front_strict_coverage: 0.0000
Curriculum/step_completion/up_front_physical_landings: 0.0000
Curriculum/step_completion/up_front_transition_successes: 0.0000
Curriculum/step_completion/up_front_skipped_riser_events: 0.0000
Curriculum/step_completion/up_front_unsafe_events: 0.0000
Curriculum/step_completion/up_front_skip_fraction: 0.0000
Curriculum/step_completion/up_front_visited_intermediate_risers: 0.0000
Curriculum/step_completion/up_front_same_tread_fraction: 0.0000
Curriculum/step_completion/up_front_longest_strict_run: 0.0000
Curriculum/step_completion/up_front_six_step_strict_fraction: 0.0000
Curriculum/step_completion/fl_stable_treads: 0.0000
Curriculum/step_completion/fr_stable_treads: 0.0000
Curriculum/step_completion/up_rear_registered_intermediate_risers: 0.0000
Curriculum/step_completion/up_rear_landing_coverage: 0.0000
Curriculum/step_completion/up_rear_strict_coverage: 0.0000
Curriculum/step_completion/up_rear_physical_landings: 0.0000
Curriculum/step_completion/up_rear_transition_successes: 0.0000
Curriculum/step_completion/up_rear_skipped_riser_events: 0.0000
Curriculum/step_completion/up_rear_unsafe_events: 0.0000
Curriculum/step_completion/up_rear_skip_fraction: 0.0000
Curriculum/step_completion/up_rear_visited_intermediate_risers: 0.0000
Curriculum/step_completion/up_rear_same_tread_fraction: 0.0000
Curriculum/step_completion/up_rear_longest_strict_run: 0.0000
Curriculum/step_completion/up_rear_six_step_strict_fraction: 0.0000
Curriculum/step_completion/hl_stable_treads: 0.0000
Curriculum/step_completion/hr_stable_treads: 0.0000
Curriculum/step_completion/up_rear_lift_credit: 0.0000
   Curriculum/gait_quality/turn_samples: 0.0000
Curriculum/gait_quality/descent_samples: 0.0000
Curriculum/gait_quality/rear_support_samples: 0.0000
Curriculum/gait_quality/turn_clearance_mean_m: 0.0000
Curriculum/gait_quality/turn_reach_mean_m: 0.0000
Curriculum/gait_quality/turn_yaw_error_mean: 0.0000
Curriculum/gait_quality/rear_extension_mean_m: 0.0000
Curriculum/gait_quality/rear_fold_support_fraction: 0.0000
 Curriculum/gait_quality/ascent_samples: 0.0000
Curriculum/gait_quality/front_support_samples: 0.0000
Curriculum/gait_quality/front_extension_mean_m: 0.0000
Curriculum/gait_quality/front_knee_abs_mean_rad: 0.0000
Curriculum/gait_quality/front_fold_support_fraction: 0.0000
Curriculum/gait_quality/front_swing_samples: 0.0000
Curriculum/gait_quality/front_extreme_swing_fold_fraction: 0.0000
Curriculum/gait_quality/front_loaded_a_mean_deg: 0.0000
Curriculum/gait_quality/front_loaded_a_low_fraction: 0.0000
Curriculum/gait_quality/front_loaded_a_min_deg: 0.0000
Curriculum/gait_quality/fl_loaded_samples: 0.0000
Curriculum/gait_quality/fl_loaded_a_mean_deg: 0.0000
Curriculum/gait_quality/fl_loaded_a_low_fraction: 0.0000
Curriculum/gait_quality/fr_loaded_samples: 0.0000
Curriculum/gait_quality/fr_loaded_a_mean_deg: 0.0000
Curriculum/gait_quality/fr_loaded_a_low_fraction: 0.0000
Curriculum/gait_quality/front_swing_a_mean_deg: 0.0000
Curriculum/gait_quality/front_swing_a_low_fraction: 0.0000
Curriculum/gait_quality/front_swing_a_min_deg: 0.0000
Curriculum/gait_quality/fl_swing_samples: 0.0000
Curriculum/gait_quality/fl_swing_a_mean_deg: 0.0000
Curriculum/gait_quality/fl_swing_a_low_fraction: 0.0000
Curriculum/gait_quality/fr_swing_samples: 0.0000
Curriculum/gait_quality/fr_swing_a_mean_deg: 0.0000
Curriculum/gait_quality/fr_swing_a_low_fraction: 0.0000
Curriculum/gait_quality/rear_forward_samples: 0.0000
Curriculum/gait_quality/rear_forward_excess_fraction: 0.0000
Curriculum/gait_quality/rear_body_b_mean_deg: 0.0000
Curriculum/gait_quality/rear_gravity_g_mean_deg: 0.0000
 Curriculum/gait_quality/rear_b_max_deg: 0.0000
 Curriculum/gait_quality/rear_g_max_deg: 0.0000
Curriculum/gait_quality/hl_loaded_samples: 0.0000
Curriculum/gait_quality/hl_body_b_mean_deg: 0.0000
Curriculum/gait_quality/hl_gravity_g_mean_deg: 0.0000
Curriculum/gait_quality/hl_forward_excess_fraction: 0.0000
Curriculum/gait_quality/hr_loaded_samples: 0.0000
Curriculum/gait_quality/hr_body_b_mean_deg: 0.0000
Curriculum/gait_quality/hr_gravity_g_mean_deg: 0.0000
Curriculum/gait_quality/hr_forward_excess_fraction: 0.0000
Curriculum/gait_quality/rear_entry_samples: 0.0000
Curriculum/gait_quality/rear_entry_b_mean_deg: 0.0000
Curriculum/gait_quality/rear_entry_g_mean_deg: 0.0000
Curriculum/gait_quality/front_body_gap_samples: 0.0000
Curriculum/gait_quality/front_body_gap_mean_m: 0.0000
Curriculum/gait_quality/front_body_gap_low_fraction: 0.0000
Curriculum/gait_quality/loaded_without_local_map_samples: 0.0000
    Curriculum/ascent_direction/samples: 0.0000
Curriculum/ascent_direction/lateral_error_mean_m: 0.0000
Curriculum/ascent_direction/lateral_error_max_m: 0.0000
Curriculum/ascent_direction/lateral_speed_mean_m_s: 0.0000
Curriculum/ascent_direction/heading_error_mean_deg: 0.0000
Curriculum/ascent_direction/outside_tolerance_fraction: 0.0000
  Curriculum/ascent_direction/cost_mean: 0.0000
       Curriculum/terrain_level_overall: 0.0000
Curriculum/terrain_level_pyramid_stairs: 0.0000
Curriculum/terrain_level_pyramid_stairs_inv: 0.0000
         Curriculum/terrain_level_boxes: 0.0000
  Curriculum/terrain_level_random_rough: 0.0000
Curriculum/terrain_level_hf_pyramid_slope: 0.0000
Curriculum/terrain_level_hf_pyramid_slope_inv: 0.0000
          Curriculum/terrain_level_flat: 0.0000
     Metrics/base_velocity/error_vel_xy: 0.0776
    Metrics/base_velocity/error_vel_yaw: 0.0501
           Metrics/base_velocity/base_z: 0.4574
         Metrics/base_velocity/knee_pos: 0.2594
           Episode_Termination/time_out: 0.1217
Episode_Termination/terrain_out_of_bounds: 0.0000
  Episode_Termination/bad_orientation_2: 0.0000
--------------------------------------------------------------------------------
                         Iteration time: 2.77s
                           Time elapsed: 00:00:22
                                    ETA: 00:02:14

################################################################################
[1m                            Learning iteration 8/55                             [0m 

                               Run name: preservation_smoke
                            Total steps: 13824 
                       Steps per second: 548 
                        Collection time: 2.764s 
                          Learning time: 0.039s 
                        Mean value loss: 0.1657
                    Mean surrogate loss: -0.0000
                      Mean entropy loss: 6.2641
                       Mean anchor loss: 0.0000
                Mean critic_warmup loss: 1.0000
                            Mean reward: 18.61
                    Mean episode length: 141.36
                        Mean action std: 0.37
            Episode_Reward/lin_vel_z_l2: -0.0049
           Episode_Reward/ang_vel_xy_l2: -0.0036
        Episode_Reward/joint_torques_l2: 0.0000
            Episode_Reward/joint_acc_l2: -0.0125
  Episode_Reward/hipx_joint_pos_penalty: -0.0645
  Episode_Reward/hipy_joint_pos_penalty: -0.0351
  Episode_Reward/knee_joint_pos_penalty: -0.0366
            Episode_Reward/joint_mirror: 0.0000
          Episode_Reward/action_rate_l2: 0.0000
        Episode_Reward/action_smooth_l2: 0.0000
      Episode_Reward/undesired_contacts: 0.0000
          Episode_Reward/contact_forces: 0.0000
    Episode_Reward/track_lin_vel_xy_exp: 0.8785
     Episode_Reward/track_ang_vel_z_exp: 0.5452
 Episode_Reward/feet_air_time_ang_z_M20: 0.0000
    Episode_Reward/feet_slide_ang_z_cmd: 0.0000
             Episode_Reward/stand_still: 0.0000
    Episode_Reward/rotation_gait_status: 0.0000
  Episode_Reward/rotation_gait_symmetry: 0.0000
 Episode_Reward/bad_orientation_penalty: 0.0000
      Episode_Reward/joint_acc_wheel_l2: -0.0117
  Episode_Reward/stair_orientation_cost: -0.0137
  Episode_Reward/stair_forward_progress: 0.0000
  Episode_Reward/stair_front_wheel_lift: 0.0000
Episode_Reward/stair_forward_motion_cost: 0.0000
Episode_Reward/stair_ascent_direction_cost: 0.0000
Episode_Reward/stair_front_wheel_touchdown: 0.0000
Episode_Reward/stair_front_single_support: 0.0000
Episode_Reward/stair_diagonal_support_symmetry: 0.0000
 Episode_Reward/stair_front_alternation: 0.0000
Episode_Reward/stair_up_step_completion: 0.0000
  Episode_Reward/stair_up_task_crossing: 0.0000
Episode_Reward/stair_up_rear_step_completion: 0.0000
   Episode_Reward/stair_rear_wheel_lift: 0.0000
Episode_Reward/stair_descent_rear_forward_cost: 0.0000
Episode_Reward/stair_ascent_front_body_clearance_cost: 0.0000
Episode_Reward/stair_up_order_violation_cost: 0.0000
Episode_Reward/stair_up_same_tread_cost: 0.0000
Episode_Reward/stair_up_same_tread_dwell_cost: 0.0000
Episode_Reward/stair_descent_rear_fold_cost: 0.0000
Episode_Reward/stair_ascent_front_fold_cost: 0.0000
    Episode_Reward/turn_swing_size_cost: 0.0000
Episode_Reward/stair_down_step_completion: 0.0000
Episode_Reward/stair_front_riser_face_cost: 0.0000
Episode_Reward/stair_descent_rear_support: 0.0000
       Episode_Reward/stair_impact_cost: -0.0000
Episode_Reward/stair_non_wheel_contact_cost: 0.0000
Episode_Reward/stair_non_wheel_scrape_cost: 0.0000
 Episode_Reward/stair_joint_effort_cost: -0.0000
Episode_Reward/stair_joint_acceleration_cost: -0.0000
Episode_Reward/stair_mechanical_power_cost: -0.0000
              Curriculum/terrain_levels: 0.0000
                  Curriculum/gait_level: 0.0000
 Curriculum/step_completion/up_attempts: 0.0000
Curriculum/step_completion/up_successes: 0.0000
Curriculum/step_completion/up_success_rate: 0.0000
Curriculum/step_completion/up_rear_successes: 0.0000
Curriculum/step_completion/up_front_violations: 0.0000
Curriculum/step_completion/up_rear_violations: 0.0000
Curriculum/step_completion/up_front_same_tread_events: 0.0000
Curriculum/step_completion/up_front_same_tread_dwell_s: 0.0000
Curriculum/step_completion/up_rear_same_tread_events: 0.0000
Curriculum/step_completion/up_rear_same_tread_dwell_s: 0.0000
Curriculum/step_completion/up_targets_started: 0.0000
Curriculum/step_completion/up_lift_credit: 0.0000
  Curriculum/step_completion/up_retries: 0.0000
Curriculum/step_completion/up_abandoned_targets: 0.0000
Curriculum/step_completion/up_retreat_fraction: 0.0000
Curriculum/step_completion/up_stationary_fraction: 0.0000
Curriculum/step_completion/down_attempts: 0.0000
Curriculum/step_completion/down_successes: 0.0000
Curriculum/step_completion/down_success_rate: 0.0000
Curriculum/step_completion/forward_gate_fraction: 0.0000
Curriculum/step_completion/nearby_gate_fraction: 0.0563
Curriculum/step_completion/registered_risers: 0.0000
Curriculum/step_completion/up_whole_body_crossings: 0.0000
Curriculum/step_completion/up_whole_body_crossing_coverage: 0.0000
Curriculum/step_completion/up_front_registered_intermediate_risers: 0.0000
Curriculum/step_completion/up_front_landing_coverage: 0.0000
Curriculum/step_completion/up_front_strict_coverage: 0.0000
Curriculum/step_completion/up_front_physical_landings: 0.0000
Curriculum/step_completion/up_front_transition_successes: 0.0000
Curriculum/step_completion/up_front_skipped_riser_events: 0.0000
Curriculum/step_completion/up_front_unsafe_events: 0.0000
Curriculum/step_completion/up_front_skip_fraction: 0.0000
Curriculum/step_completion/up_front_visited_intermediate_risers: 0.0000
Curriculum/step_completion/up_front_same_tread_fraction: 0.0000
Curriculum/step_completion/up_front_longest_strict_run: 0.0000
Curriculum/step_completion/up_front_six_step_strict_fraction: 0.0000
Curriculum/step_completion/fl_stable_treads: 0.0000
Curriculum/step_completion/fr_stable_treads: 0.0000
Curriculum/step_completion/up_rear_registered_intermediate_risers: 0.0000
Curriculum/step_completion/up_rear_landing_coverage: 0.0000
Curriculum/step_completion/up_rear_strict_coverage: 0.0000
Curriculum/step_completion/up_rear_physical_landings: 0.0000
Curriculum/step_completion/up_rear_transition_successes: 0.0000
Curriculum/step_completion/up_rear_skipped_riser_events: 0.0000
Curriculum/step_completion/up_rear_unsafe_events: 0.0000
Curriculum/step_completion/up_rear_skip_fraction: 0.0000
Curriculum/step_completion/up_rear_visited_intermediate_risers: 0.0000
Curriculum/step_completion/up_rear_same_tread_fraction: 0.0000
Curriculum/step_completion/up_rear_longest_strict_run: 0.0000
Curriculum/step_completion/up_rear_six_step_strict_fraction: 0.0000
Curriculum/step_completion/hl_stable_treads: 0.0000
Curriculum/step_completion/hr_stable_treads: 0.0000
Curriculum/step_completion/up_rear_lift_credit: 0.0000
   Curriculum/gait_quality/turn_samples: 0.0000
Curriculum/gait_quality/descent_samples: 0.0000
Curriculum/gait_quality/rear_support_samples: 0.0000
Curriculum/gait_quality/turn_clearance_mean_m: 0.0000
Curriculum/gait_quality/turn_reach_mean_m: 0.0000
Curriculum/gait_quality/turn_yaw_error_mean: 0.0000
Curriculum/gait_quality/rear_extension_mean_m: 0.0000
Curriculum/gait_quality/rear_fold_support_fraction: 0.0000
 Curriculum/gait_quality/ascent_samples: 0.0000
Curriculum/gait_quality/front_support_samples: 0.0000
Curriculum/gait_quality/front_extension_mean_m: 0.0000
Curriculum/gait_quality/front_knee_abs_mean_rad: 0.0000
Curriculum/gait_quality/front_fold_support_fraction: 0.0000
Curriculum/gait_quality/front_swing_samples: 0.0000
Curriculum/gait_quality/front_extreme_swing_fold_fraction: 0.0000
Curriculum/gait_quality/front_loaded_a_mean_deg: 0.0000
Curriculum/gait_quality/front_loaded_a_low_fraction: 0.0000
Curriculum/gait_quality/front_loaded_a_min_deg: 0.0000
Curriculum/gait_quality/fl_loaded_samples: 0.0000
Curriculum/gait_quality/fl_loaded_a_mean_deg: 0.0000
Curriculum/gait_quality/fl_loaded_a_low_fraction: 0.0000
Curriculum/gait_quality/fr_loaded_samples: 0.0000
Curriculum/gait_quality/fr_loaded_a_mean_deg: 0.0000
Curriculum/gait_quality/fr_loaded_a_low_fraction: 0.0000
Curriculum/gait_quality/front_swing_a_mean_deg: 0.0000
Curriculum/gait_quality/front_swing_a_low_fraction: 0.0000
Curriculum/gait_quality/front_swing_a_min_deg: 0.0000
Curriculum/gait_quality/fl_swing_samples: 0.0000
Curriculum/gait_quality/fl_swing_a_mean_deg: 0.0000
Curriculum/gait_quality/fl_swing_a_low_fraction: 0.0000
Curriculum/gait_quality/fr_swing_samples: 0.0000
Curriculum/gait_quality/fr_swing_a_mean_deg: 0.0000
Curriculum/gait_quality/fr_swing_a_low_fraction: 0.0000
Curriculum/gait_quality/rear_forward_samples: 0.0000
Curriculum/gait_quality/rear_forward_excess_fraction: 0.0000
Curriculum/gait_quality/rear_body_b_mean_deg: 0.0000
Curriculum/gait_quality/rear_gravity_g_mean_deg: 0.0000
 Curriculum/gait_quality/rear_b_max_deg: 0.0000
 Curriculum/gait_quality/rear_g_max_deg: 0.0000
Curriculum/gait_quality/hl_loaded_samples: 0.0000
Curriculum/gait_quality/hl_body_b_mean_deg: 0.0000
Curriculum/gait_quality/hl_gravity_g_mean_deg: 0.0000
Curriculum/gait_quality/hl_forward_excess_fraction: 0.0000
Curriculum/gait_quality/hr_loaded_samples: 0.0000
Curriculum/gait_quality/hr_body_b_mean_deg: 0.0000
Curriculum/gait_quality/hr_gravity_g_mean_deg: 0.0000
Curriculum/gait_quality/hr_forward_excess_fraction: 0.0000
Curriculum/gait_quality/rear_entry_samples: 0.0000
Curriculum/gait_quality/rear_entry_b_mean_deg: 0.0000
Curriculum/gait_quality/rear_entry_g_mean_deg: 0.0000
Curriculum/gait_quality/front_body_gap_samples: 0.0000
Curriculum/gait_quality/front_body_gap_mean_m: 0.0000
Curriculum/gait_quality/front_body_gap_low_fraction: 0.0000
Curriculum/gait_quality/loaded_without_local_map_samples: 0.0000
    Curriculum/ascent_direction/samples: 0.0000
Curriculum/ascent_direction/lateral_error_mean_m: 0.0000
Curriculum/ascent_direction/lateral_error_max_m: 0.0000
Curriculum/ascent_direction/lateral_speed_mean_m_s: 0.0000
Curriculum/ascent_direction/heading_error_mean_deg: 0.0000
Curriculum/ascent_direction/outside_tolerance_fraction: 0.0000
  Curriculum/ascent_direction/cost_mean: 0.0000
       Curriculum/terrain_level_overall: 0.0000
Curriculum/terrain_level_pyramid_stairs: 0.0000
Curriculum/terrain_level_pyramid_stairs_inv: 0.0000
         Curriculum/terrain_level_boxes: 0.0000
  Curriculum/terrain_level_random_rough: 0.0000
Curriculum/terrain_level_hf_pyramid_slope: 0.0000
Curriculum/terrain_level_hf_pyramid_slope_inv: 0.0000
          Curriculum/terrain_level_flat: 0.0000
     Metrics/base_velocity/error_vel_xy: 0.0839
    Metrics/base_velocity/error_vel_yaw: 0.0646
           Metrics/base_velocity/base_z: 0.6960
         Metrics/base_velocity/knee_pos: 0.2734
           Episode_Termination/time_out: 0.1497
Episode_Termination/terrain_out_of_bounds: 0.0000
  Episode_Termination/bad_orientation_2: 0.0000
--------------------------------------------------------------------------------
                         Iteration time: 2.80s
                           Time elapsed: 00:00:25
                                    ETA: 00:02:11

################################################################################
[1m                            Learning iteration 9/55                             [0m 

                               Run name: preservation_smoke
                            Total steps: 15360 
                       Steps per second: 577 
                        Collection time: 2.615s 
                          Learning time: 0.044s 
                        Mean value loss: 0.2158
                    Mean surrogate loss: 0.0000
                      Mean entropy loss: 6.2641
                       Mean anchor loss: 0.0000
                Mean critic_warmup loss: 1.0000
                            Mean reward: 18.61
                    Mean episode length: 141.36
                        Mean action std: 0.37
            Episode_Reward/lin_vel_z_l2: -0.0032
           Episode_Reward/ang_vel_xy_l2: -0.0027
        Episode_Reward/joint_torques_l2: 0.0000
            Episode_Reward/joint_acc_l2: -0.0041
  Episode_Reward/hipx_joint_pos_penalty: -0.0453
  Episode_Reward/hipy_joint_pos_penalty: -0.0218
  Episode_Reward/knee_joint_pos_penalty: -0.0222
            Episode_Reward/joint_mirror: 0.0000
          Episode_Reward/action_rate_l2: 0.0000
        Episode_Reward/action_smooth_l2: 0.0000
      Episode_Reward/undesired_contacts: 0.0000
          Episode_Reward/contact_forces: 0.0000
    Episode_Reward/track_lin_vel_xy_exp: 1.0046
     Episode_Reward/track_ang_vel_z_exp: 0.5860
 Episode_Reward/feet_air_time_ang_z_M20: 0.0000
    Episode_Reward/feet_slide_ang_z_cmd: 0.0000
             Episode_Reward/stand_still: 0.0000
    Episode_Reward/rotation_gait_status: 0.0000
  Episode_Reward/rotation_gait_symmetry: 0.0000
 Episode_Reward/bad_orientation_penalty: 0.0000
      Episode_Reward/joint_acc_wheel_l2: -0.0033
  Episode_Reward/stair_orientation_cost: -0.0091
  Episode_Reward/stair_forward_progress: 0.0000
  Episode_Reward/stair_front_wheel_lift: 0.0000
Episode_Reward/stair_forward_motion_cost: 0.0000
Episode_Reward/stair_ascent_direction_cost: 0.0000
Episode_Reward/stair_front_wheel_touchdown: 0.0000
Episode_Reward/stair_front_single_support: 0.0000
Episode_Reward/stair_diagonal_support_symmetry: 0.0000
 Episode_Reward/stair_front_alternation: 0.0000
Episode_Reward/stair_up_step_completion: 0.0000
  Episode_Reward/stair_up_task_crossing: 0.0000
Episode_Reward/stair_up_rear_step_completion: 0.0000
   Episode_Reward/stair_rear_wheel_lift: 0.0000
Episode_Reward/stair_descent_rear_forward_cost: 0.0000
Episode_Reward/stair_ascent_front_body_clearance_cost: 0.0000
Episode_Reward/stair_up_order_violation_cost: 0.0000
Episode_Reward/stair_up_same_tread_cost: 0.0000
Episode_Reward/stair_up_same_tread_dwell_cost: 0.0000
Episode_Reward/stair_descent_rear_fold_cost: 0.0000
Episode_Reward/stair_ascent_front_fold_cost: 0.0000
    Episode_Reward/turn_swing_size_cost: 0.0000
Episode_Reward/stair_down_step_completion: 0.0000
Episode_Reward/stair_front_riser_face_cost: 0.0000
Episode_Reward/stair_descent_rear_support: 0.0000
       Episode_Reward/stair_impact_cost: -0.0000
Episode_Reward/stair_non_wheel_contact_cost: 0.0000
Episode_Reward/stair_non_wheel_scrape_cost: 0.0000
 Episode_Reward/stair_joint_effort_cost: -0.0001
Episode_Reward/stair_joint_acceleration_cost: -0.0002
Episode_Reward/stair_mechanical_power_cost: -0.0000
              Curriculum/terrain_levels: 0.0000
                  Curriculum/gait_level: 0.0000
 Curriculum/step_completion/up_attempts: 0.0000
Curriculum/step_completion/up_successes: 0.0000
Curriculum/step_completion/up_success_rate: 0.0000
Curriculum/step_completion/up_rear_successes: 0.0000
Curriculum/step_completion/up_front_violations: 0.0000
Curriculum/step_completion/up_rear_violations: 0.0000
Curriculum/step_completion/up_front_same_tread_events: 0.0000
Curriculum/step_completion/up_front_same_tread_dwell_s: 0.0000
Curriculum/step_completion/up_rear_same_tread_events: 0.0000
Curriculum/step_completion/up_rear_same_tread_dwell_s: 0.0000
Curriculum/step_completion/up_targets_started: 0.0000
Curriculum/step_completion/up_lift_credit: 0.0000
  Curriculum/step_completion/up_retries: 0.0000
Curriculum/step_completion/up_abandoned_targets: 0.0000
Curriculum/step_completion/up_retreat_fraction: 0.0000
Curriculum/step_completion/up_stationary_fraction: 0.0000
Curriculum/step_completion/down_attempts: 0.0000
Curriculum/step_completion/down_successes: 0.0000
Curriculum/step_completion/down_success_rate: 0.0000
Curriculum/step_completion/forward_gate_fraction: 0.0000
Curriculum/step_completion/nearby_gate_fraction: 0.1929
Curriculum/step_completion/registered_risers: 0.0000
Curriculum/step_completion/up_whole_body_crossings: 0.0000
Curriculum/step_completion/up_whole_body_crossing_coverage: 0.0000
Curriculum/step_completion/up_front_registered_intermediate_risers: 0.0000
Curriculum/step_completion/up_front_landing_coverage: 0.0000
Curriculum/step_completion/up_front_strict_coverage: 0.0000
Curriculum/step_completion/up_front_physical_landings: 0.0000
Curriculum/step_completion/up_front_transition_successes: 0.0000
Curriculum/step_completion/up_front_skipped_riser_events: 0.0000
Curriculum/step_completion/up_front_unsafe_events: 0.0000
Curriculum/step_completion/up_front_skip_fraction: 0.0000
Curriculum/step_completion/up_front_visited_intermediate_risers: 0.0000
Curriculum/step_completion/up_front_same_tread_fraction: 0.0000
Curriculum/step_completion/up_front_longest_strict_run: 0.0000
Curriculum/step_completion/up_front_six_step_strict_fraction: 0.0000
Curriculum/step_completion/fl_stable_treads: 0.0000
Curriculum/step_completion/fr_stable_treads: 0.0000
Curriculum/step_completion/up_rear_registered_intermediate_risers: 0.0000
Curriculum/step_completion/up_rear_landing_coverage: 0.0000
Curriculum/step_completion/up_rear_strict_coverage: 0.0000
Curriculum/step_completion/up_rear_physical_landings: 0.0000
Curriculum/step_completion/up_rear_transition_successes: 0.0000
Curriculum/step_completion/up_rear_skipped_riser_events: 0.0000
Curriculum/step_completion/up_rear_unsafe_events: 0.0000
Curriculum/step_completion/up_rear_skip_fraction: 0.0000
Curriculum/step_completion/up_rear_visited_intermediate_risers: 0.0000
Curriculum/step_completion/up_rear_same_tread_fraction: 0.0000
Curriculum/step_completion/up_rear_longest_strict_run: 0.0000
Curriculum/step_completion/up_rear_six_step_strict_fraction: 0.0000
Curriculum/step_completion/hl_stable_treads: 0.0000
Curriculum/step_completion/hr_stable_treads: 0.0000
Curriculum/step_completion/up_rear_lift_credit: 0.0000
   Curriculum/gait_quality/turn_samples: 0.0000
Curriculum/gait_quality/descent_samples: 0.0000
Curriculum/gait_quality/rear_support_samples: 0.0000
Curriculum/gait_quality/turn_clearance_mean_m: 0.0000
Curriculum/gait_quality/turn_reach_mean_m: 0.0000
Curriculum/gait_quality/turn_yaw_error_mean: 0.0000
Curriculum/gait_quality/rear_extension_mean_m: 0.0000
Curriculum/gait_quality/rear_fold_support_fraction: 0.0000
 Curriculum/gait_quality/ascent_samples: 0.0000
Curriculum/gait_quality/front_support_samples: 0.0000
Curriculum/gait_quality/front_extension_mean_m: 0.0000
Curriculum/gait_quality/front_knee_abs_mean_rad: 0.0000
Curriculum/gait_quality/front_fold_support_fraction: 0.0000
Curriculum/gait_quality/front_swing_samples: 0.0000
Curriculum/gait_quality/front_extreme_swing_fold_fraction: 0.0000
Curriculum/gait_quality/front_loaded_a_mean_deg: 0.0000
Curriculum/gait_quality/front_loaded_a_low_fraction: 0.0000
Curriculum/gait_quality/front_loaded_a_min_deg: 0.0000
Curriculum/gait_quality/fl_loaded_samples: 0.0000
Curriculum/gait_quality/fl_loaded_a_mean_deg: 0.0000
Curriculum/gait_quality/fl_loaded_a_low_fraction: 0.0000
Curriculum/gait_quality/fr_loaded_samples: 0.0000
Curriculum/gait_quality/fr_loaded_a_mean_deg: 0.0000
Curriculum/gait_quality/fr_loaded_a_low_fraction: 0.0000
Curriculum/gait_quality/front_swing_a_mean_deg: 0.0000
Curriculum/gait_quality/front_swing_a_low_fraction: 0.0000
Curriculum/gait_quality/front_swing_a_min_deg: 0.0000
Curriculum/gait_quality/fl_swing_samples: 0.0000
Curriculum/gait_quality/fl_swing_a_mean_deg: 0.0000
Curriculum/gait_quality/fl_swing_a_low_fraction: 0.0000
Curriculum/gait_quality/fr_swing_samples: 0.0000
Curriculum/gait_quality/fr_swing_a_mean_deg: 0.0000
Curriculum/gait_quality/fr_swing_a_low_fraction: 0.0000
Curriculum/gait_quality/rear_forward_samples: 0.0000
Curriculum/gait_quality/rear_forward_excess_fraction: 0.0000
Curriculum/gait_quality/rear_body_b_mean_deg: 0.0000
Curriculum/gait_quality/rear_gravity_g_mean_deg: 0.0000
 Curriculum/gait_quality/rear_b_max_deg: 0.0000
 Curriculum/gait_quality/rear_g_max_deg: 0.0000
Curriculum/gait_quality/hl_loaded_samples: 0.0000
Curriculum/gait_quality/hl_body_b_mean_deg: 0.0000
Curriculum/gait_quality/hl_gravity_g_mean_deg: 0.0000
Curriculum/gait_quality/hl_forward_excess_fraction: 0.0000
Curriculum/gait_quality/hr_loaded_samples: 0.0000
Curriculum/gait_quality/hr_body_b_mean_deg: 0.0000
Curriculum/gait_quality/hr_gravity_g_mean_deg: 0.0000
Curriculum/gait_quality/hr_forward_excess_fraction: 0.0000
Curriculum/gait_quality/rear_entry_samples: 0.0000
Curriculum/gait_quality/rear_entry_b_mean_deg: 0.0000
Curriculum/gait_quality/rear_entry_g_mean_deg: 0.0000
Curriculum/gait_quality/front_body_gap_samples: 0.0000
Curriculum/gait_quality/front_body_gap_mean_m: 0.0000
Curriculum/gait_quality/front_body_gap_low_fraction: 0.0000
Curriculum/gait_quality/loaded_without_local_map_samples: 0.0000
    Curriculum/ascent_direction/samples: 0.0000
Curriculum/ascent_direction/lateral_error_mean_m: 0.0000
Curriculum/ascent_direction/lateral_error_max_m: 0.0000
Curriculum/ascent_direction/lateral_speed_mean_m_s: 0.0000
Curriculum/ascent_direction/heading_error_mean_deg: 0.0000
Curriculum/ascent_direction/outside_tolerance_fraction: 0.0000
  Curriculum/ascent_direction/cost_mean: 0.0000
       Curriculum/terrain_level_overall: 0.0000
Curriculum/terrain_level_pyramid_stairs: 0.0000
Curriculum/terrain_level_pyramid_stairs_inv: 0.0000
         Curriculum/terrain_level_boxes: 0.0000
  Curriculum/terrain_level_random_rough: 0.0000
Curriculum/terrain_level_hf_pyramid_slope: 0.0000
Curriculum/terrain_level_hf_pyramid_slope_inv: 0.0000
          Curriculum/terrain_level_flat: 0.0000
     Metrics/base_velocity/error_vel_xy: 0.0523
    Metrics/base_velocity/error_vel_yaw: 0.0642
           Metrics/base_velocity/base_z: 0.9586
         Metrics/base_velocity/knee_pos: 0.2195
           Episode_Termination/time_out: 0.1719
Episode_Termination/terrain_out_of_bounds: 0.0000
  Episode_Termination/bad_orientation_2: 0.0000
--------------------------------------------------------------------------------
                         Iteration time: 2.66s
                           Time elapsed: 00:00:28
                                    ETA: 00:02:07

################################################################################
[1m                            Learning iteration 10/55                            [0m 

                               Run name: preservation_smoke
                            Total steps: 16896 
                       Steps per second: 582 
                        Collection time: 2.583s 
                          Learning time: 0.054s 
                        Mean value loss: 0.2263
                    Mean surrogate loss: -0.0000
                      Mean entropy loss: 6.2641
                       Mean anchor loss: 0.0000
                Mean critic_warmup loss: 1.0000
                            Mean reward: 18.61
                    Mean episode length: 141.36
                        Mean action std: 0.37
            Episode_Reward/lin_vel_z_l2: -0.0032
           Episode_Reward/ang_vel_xy_l2: -0.0027
        Episode_Reward/joint_torques_l2: 0.0000
            Episode_Reward/joint_acc_l2: -0.0041
  Episode_Reward/hipx_joint_pos_penalty: -0.0453
  Episode_Reward/hipy_joint_pos_penalty: -0.0218
  Episode_Reward/knee_joint_pos_penalty: -0.0222
            Episode_Reward/joint_mirror: 0.0000
          Episode_Reward/action_rate_l2: 0.0000
        Episode_Reward/action_smooth_l2: 0.0000
      Episode_Reward/undesired_contacts: 0.0000
          Episode_Reward/contact_forces: 0.0000
    Episode_Reward/track_lin_vel_xy_exp: 1.0046
     Episode_Reward/track_ang_vel_z_exp: 0.5860
 Episode_Reward/feet_air_time_ang_z_M20: 0.0000
    Episode_Reward/feet_slide_ang_z_cmd: 0.0000
             Episode_Reward/stand_still: 0.0000
    Episode_Reward/rotation_gait_status: 0.0000
  Episode_Reward/rotation_gait_symmetry: 0.0000
 Episode_Reward/bad_orientation_penalty: 0.0000
      Episode_Reward/joint_acc_wheel_l2: -0.0033
  Episode_Reward/stair_orientation_cost: -0.0091
  Episode_Reward/stair_forward_progress: 0.0000
  Episode_Reward/stair_front_wheel_lift: 0.0000
Episode_Reward/stair_forward_motion_cost: 0.0000
Episode_Reward/stair_ascent_direction_cost: 0.0000
Episode_Reward/stair_front_wheel_touchdown: 0.0000
Episode_Reward/stair_front_single_support: 0.0000
Episode_Reward/stair_diagonal_support_symmetry: 0.0000
 Episode_Reward/stair_front_alternation: 0.0000
Episode_Reward/stair_up_step_completion: 0.0000
  Episode_Reward/stair_up_task_crossing: 0.0000
Episode_Reward/stair_up_rear_step_completion: 0.0000
   Episode_Reward/stair_rear_wheel_lift: 0.0000
Episode_Reward/stair_descent_rear_forward_cost: 0.0000
Episode_Reward/stair_ascent_front_body_clearance_cost: 0.0000
Episode_Reward/stair_up_order_violation_cost: 0.0000
Episode_Reward/stair_up_same_tread_cost: 0.0000
Episode_Reward/stair_up_same_tread_dwell_cost: 0.0000
Episode_Reward/stair_descent_rear_fold_cost: 0.0000
Episode_Reward/stair_ascent_front_fold_cost: 0.0000
    Episode_Reward/turn_swing_size_cost: 0.0000
Episode_Reward/stair_down_step_completion: 0.0000
Episode_Reward/stair_front_riser_face_cost: 0.0000
Episode_Reward/stair_descent_rear_support: 0.0000
       Episode_Reward/stair_impact_cost: -0.0000
Episode_Reward/stair_non_wheel_contact_cost: 0.0000
Episode_Reward/stair_non_wheel_scrape_cost: 0.0000
 Episode_Reward/stair_joint_effort_cost: -0.0001
Episode_Reward/stair_joint_acceleration_cost: -0.0002
Episode_Reward/stair_mechanical_power_cost: -0.0000
              Curriculum/terrain_levels: 0.0000
                  Curriculum/gait_level: 0.0000
 Curriculum/step_completion/up_attempts: 0.0000
Curriculum/step_completion/up_successes: 0.0000
Curriculum/step_completion/up_success_rate: 0.0000
Curriculum/step_completion/up_rear_successes: 0.0000
Curriculum/step_completion/up_front_violations: 0.0000
Curriculum/step_completion/up_rear_violations: 0.0000
Curriculum/step_completion/up_front_same_tread_events: 0.0000
Curriculum/step_completion/up_front_same_tread_dwell_s: 0.0000
Curriculum/step_completion/up_rear_same_tread_events: 0.0000
Curriculum/step_completion/up_rear_same_tread_dwell_s: 0.0000
Curriculum/step_completion/up_targets_started: 0.0000
Curriculum/step_completion/up_lift_credit: 0.0000
  Curriculum/step_completion/up_retries: 0.0000
Curriculum/step_completion/up_abandoned_targets: 0.0000
Curriculum/step_completion/up_retreat_fraction: 0.0000
Curriculum/step_completion/up_stationary_fraction: 0.0000
Curriculum/step_completion/down_attempts: 0.0000
Curriculum/step_completion/down_successes: 0.0000
Curriculum/step_completion/down_success_rate: 0.0000
Curriculum/step_completion/forward_gate_fraction: 0.0000
Curriculum/step_completion/nearby_gate_fraction: 0.1929
Curriculum/step_completion/registered_risers: 0.0000
Curriculum/step_completion/up_whole_body_crossings: 0.0000
Curriculum/step_completion/up_whole_body_crossing_coverage: 0.0000
Curriculum/step_completion/up_front_registered_intermediate_risers: 0.0000
Curriculum/step_completion/up_front_landing_coverage: 0.0000
Curriculum/step_completion/up_front_strict_coverage: 0.0000
Curriculum/step_completion/up_front_physical_landings: 0.0000
Curriculum/step_completion/up_front_transition_successes: 0.0000
Curriculum/step_completion/up_front_skipped_riser_events: 0.0000
Curriculum/step_completion/up_front_unsafe_events: 0.0000
Curriculum/step_completion/up_front_skip_fraction: 0.0000
Curriculum/step_completion/up_front_visited_intermediate_risers: 0.0000
Curriculum/step_completion/up_front_same_tread_fraction: 0.0000
Curriculum/step_completion/up_front_longest_strict_run: 0.0000
Curriculum/step_completion/up_front_six_step_strict_fraction: 0.0000
Curriculum/step_completion/fl_stable_treads: 0.0000
Curriculum/step_completion/fr_stable_treads: 0.0000
Curriculum/step_completion/up_rear_registered_intermediate_risers: 0.0000
Curriculum/step_completion/up_rear_landing_coverage: 0.0000
Curriculum/step_completion/up_rear_strict_coverage: 0.0000
Curriculum/step_completion/up_rear_physical_landings: 0.0000
Curriculum/step_completion/up_rear_transition_successes: 0.0000
Curriculum/step_completion/up_rear_skipped_riser_events: 0.0000
Curriculum/step_completion/up_rear_unsafe_events: 0.0000
Curriculum/step_completion/up_rear_skip_fraction: 0.0000
Curriculum/step_completion/up_rear_visited_intermediate_risers: 0.0000
Curriculum/step_completion/up_rear_same_tread_fraction: 0.0000
Curriculum/step_completion/up_rear_longest_strict_run: 0.0000
Curriculum/step_completion/up_rear_six_step_strict_fraction: 0.0000
Curriculum/step_completion/hl_stable_treads: 0.0000
Curriculum/step_completion/hr_stable_treads: 0.0000
Curriculum/step_completion/up_rear_lift_credit: 0.0000
   Curriculum/gait_quality/turn_samples: 0.0000
Curriculum/gait_quality/descent_samples: 0.0000
Curriculum/gait_quality/rear_support_samples: 0.0000
Curriculum/gait_quality/turn_clearance_mean_m: 0.0000
Curriculum/gait_quality/turn_reach_mean_m: 0.0000
Curriculum/gait_quality/turn_yaw_error_mean: 0.0000
Curriculum/gait_quality/rear_extension_mean_m: 0.0000
Curriculum/gait_quality/rear_fold_support_fraction: 0.0000
 Curriculum/gait_quality/ascent_samples: 0.0000
Curriculum/gait_quality/front_support_samples: 0.0000
Curriculum/gait_quality/front_extension_mean_m: 0.0000
Curriculum/gait_quality/front_knee_abs_mean_rad: 0.0000
Curriculum/gait_quality/front_fold_support_fraction: 0.0000
Curriculum/gait_quality/front_swing_samples: 0.0000
Curriculum/gait_quality/front_extreme_swing_fold_fraction: 0.0000
Curriculum/gait_quality/front_loaded_a_mean_deg: 0.0000
Curriculum/gait_quality/front_loaded_a_low_fraction: 0.0000
Curriculum/gait_quality/front_loaded_a_min_deg: 0.0000
Curriculum/gait_quality/fl_loaded_samples: 0.0000
Curriculum/gait_quality/fl_loaded_a_mean_deg: 0.0000
Curriculum/gait_quality/fl_loaded_a_low_fraction: 0.0000
Curriculum/gait_quality/fr_loaded_samples: 0.0000
Curriculum/gait_quality/fr_loaded_a_mean_deg: 0.0000
Curriculum/gait_quality/fr_loaded_a_low_fraction: 0.0000
Curriculum/gait_quality/front_swing_a_mean_deg: 0.0000
Curriculum/gait_quality/front_swing_a_low_fraction: 0.0000
Curriculum/gait_quality/front_swing_a_min_deg: 0.0000
Curriculum/gait_quality/fl_swing_samples: 0.0000
Curriculum/gait_quality/fl_swing_a_mean_deg: 0.0000
Curriculum/gait_quality/fl_swing_a_low_fraction: 0.0000
Curriculum/gait_quality/fr_swing_samples: 0.0000
Curriculum/gait_quality/fr_swing_a_mean_deg: 0.0000
Curriculum/gait_quality/fr_swing_a_low_fraction: 0.0000
Curriculum/gait_quality/rear_forward_samples: 0.0000
Curriculum/gait_quality/rear_forward_excess_fraction: 0.0000
Curriculum/gait_quality/rear_body_b_mean_deg: 0.0000
Curriculum/gait_quality/rear_gravity_g_mean_deg: 0.0000
 Curriculum/gait_quality/rear_b_max_deg: 0.0000
 Curriculum/gait_quality/rear_g_max_deg: 0.0000
Curriculum/gait_quality/hl_loaded_samples: 0.0000
Curriculum/gait_quality/hl_body_b_mean_deg: 0.0000
Curriculum/gait_quality/hl_gravity_g_mean_deg: 0.0000
Curriculum/gait_quality/hl_forward_excess_fraction: 0.0000
Curriculum/gait_quality/hr_loaded_samples: 0.0000
Curriculum/gait_quality/hr_body_b_mean_deg: 0.0000
Curriculum/gait_quality/hr_gravity_g_mean_deg: 0.0000
Curriculum/gait_quality/hr_forward_excess_fraction: 0.0000
Curriculum/gait_quality/rear_entry_samples: 0.0000
Curriculum/gait_quality/rear_entry_b_mean_deg: 0.0000
Curriculum/gait_quality/rear_entry_g_mean_deg: 0.0000
Curriculum/gait_quality/front_body_gap_samples: 0.0000
Curriculum/gait_quality/front_body_gap_mean_m: 0.0000
Curriculum/gait_quality/front_body_gap_low_fraction: 0.0000
Curriculum/gait_quality/loaded_without_local_map_samples: 0.0000
    Curriculum/ascent_direction/samples: 0.0000
Curriculum/ascent_direction/lateral_error_mean_m: 0.0000
Curriculum/ascent_direction/lateral_error_max_m: 0.0000
Curriculum/ascent_direction/lateral_speed_mean_m_s: 0.0000
Curriculum/ascent_direction/heading_error_mean_deg: 0.0000
Curriculum/ascent_direction/outside_tolerance_fraction: 0.0000
  Curriculum/ascent_direction/cost_mean: 0.0000
       Curriculum/terrain_level_overall: 0.0000
Curriculum/terrain_level_pyramid_stairs: 0.0000
Curriculum/terrain_level_pyramid_stairs_inv: 0.0000
         Curriculum/terrain_level_boxes: 0.0000
  Curriculum/terrain_level_random_rough: 0.0000
Curriculum/terrain_level_hf_pyramid_slope: 0.0000
Curriculum/terrain_level_hf_pyramid_slope_inv: 0.0000
          Curriculum/terrain_level_flat: 0.0000
     Metrics/base_velocity/error_vel_xy: 0.0523
    Metrics/base_velocity/error_vel_yaw: 0.0642
           Metrics/base_velocity/base_z: 0.9586
         Metrics/base_velocity/knee_pos: 0.2195
           Episode_Termination/time_out: 0.1719
Episode_Termination/terrain_out_of_bounds: 0.0000
  Episode_Termination/bad_orientation_2: 0.0000
--------------------------------------------------------------------------------
                         Iteration time: 2.64s
                           Time elapsed: 00:00:30
                                    ETA: 00:02:03

################################################################################
[1m                            Learning iteration 11/55                            [0m 

                               Run name: preservation_smoke
                            Total steps: 18432 
                       Steps per second: 547 
                        Collection time: 2.770s 
                          Learning time: 0.037s 
                        Mean value loss: 0.3818
                    Mean surrogate loss: 0.0000
                      Mean entropy loss: 6.2641
                       Mean anchor loss: 0.0000
                Mean critic_warmup loss: 1.0000
                            Mean reward: 22.21
                    Mean episode length: 168.71
                        Mean action std: 0.37
            Episode_Reward/lin_vel_z_l2: -0.0076
           Episode_Reward/ang_vel_xy_l2: -0.0042
        Episode_Reward/joint_torques_l2: 0.0000
            Episode_Reward/joint_acc_l2: -0.0100
  Episode_Reward/hipx_joint_pos_penalty: -0.0894
  Episode_Reward/hipy_joint_pos_penalty: -0.0618
  Episode_Reward/knee_joint_pos_penalty: -0.0539
            Episode_Reward/joint_mirror: 0.0000
          Episode_Reward/action_rate_l2: 0.0000
        Episode_Reward/action_smooth_l2: 0.0000
      Episode_Reward/undesired_contacts: -0.0043
          Episode_Reward/contact_forces: 0.0000
    Episode_Reward/track_lin_vel_xy_exp: 1.2763
     Episode_Reward/track_ang_vel_z_exp: 0.7648
 Episode_Reward/feet_air_time_ang_z_M20: 0.0000
    Episode_Reward/feet_slide_ang_z_cmd: 0.0000
             Episode_Reward/stand_still: -0.0363
    Episode_Reward/rotation_gait_status: 0.0000
  Episode_Reward/rotation_gait_symmetry: 0.0000
 Episode_Reward/bad_orientation_penalty: 0.0000
      Episode_Reward/joint_acc_wheel_l2: -0.0101
  Episode_Reward/stair_orientation_cost: -0.0151
  Episode_Reward/stair_forward_progress: 0.0213
  Episode_Reward/stair_front_wheel_lift: 0.0104
Episode_Reward/stair_forward_motion_cost: -0.0043
Episode_Reward/stair_ascent_direction_cost: -0.0028
Episode_Reward/stair_front_wheel_touchdown: 0.0052
Episode_Reward/stair_front_single_support: 0.0014
Episode_Reward/stair_diagonal_support_symmetry: 0.0003
 Episode_Reward/stair_front_alternation: 0.0000
Episode_Reward/stair_up_step_completion: 0.0000
  Episode_Reward/stair_up_task_crossing: 0.0417
Episode_Reward/stair_up_rear_step_completion: 0.0312
   Episode_Reward/stair_rear_wheel_lift: 0.0074
Episode_Reward/stair_descent_rear_forward_cost: -0.0007
Episode_Reward/stair_ascent_front_body_clearance_cost: 0.0000
Episode_Reward/stair_up_order_violation_cost: -0.0312
Episode_Reward/stair_up_same_tread_cost: -0.0312
Episode_Reward/stair_up_same_tread_dwell_cost: 0.0000
Episode_Reward/stair_descent_rear_fold_cost: -0.0013
Episode_Reward/stair_ascent_front_fold_cost: -0.0001
    Episode_Reward/turn_swing_size_cost: 0.0000
Episode_Reward/stair_down_step_completion: 0.0312
Episode_Reward/stair_front_riser_face_cost: -0.0104
Episode_Reward/stair_descent_rear_support: 0.0073
       Episode_Reward/stair_impact_cost: -0.0003
Episode_Reward/stair_non_wheel_contact_cost: -0.0003
Episode_Reward/stair_non_wheel_scrape_cost: -0.0002
 Episode_Reward/stair_joint_effort_cost: -0.0002
Episode_Reward/stair_joint_acceleration_cost: -0.0005
Episode_Reward/stair_mechanical_power_cost: -0.0001
              Curriculum/terrain_levels: 0.0000
                  Curriculum/gait_level: 0.0000
 Curriculum/step_completion/up_attempts: 1.0417
Curriculum/step_completion/up_successes: 0.2083
Curriculum/step_completion/up_success_rate: 0.0417
Curriculum/step_completion/up_rear_successes: 0.4167
Curriculum/step_completion/up_front_violations: 0.8333
Curriculum/step_completion/up_rear_violations: 0.4167
Curriculum/step_completion/up_front_same_tread_events: 0.2083
Curriculum/step_completion/up_front_same_tread_dwell_s: 0.0000
Curriculum/step_completion/up_rear_same_tread_events: 0.2083
Curriculum/step_completion/up_rear_same_tread_dwell_s: 0.0000
Curriculum/step_completion/up_targets_started: 1.2500
Curriculum/step_completion/up_lift_credit: 0.4167
  Curriculum/step_completion/up_retries: 0.0000
Curriculum/step_completion/up_abandoned_targets: 0.0000
Curriculum/step_completion/up_retreat_fraction: 0.0000
Curriculum/step_completion/up_stationary_fraction: 0.0000
Curriculum/step_completion/down_attempts: 0.4167
Curriculum/step_completion/down_successes: 0.2083
Curriculum/step_completion/down_success_rate: 0.1042
Curriculum/step_completion/forward_gate_fraction: 0.1376
Curriculum/step_completion/nearby_gate_fraction: 0.1710
Curriculum/step_completion/registered_risers: 1.4583
Curriculum/step_completion/up_whole_body_crossings: 0.4167
Curriculum/step_completion/up_whole_body_crossing_coverage: 0.0595
Curriculum/step_completion/up_front_registered_intermediate_risers: 0.6250
Curriculum/step_completion/up_front_landing_coverage: 0.1488
Curriculum/step_completion/up_front_strict_coverage: 0.0694
Curriculum/step_completion/up_front_physical_landings: 1.0417
Curriculum/step_completion/up_front_transition_successes: 0.0000
Curriculum/step_completion/up_front_skipped_riser_events: 0.0000
Curriculum/step_completion/up_front_unsafe_events: 0.6250
Curriculum/step_completion/up_front_skip_fraction: 0.0000
Curriculum/step_completion/up_front_visited_intermediate_risers: 0.6250
Curriculum/step_completion/up_front_same_tread_fraction: 0.0694
Curriculum/step_completion/up_front_longest_strict_run: 0.2083
Curriculum/step_completion/up_front_six_step_strict_fraction: 0.0000
Curriculum/step_completion/fl_stable_treads: 0.6250
Curriculum/step_completion/fr_stable_treads: 0.8333
Curriculum/step_completion/up_rear_registered_intermediate_risers: 0.6250
Curriculum/step_completion/up_rear_landing_coverage: 0.1190
Curriculum/step_completion/up_rear_strict_coverage: 0.0694
Curriculum/step_completion/up_rear_physical_landings: 0.8333
Curriculum/step_completion/up_rear_transition_successes: 0.2083
Curriculum/step_completion/up_rear_skipped_riser_events: 0.0000
Curriculum/step_completion/up_rear_unsafe_events: 0.2083
Curriculum/step_completion/up_rear_skip_fraction: 0.0000
Curriculum/step_completion/up_rear_visited_intermediate_risers: 0.4167
Curriculum/step_completion/up_rear_same_tread_fraction: 0.1042
Curriculum/step_completion/up_rear_longest_strict_run: 0.2083
Curriculum/step_completion/up_rear_six_step_strict_fraction: 0.0000
Curriculum/step_completion/hl_stable_treads: 0.4167
Curriculum/step_completion/hr_stable_treads: 0.8333
Curriculum/step_completion/up_rear_lift_credit: 0.2946
   Curriculum/gait_quality/turn_samples: 0.0000
Curriculum/gait_quality/descent_samples: 24.5833
Curriculum/gait_quality/rear_support_samples: 35.0000
Curriculum/gait_quality/turn_clearance_mean_m: 0.0000
Curriculum/gait_quality/turn_reach_mean_m: 0.0000
Curriculum/gait_quality/turn_yaw_error_mean: 0.0000
Curriculum/gait_quality/rear_extension_mean_m: 0.0838
Curriculum/gait_quality/rear_fold_support_fraction: 0.0583
 Curriculum/gait_quality/ascent_samples: 14.7917
Curriculum/gait_quality/front_support_samples: 9.3750
Curriculum/gait_quality/front_extension_mean_m: 0.0959
Curriculum/gait_quality/front_knee_abs_mean_rad: 0.2143
Curriculum/gait_quality/front_fold_support_fraction: 0.0000
Curriculum/gait_quality/front_swing_samples: 20.2083
Curriculum/gait_quality/front_extreme_swing_fold_fraction: 0.0215
Curriculum/gait_quality/front_loaded_a_mean_deg: 25.2203
Curriculum/gait_quality/front_loaded_a_low_fraction: 0.0000
Curriculum/gait_quality/front_loaded_a_min_deg: 20.4853
Curriculum/gait_quality/fl_loaded_samples: 3.9583
Curriculum/gait_quality/fl_loaded_a_mean_deg: 24.2156
Curriculum/gait_quality/fl_loaded_a_low_fraction: 0.0000
Curriculum/gait_quality/fr_loaded_samples: 5.4167
Curriculum/gait_quality/fr_loaded_a_mean_deg: 25.9544
Curriculum/gait_quality/fr_loaded_a_low_fraction: 0.0000
Curriculum/gait_quality/front_swing_a_mean_deg: 21.0965
Curriculum/gait_quality/front_swing_a_low_fraction: 0.0215
Curriculum/gait_quality/front_swing_a_min_deg: 13.0959
Curriculum/gait_quality/fl_swing_samples: 10.8333
Curriculum/gait_quality/fl_swing_a_mean_deg: 18.9853
Curriculum/gait_quality/fl_swing_a_low_fraction: 0.0401
Curriculum/gait_quality/fr_swing_samples: 9.3750
Curriculum/gait_quality/fr_swing_a_mean_deg: 23.5360
Curriculum/gait_quality/fr_swing_a_low_fraction: 0.0000
Curriculum/gait_quality/rear_forward_samples: 35.0000
Curriculum/gait_quality/rear_forward_excess_fraction: 0.0099
Curriculum/gait_quality/rear_body_b_mean_deg: 0.5668
Curriculum/gait_quality/rear_gravity_g_mean_deg: -1.2081
 Curriculum/gait_quality/rear_b_max_deg: 12.6719
 Curriculum/gait_quality/rear_g_max_deg: 9.8266
Curriculum/gait_quality/hl_loaded_samples: 18.1250
Curriculum/gait_quality/hl_body_b_mean_deg: 0.6015
Curriculum/gait_quality/hl_gravity_g_mean_deg: -1.2947
Curriculum/gait_quality/hl_forward_excess_fraction: 0.0192
Curriculum/gait_quality/hr_loaded_samples: 16.8750
Curriculum/gait_quality/hr_body_b_mean_deg: 0.5294
Curriculum/gait_quality/hr_gravity_g_mean_deg: -1.1151
Curriculum/gait_quality/hr_forward_excess_fraction: 0.0000
Curriculum/gait_quality/rear_entry_samples: 6.8750
Curriculum/gait_quality/rear_entry_b_mean_deg: 5.9552
Curriculum/gait_quality/rear_entry_g_mean_deg: 3.3614
Curriculum/gait_quality/front_body_gap_samples: 14.7917
Curriculum/gait_quality/front_body_gap_mean_m: 0.0817
Curriculum/gait_quality/front_body_gap_low_fraction: 0.0000
Curriculum/gait_quality/loaded_without_local_map_samples: 0.0000
    Curriculum/ascent_direction/samples: 14.7917
Curriculum/ascent_direction/lateral_error_mean_m: 0.0164
Curriculum/ascent_direction/lateral_error_max_m: 0.0326
Curriculum/ascent_direction/lateral_speed_mean_m_s: 0.0253
Curriculum/ascent_direction/heading_error_mean_deg: 0.4085
Curriculum/ascent_direction/outside_tolerance_fraction: 0.0792
  Curriculum/ascent_direction/cost_mean: 0.0200
       Curriculum/terrain_level_overall: 0.0000
Curriculum/terrain_level_pyramid_stairs: 0.0000
Curriculum/terrain_level_pyramid_stairs_inv: 0.0000
         Curriculum/terrain_level_boxes: 0.0000
  Curriculum/terrain_level_random_rough: 0.0000
Curriculum/terrain_level_hf_pyramid_slope: 0.0000
Curriculum/terrain_level_hf_pyramid_slope_inv: 0.0000
          Curriculum/terrain_level_flat: 0.0000
     Metrics/base_velocity/error_vel_xy: 0.0640
    Metrics/base_velocity/error_vel_yaw: 0.0644
           Metrics/base_velocity/base_z: -0.0774
         Metrics/base_velocity/knee_pos: 0.4631
           Episode_Termination/time_out: 0.2109
Episode_Termination/terrain_out_of_bounds: 0.0000
  Episode_Termination/bad_orientation_2: 0.0000
--------------------------------------------------------------------------------
                         Iteration time: 2.81s
                           Time elapsed: 00:00:33
                                    ETA: 00:02:01

################################################################################
[1m                            Learning iteration 12/55                            [0m 

                               Run name: preservation_smoke
                            Total steps: 19968 
                       Steps per second: 569 
                        Collection time: 2.655s 
                          Learning time: 0.042s 
                        Mean value loss: 0.3994
                    Mean surrogate loss: 0.0000
                      Mean entropy loss: 6.2641
                       Mean anchor loss: 0.0000
                Mean critic_warmup loss: 1.0000
                            Mean reward: 23.28
                    Mean episode length: 176.73
                        Mean action std: 0.37
            Episode_Reward/lin_vel_z_l2: -0.0039
           Episode_Reward/ang_vel_xy_l2: -0.0031
        Episode_Reward/joint_torques_l2: 0.0000
            Episode_Reward/joint_acc_l2: -0.0048
  Episode_Reward/hipx_joint_pos_penalty: -0.0545
  Episode_Reward/hipy_joint_pos_penalty: -0.0083
  Episode_Reward/knee_joint_pos_penalty: -0.0057
            Episode_Reward/joint_mirror: 0.0000
          Episode_Reward/action_rate_l2: 0.0000
        Episode_Reward/action_smooth_l2: 0.0000
      Episode_Reward/undesired_contacts: 0.0000
          Episode_Reward/contact_forces: 0.0000
    Episode_Reward/track_lin_vel_xy_exp: 1.3981
     Episode_Reward/track_ang_vel_z_exp: 0.7633
 Episode_Reward/feet_air_time_ang_z_M20: 0.0000
    Episode_Reward/feet_slide_ang_z_cmd: 0.0000
             Episode_Reward/stand_still: -0.1457
    Episode_Reward/rotation_gait_status: 0.0000
  Episode_Reward/rotation_gait_symmetry: 0.0000
 Episode_Reward/bad_orientation_penalty: 0.0000
      Episode_Reward/joint_acc_wheel_l2: -0.0042
  Episode_Reward/stair_orientation_cost: -0.0176
  Episode_Reward/stair_forward_progress: 0.0000
  Episode_Reward/stair_front_wheel_lift: 0.0000
Episode_Reward/stair_forward_motion_cost: 0.0000
Episode_Reward/stair_ascent_direction_cost: 0.0000
Episode_Reward/stair_front_wheel_touchdown: 0.0000
Episode_Reward/stair_front_single_support: 0.0000
Episode_Reward/stair_diagonal_support_symmetry: 0.0000
 Episode_Reward/stair_front_alternation: 0.0000
Episode_Reward/stair_up_step_completion: 0.0000
  Episode_Reward/stair_up_task_crossing: 0.0000
Episode_Reward/stair_up_rear_step_completion: 0.0000
   Episode_Reward/stair_rear_wheel_lift: 0.0000
Episode_Reward/stair_descent_rear_forward_cost: 0.0000
Episode_Reward/stair_ascent_front_body_clearance_cost: 0.0000
Episode_Reward/stair_up_order_violation_cost: 0.0000
Episode_Reward/stair_up_same_tread_cost: 0.0000
Episode_Reward/stair_up_same_tread_dwell_cost: 0.0000
Episode_Reward/stair_descent_rear_fold_cost: 0.0000
Episode_Reward/stair_ascent_front_fold_cost: 0.0000
    Episode_Reward/turn_swing_size_cost: -0.0000
Episode_Reward/stair_down_step_completion: 0.0000
Episode_Reward/stair_front_riser_face_cost: 0.0000
Episode_Reward/stair_descent_rear_support: 0.0000
       Episode_Reward/stair_impact_cost: 0.0000
Episode_Reward/stair_non_wheel_contact_cost: 0.0000
Episode_Reward/stair_non_wheel_scrape_cost: 0.0000
 Episode_Reward/stair_joint_effort_cost: 0.0000
Episode_Reward/stair_joint_acceleration_cost: 0.0000
Episode_Reward/stair_mechanical_power_cost: 0.0000
              Curriculum/terrain_levels: 0.0000
                  Curriculum/gait_level: 0.0000
 Curriculum/step_completion/up_attempts: 0.0000
Curriculum/step_completion/up_successes: 0.0000
Curriculum/step_completion/up_success_rate: 0.0000
Curriculum/step_completion/up_rear_successes: 0.0000
Curriculum/step_completion/up_front_violations: 0.0000
Curriculum/step_completion/up_rear_violations: 0.0000
Curriculum/step_completion/up_front_same_tread_events: 0.0000
Curriculum/step_completion/up_front_same_tread_dwell_s: 0.0000
Curriculum/step_completion/up_rear_same_tread_events: 0.0000
Curriculum/step_completion/up_rear_same_tread_dwell_s: 0.0000
Curriculum/step_completion/up_targets_started: 0.0000
Curriculum/step_completion/up_lift_credit: 0.0000
  Curriculum/step_completion/up_retries: 0.0000
Curriculum/step_completion/up_abandoned_targets: 0.0000
Curriculum/step_completion/up_retreat_fraction: 0.0000
Curriculum/step_completion/up_stationary_fraction: 0.0000
Curriculum/step_completion/down_attempts: 0.0000
Curriculum/step_completion/down_successes: 0.0000
Curriculum/step_completion/down_success_rate: 0.0000
Curriculum/step_completion/forward_gate_fraction: 0.0000
Curriculum/step_completion/nearby_gate_fraction: 0.0000
Curriculum/step_completion/registered_risers: 0.0000
Curriculum/step_completion/up_whole_body_crossings: 0.0000
Curriculum/step_completion/up_whole_body_crossing_coverage: 0.0000
Curriculum/step_completion/up_front_registered_intermediate_risers: 0.0000
Curriculum/step_completion/up_front_landing_coverage: 0.0000
Curriculum/step_completion/up_front_strict_coverage: 0.0000
Curriculum/step_completion/up_front_physical_landings: 0.0000
Curriculum/step_completion/up_front_transition_successes: 0.0000
Curriculum/step_completion/up_front_skipped_riser_events: 0.0000
Curriculum/step_completion/up_front_unsafe_events: 0.0000
Curriculum/step_completion/up_front_skip_fraction: 0.0000
Curriculum/step_completion/up_front_visited_intermediate_risers: 0.0000
Curriculum/step_completion/up_front_same_tread_fraction: 0.0000
Curriculum/step_completion/up_front_longest_strict_run: 0.0000
Curriculum/step_completion/up_front_six_step_strict_fraction: 0.0000
Curriculum/step_completion/fl_stable_treads: 0.0000
Curriculum/step_completion/fr_stable_treads: 0.0000
Curriculum/step_completion/up_rear_registered_intermediate_risers: 0.0000
Curriculum/step_completion/up_rear_landing_coverage: 0.0000
Curriculum/step_completion/up_rear_strict_coverage: 0.0000
Curriculum/step_completion/up_rear_physical_landings: 0.0000
Curriculum/step_completion/up_rear_transition_successes: 0.0000
Curriculum/step_completion/up_rear_skipped_riser_events: 0.0000
Curriculum/step_completion/up_rear_unsafe_events: 0.0000
Curriculum/step_completion/up_rear_skip_fraction: 0.0000
Curriculum/step_completion/up_rear_visited_intermediate_risers: 0.0000
Curriculum/step_completion/up_rear_same_tread_fraction: 0.0000
Curriculum/step_completion/up_rear_longest_strict_run: 0.0000
Curriculum/step_completion/up_rear_six_step_strict_fraction: 0.0000
Curriculum/step_completion/hl_stable_treads: 0.0000
Curriculum/step_completion/hr_stable_treads: 0.0000
Curriculum/step_completion/up_rear_lift_credit: 0.0000
   Curriculum/gait_quality/turn_samples: 289.0000
Curriculum/gait_quality/descent_samples: 0.0000
Curriculum/gait_quality/rear_support_samples: 0.0000
Curriculum/gait_quality/turn_clearance_mean_m: 0.0107
Curriculum/gait_quality/turn_reach_mean_m: 0.1609
Curriculum/gait_quality/turn_yaw_error_mean: 0.2308
Curriculum/gait_quality/rear_extension_mean_m: 0.0000
Curriculum/gait_quality/rear_fold_support_fraction: 0.0000
 Curriculum/gait_quality/ascent_samples: 0.0000
Curriculum/gait_quality/front_support_samples: 0.0000
Curriculum/gait_quality/front_extension_mean_m: 0.0000
Curriculum/gait_quality/front_knee_abs_mean_rad: 0.0000
Curriculum/gait_quality/front_fold_support_fraction: 0.0000
Curriculum/gait_quality/front_swing_samples: 0.0000
Curriculum/gait_quality/front_extreme_swing_fold_fraction: 0.0000
Curriculum/gait_quality/front_loaded_a_mean_deg: 0.0000
Curriculum/gait_quality/front_loaded_a_low_fraction: 0.0000
Curriculum/gait_quality/front_loaded_a_min_deg: 0.0000
Curriculum/gait_quality/fl_loaded_samples: 0.0000
Curriculum/gait_quality/fl_loaded_a_mean_deg: 0.0000
Curriculum/gait_quality/fl_loaded_a_low_fraction: 0.0000
Curriculum/gait_quality/fr_loaded_samples: 0.0000
Curriculum/gait_quality/fr_loaded_a_mean_deg: 0.0000
Curriculum/gait_quality/fr_loaded_a_low_fraction: 0.0000
Curriculum/gait_quality/front_swing_a_mean_deg: 0.0000
Curriculum/gait_quality/front_swing_a_low_fraction: 0.0000
Curriculum/gait_quality/front_swing_a_min_deg: 0.0000
Curriculum/gait_quality/fl_swing_samples: 0.0000
Curriculum/gait_quality/fl_swing_a_mean_deg: 0.0000
Curriculum/gait_quality/fl_swing_a_low_fraction: 0.0000
Curriculum/gait_quality/fr_swing_samples: 0.0000
Curriculum/gait_quality/fr_swing_a_mean_deg: 0.0000
Curriculum/gait_quality/fr_swing_a_low_fraction: 0.0000
Curriculum/gait_quality/rear_forward_samples: 0.0000
Curriculum/gait_quality/rear_forward_excess_fraction: 0.0000
Curriculum/gait_quality/rear_body_b_mean_deg: 0.0000
Curriculum/gait_quality/rear_gravity_g_mean_deg: 0.0000
 Curriculum/gait_quality/rear_b_max_deg: 0.0000
 Curriculum/gait_quality/rear_g_max_deg: 0.0000
Curriculum/gait_quality/hl_loaded_samples: 0.0000
Curriculum/gait_quality/hl_body_b_mean_deg: 0.0000
Curriculum/gait_quality/hl_gravity_g_mean_deg: 0.0000
Curriculum/gait_quality/hl_forward_excess_fraction: 0.0000
Curriculum/gait_quality/hr_loaded_samples: 0.0000
Curriculum/gait_quality/hr_body_b_mean_deg: 0.0000
Curriculum/gait_quality/hr_gravity_g_mean_deg: 0.0000
Curriculum/gait_quality/hr_forward_excess_fraction: 0.0000
Curriculum/gait_quality/rear_entry_samples: 0.0000
Curriculum/gait_quality/rear_entry_b_mean_deg: 0.0000
Curriculum/gait_quality/rear_entry_g_mean_deg: 0.0000
Curriculum/gait_quality/front_body_gap_samples: 0.0000
Curriculum/gait_quality/front_body_gap_mean_m: 0.0000
Curriculum/gait_quality/front_body_gap_low_fraction: 0.0000
Curriculum/gait_quality/loaded_without_local_map_samples: 0.0000
    Curriculum/ascent_direction/samples: 0.0000
Curriculum/ascent_direction/lateral_error_mean_m: 0.0000
Curriculum/ascent_direction/lateral_error_max_m: 0.0000
Curriculum/ascent_direction/lateral_speed_mean_m_s: 0.0000
Curriculum/ascent_direction/heading_error_mean_deg: 0.0000
Curriculum/ascent_direction/outside_tolerance_fraction: 0.0000
  Curriculum/ascent_direction/cost_mean: 0.0000
       Curriculum/terrain_level_overall: 0.0000
Curriculum/terrain_level_pyramid_stairs: 0.0000
Curriculum/terrain_level_pyramid_stairs_inv: 0.0000
         Curriculum/terrain_level_boxes: 0.0000
  Curriculum/terrain_level_random_rough: 0.0000
Curriculum/terrain_level_hf_pyramid_slope: 0.0000
Curriculum/terrain_level_hf_pyramid_slope_inv: 0.0000
          Curriculum/terrain_level_flat: 0.0000
     Metrics/base_velocity/error_vel_xy: 0.0636
    Metrics/base_velocity/error_vel_yaw: 0.1327
           Metrics/base_velocity/base_z: 0.6131
         Metrics/base_velocity/knee_pos: 0.1320
           Episode_Termination/time_out: 0.2344
Episode_Termination/terrain_out_of_bounds: 0.0000
  Episode_Termination/bad_orientation_2: 0.0000
--------------------------------------------------------------------------------
                         Iteration time: 2.70s
                           Time elapsed: 00:00:36
                                    ETA: 00:01:57

################################################################################
[1m                            Learning iteration 13/55                            [0m 

                               Run name: preservation_smoke
                            Total steps: 21504 
                       Steps per second: 580 
                        Collection time: 2.603s 
                          Learning time: 0.045s 
                        Mean value loss: 0.2113
                    Mean surrogate loss: -0.0000
                      Mean entropy loss: 6.2641
                       Mean anchor loss: 0.0000
                Mean critic_warmup loss: 1.0000
                            Mean reward: 24.25
                    Mean episode length: 185.38
                        Mean action std: 0.37
            Episode_Reward/lin_vel_z_l2: -0.0239
           Episode_Reward/ang_vel_xy_l2: -0.0097
        Episode_Reward/joint_torques_l2: 0.0000
            Episode_Reward/joint_acc_l2: -0.0252
  Episode_Reward/hipx_joint_pos_penalty: -0.1279
  Episode_Reward/hipy_joint_pos_penalty: -0.0640
  Episode_Reward/knee_joint_pos_penalty: -0.0546
            Episode_Reward/joint_mirror: 0.0000
          Episode_Reward/action_rate_l2: 0.0000
        Episode_Reward/action_smooth_l2: 0.0000
      Episode_Reward/undesired_contacts: -0.0046
          Episode_Reward/contact_forces: 0.0000
    Episode_Reward/track_lin_vel_xy_exp: 1.4714
     Episode_Reward/track_ang_vel_z_exp: 0.8468
 Episode_Reward/feet_air_time_ang_z_M20: 0.0000
    Episode_Reward/feet_slide_ang_z_cmd: 0.0000
             Episode_Reward/stand_still: -0.0121
    Episode_Reward/rotation_gait_status: 0.0000
  Episode_Reward/rotation_gait_symmetry: 0.0000
 Episode_Reward/bad_orientation_penalty: 0.0000
      Episode_Reward/joint_acc_wheel_l2: -0.0239
  Episode_Reward/stair_orientation_cost: -0.0306
  Episode_Reward/stair_forward_progress: 0.0000
  Episode_Reward/stair_front_wheel_lift: 0.0000
Episode_Reward/stair_forward_motion_cost: 0.0000
Episode_Reward/stair_ascent_direction_cost: 0.0000
Episode_Reward/stair_front_wheel_touchdown: 0.0000
Episode_Reward/stair_front_single_support: 0.0000
Episode_Reward/stair_diagonal_support_symmetry: 0.0000
 Episode_Reward/stair_front_alternation: 0.0000
Episode_Reward/stair_up_step_completion: 0.0000
  Episode_Reward/stair_up_task_crossing: 0.0000
Episode_Reward/stair_up_rear_step_completion: 0.0000
   Episode_Reward/stair_rear_wheel_lift: 0.0000
Episode_Reward/stair_descent_rear_forward_cost: 0.0000
Episode_Reward/stair_ascent_front_body_clearance_cost: 0.0000
Episode_Reward/stair_up_order_violation_cost: 0.0000
Episode_Reward/stair_up_same_tread_cost: 0.0000
Episode_Reward/stair_up_same_tread_dwell_cost: 0.0000
Episode_Reward/stair_descent_rear_fold_cost: 0.0000
Episode_Reward/stair_ascent_front_fold_cost: 0.0000
    Episode_Reward/turn_swing_size_cost: -0.0000
Episode_Reward/stair_down_step_completion: 0.0000
Episode_Reward/stair_front_riser_face_cost: 0.0000
Episode_Reward/stair_descent_rear_support: 0.0000
       Episode_Reward/stair_impact_cost: -0.0000
Episode_Reward/stair_non_wheel_contact_cost: -0.0006
Episode_Reward/stair_non_wheel_scrape_cost: -0.0004
 Episode_Reward/stair_joint_effort_cost: -0.0009
Episode_Reward/stair_joint_acceleration_cost: -0.0025
Episode_Reward/stair_mechanical_power_cost: -0.0003
              Curriculum/terrain_levels: 0.0000
                  Curriculum/gait_level: 0.0000
 Curriculum/step_completion/up_attempts: 0.0000
Curriculum/step_completion/up_successes: 0.0000
Curriculum/step_completion/up_success_rate: 0.0000
Curriculum/step_completion/up_rear_successes: 0.0000
Curriculum/step_completion/up_front_violations: 0.0000
Curriculum/step_completion/up_rear_violations: 0.0000
Curriculum/step_completion/up_front_same_tread_events: 0.0000
Curriculum/step_completion/up_front_same_tread_dwell_s: 0.0000
Curriculum/step_completion/up_rear_same_tread_events: 0.0000
Curriculum/step_completion/up_rear_same_tread_dwell_s: 0.0000
Curriculum/step_completion/up_targets_started: 0.0000
Curriculum/step_completion/up_lift_credit: 0.0000
  Curriculum/step_completion/up_retries: 0.0000
Curriculum/step_completion/up_abandoned_targets: 0.0000
Curriculum/step_completion/up_retreat_fraction: 0.0000
Curriculum/step_completion/up_stationary_fraction: 0.0000
Curriculum/step_completion/down_attempts: 0.0000
Curriculum/step_completion/down_successes: 0.0000
Curriculum/step_completion/down_success_rate: 0.0000
Curriculum/step_completion/forward_gate_fraction: 0.0000
Curriculum/step_completion/nearby_gate_fraction: 0.7101
Curriculum/step_completion/registered_risers: 0.0000
Curriculum/step_completion/up_whole_body_crossings: 0.0000
Curriculum/step_completion/up_whole_body_crossing_coverage: 0.0000
Curriculum/step_completion/up_front_registered_intermediate_risers: 0.0000
Curriculum/step_completion/up_front_landing_coverage: 0.0000
Curriculum/step_completion/up_front_strict_coverage: 0.0000
Curriculum/step_completion/up_front_physical_landings: 0.0000
Curriculum/step_completion/up_front_transition_successes: 0.0000
Curriculum/step_completion/up_front_skipped_riser_events: 0.0000
Curriculum/step_completion/up_front_unsafe_events: 0.0000
Curriculum/step_completion/up_front_skip_fraction: 0.0000
Curriculum/step_completion/up_front_visited_intermediate_risers: 0.0000
Curriculum/step_completion/up_front_same_tread_fraction: 0.0000
Curriculum/step_completion/up_front_longest_strict_run: 0.0000
Curriculum/step_completion/up_front_six_step_strict_fraction: 0.0000
Curriculum/step_completion/fl_stable_treads: 0.0000
Curriculum/step_completion/fr_stable_treads: 0.0000
Curriculum/step_completion/up_rear_registered_intermediate_risers: 0.0000
Curriculum/step_completion/up_rear_landing_coverage: 0.0000
Curriculum/step_completion/up_rear_strict_coverage: 0.0000
Curriculum/step_completion/up_rear_physical_landings: 0.0000
Curriculum/step_completion/up_rear_transition_successes: 0.0000
Curriculum/step_completion/up_rear_skipped_riser_events: 0.0000
Curriculum/step_completion/up_rear_unsafe_events: 0.0000
Curriculum/step_completion/up_rear_skip_fraction: 0.0000
Curriculum/step_completion/up_rear_visited_intermediate_risers: 0.0000
Curriculum/step_completion/up_rear_same_tread_fraction: 0.0000
Curriculum/step_completion/up_rear_longest_strict_run: 0.0000
Curriculum/step_completion/up_rear_six_step_strict_fraction: 0.0000
Curriculum/step_completion/hl_stable_treads: 0.0000
Curriculum/step_completion/hr_stable_treads: 0.0000
Curriculum/step_completion/up_rear_lift_credit: 0.0000
   Curriculum/gait_quality/turn_samples: 24.0833
Curriculum/gait_quality/descent_samples: 0.0000
Curriculum/gait_quality/rear_support_samples: 0.0000
Curriculum/gait_quality/turn_clearance_mean_m: 0.0009
Curriculum/gait_quality/turn_reach_mean_m: 0.0134
Curriculum/gait_quality/turn_yaw_error_mean: 0.0192
Curriculum/gait_quality/rear_extension_mean_m: 0.0000
Curriculum/gait_quality/rear_fold_support_fraction: 0.0000
 Curriculum/gait_quality/ascent_samples: 0.0000
Curriculum/gait_quality/front_support_samples: 0.0000
Curriculum/gait_quality/front_extension_mean_m: 0.0000
Curriculum/gait_quality/front_knee_abs_mean_rad: 0.0000
Curriculum/gait_quality/front_fold_support_fraction: 0.0000
Curriculum/gait_quality/front_swing_samples: 0.0000
Curriculum/gait_quality/front_extreme_swing_fold_fraction: 0.0000
Curriculum/gait_quality/front_loaded_a_mean_deg: 0.0000
Curriculum/gait_quality/front_loaded_a_low_fraction: 0.0000
Curriculum/gait_quality/front_loaded_a_min_deg: 0.0000
Curriculum/gait_quality/fl_loaded_samples: 0.0000
Curriculum/gait_quality/fl_loaded_a_mean_deg: 0.0000
Curriculum/gait_quality/fl_loaded_a_low_fraction: 0.0000
Curriculum/gait_quality/fr_loaded_samples: 0.0000
Curriculum/gait_quality/fr_loaded_a_mean_deg: 0.0000
Curriculum/gait_quality/fr_loaded_a_low_fraction: 0.0000
Curriculum/gait_quality/front_swing_a_mean_deg: 0.0000
Curriculum/gait_quality/front_swing_a_low_fraction: 0.0000
Curriculum/gait_quality/front_swing_a_min_deg: 0.0000
Curriculum/gait_quality/fl_swing_samples: 0.0000
Curriculum/gait_quality/fl_swing_a_mean_deg: 0.0000
Curriculum/gait_quality/fl_swing_a_low_fraction: 0.0000
Curriculum/gait_quality/fr_swing_samples: 0.0000
Curriculum/gait_quality/fr_swing_a_mean_deg: 0.0000
Curriculum/gait_quality/fr_swing_a_low_fraction: 0.0000
Curriculum/gait_quality/rear_forward_samples: 0.0000
Curriculum/gait_quality/rear_forward_excess_fraction: 0.0000
Curriculum/gait_quality/rear_body_b_mean_deg: 0.0000
Curriculum/gait_quality/rear_gravity_g_mean_deg: 0.0000
 Curriculum/gait_quality/rear_b_max_deg: 0.0000
 Curriculum/gait_quality/rear_g_max_deg: 0.0000
Curriculum/gait_quality/hl_loaded_samples: 0.0000
Curriculum/gait_quality/hl_body_b_mean_deg: 0.0000
Curriculum/gait_quality/hl_gravity_g_mean_deg: 0.0000
Curriculum/gait_quality/hl_forward_excess_fraction: 0.0000
Curriculum/gait_quality/hr_loaded_samples: 0.0000
Curriculum/gait_quality/hr_body_b_mean_deg: 0.0000
Curriculum/gait_quality/hr_gravity_g_mean_deg: 0.0000
Curriculum/gait_quality/hr_forward_excess_fraction: 0.0000
Curriculum/gait_quality/rear_entry_samples: 0.0000
Curriculum/gait_quality/rear_entry_b_mean_deg: 0.0000
Curriculum/gait_quality/rear_entry_g_mean_deg: 0.0000
Curriculum/gait_quality/front_body_gap_samples: 0.0000
Curriculum/gait_quality/front_body_gap_mean_m: 0.0000
Curriculum/gait_quality/front_body_gap_low_fraction: 0.0000
Curriculum/gait_quality/loaded_without_local_map_samples: 0.0000
    Curriculum/ascent_direction/samples: 0.0000
Curriculum/ascent_direction/lateral_error_mean_m: 0.0000
Curriculum/ascent_direction/lateral_error_max_m: 0.0000
Curriculum/ascent_direction/lateral_speed_mean_m_s: 0.0000
Curriculum/ascent_direction/heading_error_mean_deg: 0.0000
Curriculum/ascent_direction/outside_tolerance_fraction: 0.0000
  Curriculum/ascent_direction/cost_mean: 0.0000
       Curriculum/terrain_level_overall: 0.0000
Curriculum/terrain_level_pyramid_stairs: 0.0000
Curriculum/terrain_level_pyramid_stairs_inv: 0.0000
         Curriculum/terrain_level_boxes: 0.0000
  Curriculum/terrain_level_random_rough: 0.0000
Curriculum/terrain_level_hf_pyramid_slope: 0.0000
Curriculum/terrain_level_hf_pyramid_slope_inv: 0.0000
          Curriculum/terrain_level_flat: 0.0000
     Metrics/base_velocity/error_vel_xy: 0.0941
    Metrics/base_velocity/error_vel_yaw: 0.1209
           Metrics/base_velocity/base_z: -0.0041
         Metrics/base_velocity/knee_pos: 1.2478
           Episode_Termination/time_out: 0.2487
Episode_Termination/terrain_out_of_bounds: 0.0000
  Episode_Termination/bad_orientation_2: 0.0000
--------------------------------------------------------------------------------
                         Iteration time: 2.65s
                           Time elapsed: 00:00:39
                                    ETA: 00:01:54

################################################################################
[1m                            Learning iteration 14/55                            [0m 

                               Run name: preservation_smoke
                            Total steps: 23040 
                       Steps per second: 555 
                        Collection time: 2.714s 
                          Learning time: 0.051s 
                        Mean value loss: 0.1206
                    Mean surrogate loss: -0.0000
                      Mean entropy loss: 6.2641
                       Mean anchor loss: 0.0000
                Mean critic_warmup loss: 1.0000
                            Mean reward: 24.25
                    Mean episode length: 185.38
                        Mean action std: 0.37
            Episode_Reward/lin_vel_z_l2: -0.0257
           Episode_Reward/ang_vel_xy_l2: -0.0103
        Episode_Reward/joint_torques_l2: 0.0000
            Episode_Reward/joint_acc_l2: -0.0271
  Episode_Reward/hipx_joint_pos_penalty: -0.1346
  Episode_Reward/hipy_joint_pos_penalty: -0.0691
  Episode_Reward/knee_joint_pos_penalty: -0.0590
            Episode_Reward/joint_mirror: 0.0000
          Episode_Reward/action_rate_l2: 0.0000
        Episode_Reward/action_smooth_l2: 0.0000
      Episode_Reward/undesired_contacts: -0.0050
          Episode_Reward/contact_forces: 0.0000
    Episode_Reward/track_lin_vel_xy_exp: 1.4781
     Episode_Reward/track_ang_vel_z_exp: 0.8544
 Episode_Reward/feet_air_time_ang_z_M20: 0.0000
    Episode_Reward/feet_slide_ang_z_cmd: 0.0000
             Episode_Reward/stand_still: 0.0000
    Episode_Reward/rotation_gait_status: 0.0000
  Episode_Reward/rotation_gait_symmetry: 0.0000
 Episode_Reward/bad_orientation_penalty: 0.0000
      Episode_Reward/joint_acc_wheel_l2: -0.0257
  Episode_Reward/stair_orientation_cost: -0.0317
  Episode_Reward/stair_forward_progress: 0.0000
  Episode_Reward/stair_front_wheel_lift: 0.0000
Episode_Reward/stair_forward_motion_cost: 0.0000
Episode_Reward/stair_ascent_direction_cost: 0.0000
Episode_Reward/stair_front_wheel_touchdown: 0.0000
Episode_Reward/stair_front_single_support: 0.0000
Episode_Reward/stair_diagonal_support_symmetry: 0.0000
 Episode_Reward/stair_front_alternation: 0.0000
Episode_Reward/stair_up_step_completion: 0.0000
  Episode_Reward/stair_up_task_crossing: 0.0000
Episode_Reward/stair_up_rear_step_completion: 0.0000
   Episode_Reward/stair_rear_wheel_lift: 0.0000
Episode_Reward/stair_descent_rear_forward_cost: 0.0000
Episode_Reward/stair_ascent_front_body_clearance_cost: 0.0000
Episode_Reward/stair_up_order_violation_cost: 0.0000
Episode_Reward/stair_up_same_tread_cost: 0.0000
Episode_Reward/stair_up_same_tread_dwell_cost: 0.0000
Episode_Reward/stair_descent_rear_fold_cost: 0.0000
Episode_Reward/stair_ascent_front_fold_cost: 0.0000
    Episode_Reward/turn_swing_size_cost: 0.0000
Episode_Reward/stair_down_step_completion: 0.0000
Episode_Reward/stair_front_riser_face_cost: 0.0000
Episode_Reward/stair_descent_rear_support: 0.0000
       Episode_Reward/stair_impact_cost: -0.0000
Episode_Reward/stair_non_wheel_contact_cost: -0.0006
Episode_Reward/stair_non_wheel_scrape_cost: -0.0005
 Episode_Reward/stair_joint_effort_cost: -0.0010
Episode_Reward/stair_joint_acceleration_cost: -0.0027
Episode_Reward/stair_mechanical_power_cost: -0.0003
              Curriculum/terrain_levels: 0.0000
                  Curriculum/gait_level: 0.0000
 Curriculum/step_completion/up_attempts: 0.0000
Curriculum/step_completion/up_successes: 0.0000
Curriculum/step_completion/up_success_rate: 0.0000
Curriculum/step_completion/up_rear_successes: 0.0000
Curriculum/step_completion/up_front_violations: 0.0000
Curriculum/step_completion/up_rear_violations: 0.0000
Curriculum/step_completion/up_front_same_tread_events: 0.0000
Curriculum/step_completion/up_front_same_tread_dwell_s: 0.0000
Curriculum/step_completion/up_rear_same_tread_events: 0.0000
Curriculum/step_completion/up_rear_same_tread_dwell_s: 0.0000
Curriculum/step_completion/up_targets_started: 0.0000
Curriculum/step_completion/up_lift_credit: 0.0000
  Curriculum/step_completion/up_retries: 0.0000
Curriculum/step_completion/up_abandoned_targets: 0.0000
Curriculum/step_completion/up_retreat_fraction: 0.0000
Curriculum/step_completion/up_stationary_fraction: 0.0000
Curriculum/step_completion/down_attempts: 0.0000
Curriculum/step_completion/down_successes: 0.0000
Curriculum/step_completion/down_success_rate: 0.0000
Curriculum/step_completion/forward_gate_fraction: 0.0000
Curriculum/step_completion/nearby_gate_fraction: 0.7746
Curriculum/step_completion/registered_risers: 0.0000
Curriculum/step_completion/up_whole_body_crossings: 0.0000
Curriculum/step_completion/up_whole_body_crossing_coverage: 0.0000
Curriculum/step_completion/up_front_registered_intermediate_risers: 0.0000
Curriculum/step_completion/up_front_landing_coverage: 0.0000
Curriculum/step_completion/up_front_strict_coverage: 0.0000
Curriculum/step_completion/up_front_physical_landings: 0.0000
Curriculum/step_completion/up_front_transition_successes: 0.0000
Curriculum/step_completion/up_front_skipped_riser_events: 0.0000
Curriculum/step_completion/up_front_unsafe_events: 0.0000
Curriculum/step_completion/up_front_skip_fraction: 0.0000
Curriculum/step_completion/up_front_visited_intermediate_risers: 0.0000
Curriculum/step_completion/up_front_same_tread_fraction: 0.0000
Curriculum/step_completion/up_front_longest_strict_run: 0.0000
Curriculum/step_completion/up_front_six_step_strict_fraction: 0.0000
Curriculum/step_completion/fl_stable_treads: 0.0000
Curriculum/step_completion/fr_stable_treads: 0.0000
Curriculum/step_completion/up_rear_registered_intermediate_risers: 0.0000
Curriculum/step_completion/up_rear_landing_coverage: 0.0000
Curriculum/step_completion/up_rear_strict_coverage: 0.0000
Curriculum/step_completion/up_rear_physical_landings: 0.0000
Curriculum/step_completion/up_rear_transition_successes: 0.0000
Curriculum/step_completion/up_rear_skipped_riser_events: 0.0000
Curriculum/step_completion/up_rear_unsafe_events: 0.0000
Curriculum/step_completion/up_rear_skip_fraction: 0.0000
Curriculum/step_completion/up_rear_visited_intermediate_risers: 0.0000
Curriculum/step_completion/up_rear_same_tread_fraction: 0.0000
Curriculum/step_completion/up_rear_longest_strict_run: 0.0000
Curriculum/step_completion/up_rear_six_step_strict_fraction: 0.0000
Curriculum/step_completion/hl_stable_treads: 0.0000
Curriculum/step_completion/hr_stable_treads: 0.0000
Curriculum/step_completion/up_rear_lift_credit: 0.0000
   Curriculum/gait_quality/turn_samples: 0.0000
Curriculum/gait_quality/descent_samples: 0.0000
Curriculum/gait_quality/rear_support_samples: 0.0000
Curriculum/gait_quality/turn_clearance_mean_m: 0.0000
Curriculum/gait_quality/turn_reach_mean_m: 0.0000
Curriculum/gait_quality/turn_yaw_error_mean: 0.0000
Curriculum/gait_quality/rear_extension_mean_m: 0.0000
Curriculum/gait_quality/rear_fold_support_fraction: 0.0000
 Curriculum/gait_quality/ascent_samples: 0.0000
Curriculum/gait_quality/front_support_samples: 0.0000
Curriculum/gait_quality/front_extension_mean_m: 0.0000
Curriculum/gait_quality/front_knee_abs_mean_rad: 0.0000
Curriculum/gait_quality/front_fold_support_fraction: 0.0000
Curriculum/gait_quality/front_swing_samples: 0.0000
Curriculum/gait_quality/front_extreme_swing_fold_fraction: 0.0000
Curriculum/gait_quality/front_loaded_a_mean_deg: 0.0000
Curriculum/gait_quality/front_loaded_a_low_fraction: 0.0000
Curriculum/gait_quality/front_loaded_a_min_deg: 0.0000
Curriculum/gait_quality/fl_loaded_samples: 0.0000
Curriculum/gait_quality/fl_loaded_a_mean_deg: 0.0000
Curriculum/gait_quality/fl_loaded_a_low_fraction: 0.0000
Curriculum/gait_quality/fr_loaded_samples: 0.0000
Curriculum/gait_quality/fr_loaded_a_mean_deg: 0.0000
Curriculum/gait_quality/fr_loaded_a_low_fraction: 0.0000
Curriculum/gait_quality/front_swing_a_mean_deg: 0.0000
Curriculum/gait_quality/front_swing_a_low_fraction: 0.0000
Curriculum/gait_quality/front_swing_a_min_deg: 0.0000
Curriculum/gait_quality/fl_swing_samples: 0.0000
Curriculum/gait_quality/fl_swing_a_mean_deg: 0.0000
Curriculum/gait_quality/fl_swing_a_low_fraction: 0.0000
Curriculum/gait_quality/fr_swing_samples: 0.0000
Curriculum/gait_quality/fr_swing_a_mean_deg: 0.0000
Curriculum/gait_quality/fr_swing_a_low_fraction: 0.0000
Curriculum/gait_quality/rear_forward_samples: 0.0000
Curriculum/gait_quality/rear_forward_excess_fraction: 0.0000
Curriculum/gait_quality/rear_body_b_mean_deg: 0.0000
Curriculum/gait_quality/rear_gravity_g_mean_deg: 0.0000
 Curriculum/gait_quality/rear_b_max_deg: 0.0000
 Curriculum/gait_quality/rear_g_max_deg: 0.0000
Curriculum/gait_quality/hl_loaded_samples: 0.0000
Curriculum/gait_quality/hl_body_b_mean_deg: 0.0000
Curriculum/gait_quality/hl_gravity_g_mean_deg: 0.0000
Curriculum/gait_quality/hl_forward_excess_fraction: 0.0000
Curriculum/gait_quality/hr_loaded_samples: 0.0000
Curriculum/gait_quality/hr_body_b_mean_deg: 0.0000
Curriculum/gait_quality/hr_gravity_g_mean_deg: 0.0000
Curriculum/gait_quality/hr_forward_excess_fraction: 0.0000
Curriculum/gait_quality/rear_entry_samples: 0.0000
Curriculum/gait_quality/rear_entry_b_mean_deg: 0.0000
Curriculum/gait_quality/rear_entry_g_mean_deg: 0.0000
Curriculum/gait_quality/front_body_gap_samples: 0.0000
Curriculum/gait_quality/front_body_gap_mean_m: 0.0000
Curriculum/gait_quality/front_body_gap_low_fraction: 0.0000
Curriculum/gait_quality/loaded_without_local_map_samples: 0.0000
    Curriculum/ascent_direction/samples: 0.0000
Curriculum/ascent_direction/lateral_error_mean_m: 0.0000
Curriculum/ascent_direction/lateral_error_max_m: 0.0000
Curriculum/ascent_direction/lateral_speed_mean_m_s: 0.0000
Curriculum/ascent_direction/heading_error_mean_deg: 0.0000
Curriculum/ascent_direction/outside_tolerance_fraction: 0.0000
  Curriculum/ascent_direction/cost_mean: 0.0000
       Curriculum/terrain_level_overall: 0.0000
Curriculum/terrain_level_pyramid_stairs: 0.0000
Curriculum/terrain_level_pyramid_stairs_inv: 0.0000
         Curriculum/terrain_level_boxes: 0.0000
  Curriculum/terrain_level_random_rough: 0.0000
Curriculum/terrain_level_hf_pyramid_slope: 0.0000
Curriculum/terrain_level_hf_pyramid_slope_inv: 0.0000
          Curriculum/terrain_level_flat: 0.0000
     Metrics/base_velocity/error_vel_xy: 0.0969
    Metrics/base_velocity/error_vel_yaw: 0.1198
           Metrics/base_velocity/base_z: -0.0602
         Metrics/base_velocity/knee_pos: 1.3493
           Episode_Termination/time_out: 0.2500
Episode_Termination/terrain_out_of_bounds: 0.0000
  Episode_Termination/bad_orientation_2: 0.0000
--------------------------------------------------------------------------------
                         Iteration time: 2.76s
                           Time elapsed: 00:00:41
                                    ETA: 00:01:51

################################################################################
[1m                            Learning iteration 15/55                            [0m 

                               Run name: preservation_smoke
                            Total steps: 24576 
                       Steps per second: 548 
                        Collection time: 2.745s 
                          Learning time: 0.056s 
                        Mean value loss: 0.2720
                    Mean surrogate loss: 0.0000
                      Mean entropy loss: 6.2641
                       Mean anchor loss: 0.0000
                Mean critic_warmup loss: 1.0000
                            Mean reward: 26.00
                    Mean episode length: 206.06
                        Mean action std: 0.37
            Episode_Reward/lin_vel_z_l2: -0.0370
           Episode_Reward/ang_vel_xy_l2: -0.0127
        Episode_Reward/joint_torques_l2: 0.0000
            Episode_Reward/joint_acc_l2: -0.0503
  Episode_Reward/hipx_joint_pos_penalty: -0.1285
  Episode_Reward/hipy_joint_pos_penalty: -0.0583
  Episode_Reward/knee_joint_pos_penalty: -0.0614
            Episode_Reward/joint_mirror: 0.0000
          Episode_Reward/action_rate_l2: 0.0000
        Episode_Reward/action_smooth_l2: 0.0000
      Episode_Reward/undesired_contacts: -0.0048
          Episode_Reward/contact_forces: 0.0000
    Episode_Reward/track_lin_vel_xy_exp: 1.5503
     Episode_Reward/track_ang_vel_z_exp: 0.9005
 Episode_Reward/feet_air_time_ang_z_M20: 0.0000
    Episode_Reward/feet_slide_ang_z_cmd: 0.0000
             Episode_Reward/stand_still: 0.0000
    Episode_Reward/rotation_gait_status: 0.0000
  Episode_Reward/rotation_gait_symmetry: 0.0000
 Episode_Reward/bad_orientation_penalty: 0.0000
      Episode_Reward/joint_acc_wheel_l2: -0.0298
  Episode_Reward/stair_orientation_cost: -0.0773
  Episode_Reward/stair_forward_progress: 0.0413
  Episode_Reward/stair_front_wheel_lift: 0.0813
Episode_Reward/stair_forward_motion_cost: -0.0103
Episode_Reward/stair_ascent_direction_cost: -0.0860
Episode_Reward/stair_front_wheel_touchdown: 0.0203
Episode_Reward/stair_front_single_support: 0.0018
Episode_Reward/stair_diagonal_support_symmetry: 0.0009
 Episode_Reward/stair_front_alternation: 0.0135
Episode_Reward/stair_up_step_completion: 0.1625
  Episode_Reward/stair_up_task_crossing: 0.0542
Episode_Reward/stair_up_rear_step_completion: 0.0000
   Episode_Reward/stair_rear_wheel_lift: 0.0271
Episode_Reward/stair_descent_rear_forward_cost: -0.0003
Episode_Reward/stair_ascent_front_body_clearance_cost: -0.0043
Episode_Reward/stair_up_order_violation_cost: -0.4198
Episode_Reward/stair_up_same_tread_cost: -0.0813
Episode_Reward/stair_up_same_tread_dwell_cost: 0.0000
Episode_Reward/stair_descent_rear_fold_cost: -0.0033
Episode_Reward/stair_ascent_front_fold_cost: -0.0154
    Episode_Reward/turn_swing_size_cost: 0.0000
Episode_Reward/stair_down_step_completion: 0.0000
Episode_Reward/stair_front_riser_face_cost: -0.0135
Episode_Reward/stair_descent_rear_support: 0.0000
       Episode_Reward/stair_impact_cost: -0.0024
Episode_Reward/stair_non_wheel_contact_cost: -0.0006
Episode_Reward/stair_non_wheel_scrape_cost: -0.0005
 Episode_Reward/stair_joint_effort_cost: -0.0014
Episode_Reward/stair_joint_acceleration_cost: -0.0031
Episode_Reward/stair_mechanical_power_cost: -0.0005
              Curriculum/terrain_levels: 0.0000
                  Curriculum/gait_level: 0.0000
 Curriculum/step_completion/up_attempts: 8.6667
Curriculum/step_completion/up_successes: 2.7083
Curriculum/step_completion/up_success_rate: 0.1693
Curriculum/step_completion/up_rear_successes: 0.5417
Curriculum/step_completion/up_front_violations: 5.9583
Curriculum/step_completion/up_rear_violations: 10.8333
Curriculum/step_completion/up_front_same_tread_events: 0.0000
Curriculum/step_completion/up_front_same_tread_dwell_s: 0.0000
Curriculum/step_completion/up_rear_same_tread_events: 1.0833
Curriculum/step_completion/up_rear_same_tread_dwell_s: 0.0000
Curriculum/step_completion/up_targets_started: 10.2917
Curriculum/step_completion/up_lift_credit: 3.2500
  Curriculum/step_completion/up_retries: 0.0000
Curriculum/step_completion/up_abandoned_targets: 0.0000
Curriculum/step_completion/up_retreat_fraction: 0.0000
Curriculum/step_completion/up_stationary_fraction: 0.0000
Curriculum/step_completion/down_attempts: 0.5417
Curriculum/step_completion/down_successes: 0.0000
Curriculum/step_completion/down_success_rate: 0.0000
Curriculum/step_completion/forward_gate_fraction: 0.3436
Curriculum/step_completion/nearby_gate_fraction: 0.7204
Curriculum/step_completion/registered_risers: 21.6667
Curriculum/step_completion/up_whole_body_crossings: 0.5417
Curriculum/step_completion/up_whole_body_crossing_coverage: 0.0135
Curriculum/step_completion/up_front_registered_intermediate_risers: 11.9167
Curriculum/step_completion/up_front_landing_coverage: 0.2167
Curriculum/step_completion/up_front_strict_coverage: 0.0739
Curriculum/step_completion/up_front_physical_landings: 8.6667
Curriculum/step_completion/up_front_transition_successes: 1.0833
Curriculum/step_completion/up_front_skipped_riser_events: 2.7083
Curriculum/step_completion/up_front_unsafe_events: 4.8750
Curriculum/step_completion/up_front_skip_fraction: 0.1693
Curriculum/step_completion/up_front_visited_intermediate_risers: 2.7083
Curriculum/step_completion/up_front_same_tread_fraction: 0.0000
Curriculum/step_completion/up_front_longest_strict_run: 1.0833
Curriculum/step_completion/up_front_six_step_strict_fraction: 0.0000
Curriculum/step_completion/fl_stable_treads: 6.5000
Curriculum/step_completion/fr_stable_treads: 2.7083
Curriculum/step_completion/up_rear_registered_intermediate_risers: 11.9167
Curriculum/step_completion/up_rear_landing_coverage: 0.2844
Curriculum/step_completion/up_rear_strict_coverage: 0.0246
Curriculum/step_completion/up_rear_physical_landings: 11.3750
Curriculum/step_completion/up_rear_transition_successes: 0.0000
Curriculum/step_completion/up_rear_skipped_riser_events: 5.9583
Curriculum/step_completion/up_rear_unsafe_events: 9.7500
Curriculum/step_completion/up_rear_skip_fraction: 0.2837
Curriculum/step_completion/up_rear_visited_intermediate_risers: 5.9583
Curriculum/step_completion/up_rear_same_tread_fraction: 0.0985
Curriculum/step_completion/up_rear_longest_strict_run: 0.5417
Curriculum/step_completion/up_rear_six_step_strict_fraction: 0.0000
Curriculum/step_completion/hl_stable_treads: 2.7083
Curriculum/step_completion/hr_stable_treads: 9.7500
Curriculum/step_completion/up_rear_lift_credit: 1.0833
   Curriculum/gait_quality/turn_samples: 0.0000
Curriculum/gait_quality/descent_samples: 50.3750
Curriculum/gait_quality/rear_support_samples: 65.5417
Curriculum/gait_quality/turn_clearance_mean_m: 0.0000
Curriculum/gait_quality/turn_reach_mean_m: 0.0000
Curriculum/gait_quality/turn_yaw_error_mean: 0.0000
Curriculum/gait_quality/rear_extension_mean_m: 0.2094
Curriculum/gait_quality/rear_fold_support_fraction: 0.1567
 Curriculum/gait_quality/ascent_samples: 77.4583
Curriculum/gait_quality/front_support_samples: 37.3750
Curriculum/gait_quality/front_extension_mean_m: 0.2016
Curriculum/gait_quality/front_knee_abs_mean_rad: 0.8738
Curriculum/gait_quality/front_fold_support_fraction: 0.2041
Curriculum/gait_quality/front_swing_samples: 117.5417
Curriculum/gait_quality/front_extreme_swing_fold_fraction: 0.2471
Curriculum/gait_quality/front_loaded_a_mean_deg: 47.4366
Curriculum/gait_quality/front_loaded_a_low_fraction: 0.2041
Curriculum/gait_quality/front_loaded_a_min_deg: 18.6531
Curriculum/gait_quality/fl_loaded_samples: 20.0417
Curriculum/gait_quality/fl_loaded_a_mean_deg: 59.4308
Curriculum/gait_quality/fl_loaded_a_low_fraction: 0.0146
Curriculum/gait_quality/fr_loaded_samples: 17.3333
Curriculum/gait_quality/fr_loaded_a_mean_deg: 33.5683
Curriculum/gait_quality/fr_loaded_a_low_fraction: 0.4232
Curriculum/gait_quality/front_swing_a_mean_deg: 35.4103
Curriculum/gait_quality/front_swing_a_low_fraction: 0.2471
Curriculum/gait_quality/front_swing_a_min_deg: 10.3210
Curriculum/gait_quality/fl_swing_samples: 57.4167
Curriculum/gait_quality/fl_swing_a_mean_deg: 46.7516
Curriculum/gait_quality/fl_swing_a_low_fraction: 0.1022
Curriculum/gait_quality/fr_swing_samples: 60.1250
Curriculum/gait_quality/fr_swing_a_mean_deg: 24.5798
Curriculum/gait_quality/fr_swing_a_low_fraction: 0.3855
Curriculum/gait_quality/rear_forward_samples: 65.5417
Curriculum/gait_quality/rear_forward_excess_fraction: 0.0269
Curriculum/gait_quality/rear_body_b_mean_deg: 1.8481
Curriculum/gait_quality/rear_gravity_g_mean_deg: -3.9935
 Curriculum/gait_quality/rear_b_max_deg: 26.7144
 Curriculum/gait_quality/rear_g_max_deg: 19.6804
Curriculum/gait_quality/hl_loaded_samples: 31.9583
Curriculum/gait_quality/hl_body_b_mean_deg: 1.7593
Curriculum/gait_quality/hl_gravity_g_mean_deg: -4.2006
Curriculum/gait_quality/hl_forward_excess_fraction: 0.0459
Curriculum/gait_quality/hr_loaded_samples: 33.5833
Curriculum/gait_quality/hr_body_b_mean_deg: 1.9325
Curriculum/gait_quality/hr_gravity_g_mean_deg: -3.7964
Curriculum/gait_quality/hr_forward_excess_fraction: 0.0087
Curriculum/gait_quality/rear_entry_samples: 52.0000
Curriculum/gait_quality/rear_entry_b_mean_deg: 2.1127
Curriculum/gait_quality/rear_entry_g_mean_deg: -4.6965
Curriculum/gait_quality/front_body_gap_samples: 77.4583
Curriculum/gait_quality/front_body_gap_mean_m: 0.1341
Curriculum/gait_quality/front_body_gap_low_fraction: 0.2121
Curriculum/gait_quality/loaded_without_local_map_samples: 0.0000
    Curriculum/ascent_direction/samples: 77.4583
Curriculum/ascent_direction/lateral_error_mean_m: 0.1425
Curriculum/ascent_direction/lateral_error_max_m: 0.3876
Curriculum/ascent_direction/lateral_speed_mean_m_s: 0.1465
Curriculum/ascent_direction/heading_error_mean_deg: 3.4010
Curriculum/ascent_direction/outside_tolerance_fraction: 0.4091
  Curriculum/ascent_direction/cost_mean: 0.3009
       Curriculum/terrain_level_overall: 0.0000
Curriculum/terrain_level_pyramid_stairs: 0.0000
Curriculum/terrain_level_pyramid_stairs_inv: 0.0000
         Curriculum/terrain_level_boxes: 0.0000
  Curriculum/terrain_level_random_rough: 0.0000
Curriculum/terrain_level_hf_pyramid_slope: 0.0000
Curriculum/terrain_level_hf_pyramid_slope_inv: 0.0000
          Curriculum/terrain_level_flat: 0.0000
     Metrics/base_velocity/error_vel_xy: 0.1478
    Metrics/base_velocity/error_vel_yaw: 0.1627
           Metrics/base_velocity/base_z: 0.6039
         Metrics/base_velocity/knee_pos: 1.3767
           Episode_Termination/time_out: 0.2676
Episode_Termination/terrain_out_of_bounds: 0.0000
  Episode_Termination/bad_orientation_2: 0.0000
--------------------------------------------------------------------------------
                         Iteration time: 2.80s
                           Time elapsed: 00:00:44
                                    ETA: 00:01:48

################################################################################
[1m                            Learning iteration 16/55                            [0m 

                               Run name: preservation_smoke
                            Total steps: 26112 
                       Steps per second: 577 
                        Collection time: 2.620s 
                          Learning time: 0.040s 
                        Mean value loss: 0.1600
                    Mean surrogate loss: 0.0000
                      Mean entropy loss: 6.2641
                       Mean anchor loss: 0.0000
                Mean critic_warmup loss: 1.0000
                            Mean reward: 26.00
                    Mean episode length: 206.06
                        Mean action std: 0.37
            Episode_Reward/lin_vel_z_l2: -0.0469
           Episode_Reward/ang_vel_xy_l2: -0.0146
        Episode_Reward/joint_torques_l2: 0.0000
            Episode_Reward/joint_acc_l2: -0.0696
  Episode_Reward/hipx_joint_pos_penalty: -0.1253
  Episode_Reward/hipy_joint_pos_penalty: -0.0518
  Episode_Reward/knee_joint_pos_penalty: -0.0651
            Episode_Reward/joint_mirror: 0.0000
          Episode_Reward/action_rate_l2: 0.0000
        Episode_Reward/action_smooth_l2: 0.0000
      Episode_Reward/undesired_contacts: -0.0050
          Episode_Reward/contact_forces: 0.0000
    Episode_Reward/track_lin_vel_xy_exp: 1.5915
     Episode_Reward/track_ang_vel_z_exp: 0.9261
 Episode_Reward/feet_air_time_ang_z_M20: 0.0000
    Episode_Reward/feet_slide_ang_z_cmd: 0.0000
             Episode_Reward/stand_still: 0.0000
    Episode_Reward/rotation_gait_status: 0.0000
  Episode_Reward/rotation_gait_symmetry: 0.0000
 Episode_Reward/bad_orientation_penalty: 0.0000
      Episode_Reward/joint_acc_wheel_l2: -0.0333
  Episode_Reward/stair_orientation_cost: -0.1147
  Episode_Reward/stair_forward_progress: 0.0762
  Episode_Reward/stair_front_wheel_lift: 0.1500
Episode_Reward/stair_forward_motion_cost: -0.0190
Episode_Reward/stair_ascent_direction_cost: -0.1589
Episode_Reward/stair_front_wheel_touchdown: 0.0375
Episode_Reward/stair_front_single_support: 0.0034
Episode_Reward/stair_diagonal_support_symmetry: 0.0017
 Episode_Reward/stair_front_alternation: 0.0250
Episode_Reward/stair_up_step_completion: 0.3000
  Episode_Reward/stair_up_task_crossing: 0.1000
Episode_Reward/stair_up_rear_step_completion: 0.0000
   Episode_Reward/stair_rear_wheel_lift: 0.0500
Episode_Reward/stair_descent_rear_forward_cost: -0.0006
Episode_Reward/stair_ascent_front_body_clearance_cost: -0.0080
Episode_Reward/stair_up_order_violation_cost: -0.7750
Episode_Reward/stair_up_same_tread_cost: -0.1500
Episode_Reward/stair_up_same_tread_dwell_cost: 0.0000
Episode_Reward/stair_descent_rear_fold_cost: -0.0060
Episode_Reward/stair_ascent_front_fold_cost: -0.0284
    Episode_Reward/turn_swing_size_cost: 0.0000
Episode_Reward/stair_down_step_completion: 0.0000
Episode_Reward/stair_front_riser_face_cost: -0.0250
Episode_Reward/stair_descent_rear_support: 0.0000
       Episode_Reward/stair_impact_cost: -0.0044
Episode_Reward/stair_non_wheel_contact_cost: -0.0006
Episode_Reward/stair_non_wheel_scrape_cost: -0.0005
 Episode_Reward/stair_joint_effort_cost: -0.0017
Episode_Reward/stair_joint_acceleration_cost: -0.0034
Episode_Reward/stair_mechanical_power_cost: -0.0007
              Curriculum/terrain_levels: 0.0000
                  Curriculum/gait_level: 0.0000
 Curriculum/step_completion/up_attempts: 16.0000
Curriculum/step_completion/up_successes: 5.0000
Curriculum/step_completion/up_success_rate: 0.3125
Curriculum/step_completion/up_rear_successes: 1.0000
Curriculum/step_completion/up_front_violations: 11.0000
Curriculum/step_completion/up_rear_violations: 20.0000
Curriculum/step_completion/up_front_same_tread_events: 0.0000
Curriculum/step_completion/up_front_same_tread_dwell_s: 0.0000
Curriculum/step_completion/up_rear_same_tread_events: 2.0000
Curriculum/step_completion/up_rear_same_tread_dwell_s: 0.0000
Curriculum/step_completion/up_targets_started: 19.0000
Curriculum/step_completion/up_lift_credit: 6.0000
  Curriculum/step_completion/up_retries: 0.0000
Curriculum/step_completion/up_abandoned_targets: 0.0000
Curriculum/step_completion/up_retreat_fraction: 0.0000
Curriculum/step_completion/up_stationary_fraction: 0.0000
Curriculum/step_completion/down_attempts: 1.0000
Curriculum/step_completion/down_successes: 0.0000
Curriculum/step_completion/down_success_rate: 0.0000
Curriculum/step_completion/forward_gate_fraction: 0.6344
Curriculum/step_completion/nearby_gate_fraction: 0.6855
Curriculum/step_completion/registered_risers: 40.0000
Curriculum/step_completion/up_whole_body_crossings: 1.0000
Curriculum/step_completion/up_whole_body_crossing_coverage: 0.0250
Curriculum/step_completion/up_front_registered_intermediate_risers: 22.0000
Curriculum/step_completion/up_front_landing_coverage: 0.4000
Curriculum/step_completion/up_front_strict_coverage: 0.1364
Curriculum/step_completion/up_front_physical_landings: 16.0000
Curriculum/step_completion/up_front_transition_successes: 2.0000
Curriculum/step_completion/up_front_skipped_riser_events: 5.0000
Curriculum/step_completion/up_front_unsafe_events: 9.0000
Curriculum/step_completion/up_front_skip_fraction: 0.3125
Curriculum/step_completion/up_front_visited_intermediate_risers: 5.0000
Curriculum/step_completion/up_front_same_tread_fraction: 0.0000
Curriculum/step_completion/up_front_longest_strict_run: 2.0000
Curriculum/step_completion/up_front_six_step_strict_fraction: 0.0000
Curriculum/step_completion/fl_stable_treads: 12.0000
Curriculum/step_completion/fr_stable_treads: 5.0000
Curriculum/step_completion/up_rear_registered_intermediate_risers: 22.0000
Curriculum/step_completion/up_rear_landing_coverage: 0.5250
Curriculum/step_completion/up_rear_strict_coverage: 0.0455
Curriculum/step_completion/up_rear_physical_landings: 21.0000
Curriculum/step_completion/up_rear_transition_successes: 0.0000
Curriculum/step_completion/up_rear_skipped_riser_events: 11.0000
Curriculum/step_completion/up_rear_unsafe_events: 18.0000
Curriculum/step_completion/up_rear_skip_fraction: 0.5238
Curriculum/step_completion/up_rear_visited_intermediate_risers: 11.0000
Curriculum/step_completion/up_rear_same_tread_fraction: 0.1818
Curriculum/step_completion/up_rear_longest_strict_run: 1.0000
Curriculum/step_completion/up_rear_six_step_strict_fraction: 0.0000
Curriculum/step_completion/hl_stable_treads: 5.0000
Curriculum/step_completion/hr_stable_treads: 18.0000
Curriculum/step_completion/up_rear_lift_credit: 2.0000
   Curriculum/gait_quality/turn_samples: 0.0000
Curriculum/gait_quality/descent_samples: 93.0000
Curriculum/gait_quality/rear_support_samples: 121.0000
Curriculum/gait_quality/turn_clearance_mean_m: 0.0000
Curriculum/gait_quality/turn_reach_mean_m: 0.0000
Curriculum/gait_quality/turn_yaw_error_mean: 0.0000
Curriculum/gait_quality/rear_extension_mean_m: 0.3865
Curriculum/gait_quality/rear_fold_support_fraction: 0.2893
 Curriculum/gait_quality/ascent_samples: 143.0000
Curriculum/gait_quality/front_support_samples: 69.0000
Curriculum/gait_quality/front_extension_mean_m: 0.3721
Curriculum/gait_quality/front_knee_abs_mean_rad: 1.6131
Curriculum/gait_quality/front_fold_support_fraction: 0.3768
Curriculum/gait_quality/front_swing_samples: 217.0000
Curriculum/gait_quality/front_extreme_swing_fold_fraction: 0.4562
Curriculum/gait_quality/front_loaded_a_mean_deg: 87.5753
Curriculum/gait_quality/front_loaded_a_low_fraction: 0.3768
Curriculum/gait_quality/front_loaded_a_min_deg: 34.4365
Curriculum/gait_quality/fl_loaded_samples: 37.0000
Curriculum/gait_quality/fl_loaded_a_mean_deg: 109.7184
Curriculum/gait_quality/fl_loaded_a_low_fraction: 0.0270
Curriculum/gait_quality/fr_loaded_samples: 32.0000
Curriculum/gait_quality/fr_loaded_a_mean_deg: 61.9723
Curriculum/gait_quality/fr_loaded_a_low_fraction: 0.7812
Curriculum/gait_quality/front_swing_a_mean_deg: 65.3728
Curriculum/gait_quality/front_swing_a_low_fraction: 0.4562
Curriculum/gait_quality/front_swing_a_min_deg: 19.0541
Curriculum/gait_quality/fl_swing_samples: 106.0000
Curriculum/gait_quality/fl_swing_a_mean_deg: 86.3107
Curriculum/gait_quality/fl_swing_a_low_fraction: 0.1887
Curriculum/gait_quality/fr_swing_samples: 111.0000
Curriculum/gait_quality/fr_swing_a_mean_deg: 45.3781
Curriculum/gait_quality/fr_swing_a_low_fraction: 0.7117
Curriculum/gait_quality/rear_forward_samples: 121.0000
Curriculum/gait_quality/rear_forward_excess_fraction: 0.0496
Curriculum/gait_quality/rear_body_b_mean_deg: 3.4118
Curriculum/gait_quality/rear_gravity_g_mean_deg: -7.3726
 Curriculum/gait_quality/rear_b_max_deg: 49.3190
 Curriculum/gait_quality/rear_g_max_deg: 36.3330
Curriculum/gait_quality/hl_loaded_samples: 59.0000
Curriculum/gait_quality/hl_body_b_mean_deg: 3.2479
Curriculum/gait_quality/hl_gravity_g_mean_deg: -7.7549
Curriculum/gait_quality/hl_forward_excess_fraction: 0.0847
Curriculum/gait_quality/hr_loaded_samples: 62.0000
Curriculum/gait_quality/hr_body_b_mean_deg: 3.5678
Curriculum/gait_quality/hr_gravity_g_mean_deg: -7.0088
Curriculum/gait_quality/hr_forward_excess_fraction: 0.0161
Curriculum/gait_quality/rear_entry_samples: 96.0000
Curriculum/gait_quality/rear_entry_b_mean_deg: 3.9004
Curriculum/gait_quality/rear_entry_g_mean_deg: -8.6704
Curriculum/gait_quality/front_body_gap_samples: 143.0000
Curriculum/gait_quality/front_body_gap_mean_m: 0.2476
Curriculum/gait_quality/front_body_gap_low_fraction: 0.3916
Curriculum/gait_quality/loaded_without_local_map_samples: 0.0000
    Curriculum/ascent_direction/samples: 143.0000
Curriculum/ascent_direction/lateral_error_mean_m: 0.2630
Curriculum/ascent_direction/lateral_error_max_m: 0.7156
Curriculum/ascent_direction/lateral_speed_mean_m_s: 0.2704
Curriculum/ascent_direction/heading_error_mean_deg: 6.2788
Curriculum/ascent_direction/outside_tolerance_fraction: 0.7552
  Curriculum/ascent_direction/cost_mean: 0.5554
       Curriculum/terrain_level_overall: 0.0000
Curriculum/terrain_level_pyramid_stairs: 0.0000
Curriculum/terrain_level_pyramid_stairs_inv: 0.0000
         Curriculum/terrain_level_boxes: 0.0000
  Curriculum/terrain_level_random_rough: 0.0000
Curriculum/terrain_level_hf_pyramid_slope: 0.0000
Curriculum/terrain_level_hf_pyramid_slope_inv: 0.0000
          Curriculum/terrain_level_flat: 0.0000
     Metrics/base_velocity/error_vel_xy: 0.1895
    Metrics/base_velocity/error_vel_yaw: 0.1992
           Metrics/base_velocity/base_z: 1.0829
         Metrics/base_velocity/knee_pos: 1.4452
           Episode_Termination/time_out: 0.2812
Episode_Termination/terrain_out_of_bounds: 0.0000
  Episode_Termination/bad_orientation_2: 0.0000
--------------------------------------------------------------------------------
                         Iteration time: 2.66s
                           Time elapsed: 00:00:47
                                    ETA: 00:01:45

################################################################################
[1m                            Learning iteration 17/55                            [0m 

                               Run name: preservation_smoke
                            Total steps: 27648 
                       Steps per second: 585 
                        Collection time: 2.582s 
                          Learning time: 0.041s 
                        Mean value loss: 0.2121
                    Mean surrogate loss: -0.0000
                      Mean entropy loss: 6.2641
                       Mean anchor loss: 0.0000
                Mean critic_warmup loss: 1.0000
                            Mean reward: 27.69
                    Mean episode length: 216.79
                        Mean action std: 0.37
            Episode_Reward/lin_vel_z_l2: -0.0044
           Episode_Reward/ang_vel_xy_l2: -0.0036
        Episode_Reward/joint_torques_l2: 0.0000
            Episode_Reward/joint_acc_l2: -0.0074
  Episode_Reward/hipx_joint_pos_penalty: -0.0637
  Episode_Reward/hipy_joint_pos_penalty: -0.0514
  Episode_Reward/knee_joint_pos_penalty: -0.0856
            Episode_Reward/joint_mirror: 0.0000
          Episode_Reward/action_rate_l2: 0.0000
        Episode_Reward/action_smooth_l2: 0.0000
      Episode_Reward/undesired_contacts: -0.0002
          Episode_Reward/contact_forces: 0.0000
    Episode_Reward/track_lin_vel_xy_exp: 1.9510
     Episode_Reward/track_ang_vel_z_exp: 1.1532
 Episode_Reward/feet_air_time_ang_z_M20: 0.0000
    Episode_Reward/feet_slide_ang_z_cmd: 0.0000
             Episode_Reward/stand_still: 0.0000
    Episode_Reward/rotation_gait_status: 0.0000
  Episode_Reward/rotation_gait_symmetry: 0.0000
 Episode_Reward/bad_orientation_penalty: 0.0000
      Episode_Reward/joint_acc_wheel_l2: -0.0070
  Episode_Reward/stair_orientation_cost: -0.0145
  Episode_Reward/stair_forward_progress: 0.0032
  Episode_Reward/stair_front_wheel_lift: 0.0063
Episode_Reward/stair_forward_motion_cost: -0.0008
Episode_Reward/stair_ascent_direction_cost: -0.0066
Episode_Reward/stair_front_wheel_touchdown: 0.0016
Episode_Reward/stair_front_single_support: 0.0001
Episode_Reward/stair_diagonal_support_symmetry: 0.0001
 Episode_Reward/stair_front_alternation: 0.0010
Episode_Reward/stair_up_step_completion: 0.0125
  Episode_Reward/stair_up_task_crossing: 0.0042
Episode_Reward/stair_up_rear_step_completion: 0.0000
   Episode_Reward/stair_rear_wheel_lift: 0.0021
Episode_Reward/stair_descent_rear_forward_cost: -0.0000
Episode_Reward/stair_ascent_front_body_clearance_cost: -0.0003
Episode_Reward/stair_up_order_violation_cost: -0.0323
Episode_Reward/stair_up_same_tread_cost: -0.0063
Episode_Reward/stair_up_same_tread_dwell_cost: 0.0000
Episode_Reward/stair_descent_rear_fold_cost: -0.0003
Episode_Reward/stair_ascent_front_fold_cost: -0.0012
    Episode_Reward/turn_swing_size_cost: 0.0000
Episode_Reward/stair_down_step_completion: 0.0000
Episode_Reward/stair_front_riser_face_cost: -0.0010
Episode_Reward/stair_descent_rear_support: 0.0000
       Episode_Reward/stair_impact_cost: -0.0002
Episode_Reward/stair_non_wheel_contact_cost: -0.0000
Episode_Reward/stair_non_wheel_scrape_cost: -0.0000
 Episode_Reward/stair_joint_effort_cost: -0.0001
Episode_Reward/stair_joint_acceleration_cost: -0.0001
Episode_Reward/stair_mechanical_power_cost: -0.0000
              Curriculum/terrain_levels: 0.0000
                  Curriculum/gait_level: 0.0000
 Curriculum/step_completion/up_attempts: 0.6667
Curriculum/step_completion/up_successes: 0.2083
Curriculum/step_completion/up_success_rate: 0.0130
Curriculum/step_completion/up_rear_successes: 0.0417
Curriculum/step_completion/up_front_violations: 0.4583
Curriculum/step_completion/up_rear_violations: 0.8333
Curriculum/step_completion/up_front_same_tread_events: 0.0000
Curriculum/step_completion/up_front_same_tread_dwell_s: 0.0000
Curriculum/step_completion/up_rear_same_tread_events: 0.0833
Curriculum/step_completion/up_rear_same_tread_dwell_s: 0.0000
Curriculum/step_completion/up_targets_started: 0.7917
Curriculum/step_completion/up_lift_credit: 0.2500
  Curriculum/step_completion/up_retries: 0.0000
Curriculum/step_completion/up_abandoned_targets: 0.0000
Curriculum/step_completion/up_retreat_fraction: 0.0000
Curriculum/step_completion/up_stationary_fraction: 0.0000
Curriculum/step_completion/down_attempts: 0.0417
Curriculum/step_completion/down_successes: 0.0000
Curriculum/step_completion/down_success_rate: 0.0000
Curriculum/step_completion/forward_gate_fraction: 0.0264
Curriculum/step_completion/nearby_gate_fraction: 0.0286
Curriculum/step_completion/registered_risers: 1.6667
Curriculum/step_completion/up_whole_body_crossings: 0.0417
Curriculum/step_completion/up_whole_body_crossing_coverage: 0.0010
Curriculum/step_completion/up_front_registered_intermediate_risers: 0.9167
Curriculum/step_completion/up_front_landing_coverage: 0.0167
Curriculum/step_completion/up_front_strict_coverage: 0.0057
Curriculum/step_completion/up_front_physical_landings: 0.6667
Curriculum/step_completion/up_front_transition_successes: 0.0833
Curriculum/step_completion/up_front_skipped_riser_events: 0.2083
Curriculum/step_completion/up_front_unsafe_events: 0.3750
Curriculum/step_completion/up_front_skip_fraction: 0.0130
Curriculum/step_completion/up_front_visited_intermediate_risers: 0.2083
Curriculum/step_completion/up_front_same_tread_fraction: 0.0000
Curriculum/step_completion/up_front_longest_strict_run: 0.0833
Curriculum/step_completion/up_front_six_step_strict_fraction: 0.0000
Curriculum/step_completion/fl_stable_treads: 0.5000
Curriculum/step_completion/fr_stable_treads: 0.2083
Curriculum/step_completion/up_rear_registered_intermediate_risers: 0.9167
Curriculum/step_completion/up_rear_landing_coverage: 0.0219
Curriculum/step_completion/up_rear_strict_coverage: 0.0019
Curriculum/step_completion/up_rear_physical_landings: 0.8750
Curriculum/step_completion/up_rear_transition_successes: 0.0000
Curriculum/step_completion/up_rear_skipped_riser_events: 0.4583
Curriculum/step_completion/up_rear_unsafe_events: 0.7500
Curriculum/step_completion/up_rear_skip_fraction: 0.0218
Curriculum/step_completion/up_rear_visited_intermediate_risers: 0.4583
Curriculum/step_completion/up_rear_same_tread_fraction: 0.0076
Curriculum/step_completion/up_rear_longest_strict_run: 0.0417
Curriculum/step_completion/up_rear_six_step_strict_fraction: 0.0000
Curriculum/step_completion/hl_stable_treads: 0.2083
Curriculum/step_completion/hr_stable_treads: 0.7500
Curriculum/step_completion/up_rear_lift_credit: 0.0833
   Curriculum/gait_quality/turn_samples: 0.0000
Curriculum/gait_quality/descent_samples: 3.8750
Curriculum/gait_quality/rear_support_samples: 5.0417
Curriculum/gait_quality/turn_clearance_mean_m: 0.0000
Curriculum/gait_quality/turn_reach_mean_m: 0.0000
Curriculum/gait_quality/turn_yaw_error_mean: 0.0000
Curriculum/gait_quality/rear_extension_mean_m: 0.0161
Curriculum/gait_quality/rear_fold_support_fraction: 0.0121
 Curriculum/gait_quality/ascent_samples: 5.9583
Curriculum/gait_quality/front_support_samples: 2.8750
Curriculum/gait_quality/front_extension_mean_m: 0.0155
Curriculum/gait_quality/front_knee_abs_mean_rad: 0.0672
Curriculum/gait_quality/front_fold_support_fraction: 0.0157
Curriculum/gait_quality/front_swing_samples: 9.0417
Curriculum/gait_quality/front_extreme_swing_fold_fraction: 0.0190
Curriculum/gait_quality/front_loaded_a_mean_deg: 3.6490
Curriculum/gait_quality/front_loaded_a_low_fraction: 0.0157
Curriculum/gait_quality/front_loaded_a_min_deg: 1.4349
Curriculum/gait_quality/fl_loaded_samples: 1.5417
Curriculum/gait_quality/fl_loaded_a_mean_deg: 4.5716
Curriculum/gait_quality/fl_loaded_a_low_fraction: 0.0011
Curriculum/gait_quality/fr_loaded_samples: 1.3333
Curriculum/gait_quality/fr_loaded_a_mean_deg: 2.5822
Curriculum/gait_quality/fr_loaded_a_low_fraction: 0.0326
Curriculum/gait_quality/front_swing_a_mean_deg: 2.7239
Curriculum/gait_quality/front_swing_a_low_fraction: 0.0190
Curriculum/gait_quality/front_swing_a_min_deg: 0.7939
Curriculum/gait_quality/fl_swing_samples: 4.4167
Curriculum/gait_quality/fl_swing_a_mean_deg: 3.5963
Curriculum/gait_quality/fl_swing_a_low_fraction: 0.0079
Curriculum/gait_quality/fr_swing_samples: 4.6250
Curriculum/gait_quality/fr_swing_a_mean_deg: 1.8908
Curriculum/gait_quality/fr_swing_a_low_fraction: 0.0297
Curriculum/gait_quality/rear_forward_samples: 5.0417
Curriculum/gait_quality/rear_forward_excess_fraction: 0.0021
Curriculum/gait_quality/rear_body_b_mean_deg: 0.1422
Curriculum/gait_quality/rear_gravity_g_mean_deg: -0.3072
 Curriculum/gait_quality/rear_b_max_deg: 2.0550
 Curriculum/gait_quality/rear_g_max_deg: 1.5139
Curriculum/gait_quality/hl_loaded_samples: 2.4583
Curriculum/gait_quality/hl_body_b_mean_deg: 0.1353
Curriculum/gait_quality/hl_gravity_g_mean_deg: -0.3231
Curriculum/gait_quality/hl_forward_excess_fraction: 0.0035
Curriculum/gait_quality/hr_loaded_samples: 2.5833
Curriculum/gait_quality/hr_body_b_mean_deg: 0.1487
Curriculum/gait_quality/hr_gravity_g_mean_deg: -0.2920
Curriculum/gait_quality/hr_forward_excess_fraction: 0.0007
Curriculum/gait_quality/rear_entry_samples: 4.0000
Curriculum/gait_quality/rear_entry_b_mean_deg: 0.1625
Curriculum/gait_quality/rear_entry_g_mean_deg: -0.3613
Curriculum/gait_quality/front_body_gap_samples: 5.9583
Curriculum/gait_quality/front_body_gap_mean_m: 0.0103
Curriculum/gait_quality/front_body_gap_low_fraction: 0.0163
Curriculum/gait_quality/loaded_without_local_map_samples: 0.0000
    Curriculum/ascent_direction/samples: 5.9583
Curriculum/ascent_direction/lateral_error_mean_m: 0.0110
Curriculum/ascent_direction/lateral_error_max_m: 0.0298
Curriculum/ascent_direction/lateral_speed_mean_m_s: 0.0113
Curriculum/ascent_direction/heading_error_mean_deg: 0.2616
Curriculum/ascent_direction/outside_tolerance_fraction: 0.0315
  Curriculum/ascent_direction/cost_mean: 0.0231
       Curriculum/terrain_level_overall: 0.0000
Curriculum/terrain_level_pyramid_stairs: 0.0000
Curriculum/terrain_level_pyramid_stairs_inv: 0.0000
         Curriculum/terrain_level_boxes: 0.0000
  Curriculum/terrain_level_random_rough: 0.0000
Curriculum/terrain_level_hf_pyramid_slope: 0.0000
Curriculum/terrain_level_hf_pyramid_slope_inv: 0.0000
          Curriculum/terrain_level_flat: 0.0000
     Metrics/base_velocity/error_vel_xy: 0.0933
    Metrics/base_velocity/error_vel_yaw: 0.1161
           Metrics/base_velocity/base_z: 0.5730
         Metrics/base_velocity/knee_pos: 0.3298
           Episode_Termination/time_out: 0.2962
Episode_Termination/terrain_out_of_bounds: 0.0000
  Episode_Termination/bad_orientation_2: 0.0000
--------------------------------------------------------------------------------
                         Iteration time: 2.62s
                           Time elapsed: 00:00:49
                                    ETA: 00:01:42

################################################################################
[1m                            Learning iteration 18/55                            [0m 

                               Run name: preservation_smoke
                            Total steps: 29184 
                       Steps per second: 553 
                        Collection time: 2.731s 
                          Learning time: 0.043s 
                        Mean value loss: 0.3810
                    Mean surrogate loss: 0.0000
                      Mean entropy loss: 6.2641
                       Mean anchor loss: 0.0000
                Mean critic_warmup loss: 1.0000
                            Mean reward: 30.78
                    Mean episode length: 237.95
                        Mean action std: 0.37
            Episode_Reward/lin_vel_z_l2: -0.0163
           Episode_Reward/ang_vel_xy_l2: -0.0068
        Episode_Reward/joint_torques_l2: 0.0000
            Episode_Reward/joint_acc_l2: -0.0123
  Episode_Reward/hipx_joint_pos_penalty: -0.0797
  Episode_Reward/hipy_joint_pos_penalty: -0.0508
  Episode_Reward/knee_joint_pos_penalty: -0.0725
            Episode_Reward/joint_mirror: 0.0000
          Episode_Reward/action_rate_l2: 0.0000
        Episode_Reward/action_smooth_l2: 0.0000
      Episode_Reward/undesired_contacts: -0.0002
          Episode_Reward/contact_forces: 0.0000
    Episode_Reward/track_lin_vel_xy_exp: 2.0362
     Episode_Reward/track_ang_vel_z_exp: 1.2199
 Episode_Reward/feet_air_time_ang_z_M20: 0.0000
    Episode_Reward/feet_slide_ang_z_cmd: 0.0000
             Episode_Reward/stand_still: 0.0000
    Episode_Reward/rotation_gait_status: 0.0000
  Episode_Reward/rotation_gait_symmetry: 0.0000
 Episode_Reward/bad_orientation_penalty: 0.0000
      Episode_Reward/joint_acc_wheel_l2: -0.0140
  Episode_Reward/stair_orientation_cost: -0.0309
  Episode_Reward/stair_forward_progress: 0.0000
  Episode_Reward/stair_front_wheel_lift: 0.0000
Episode_Reward/stair_forward_motion_cost: 0.0000
Episode_Reward/stair_ascent_direction_cost: 0.0000
Episode_Reward/stair_front_wheel_touchdown: 0.0000
Episode_Reward/stair_front_single_support: 0.0000
Episode_Reward/stair_diagonal_support_symmetry: 0.0000
 Episode_Reward/stair_front_alternation: 0.0000
Episode_Reward/stair_up_step_completion: 0.0000
  Episode_Reward/stair_up_task_crossing: 0.0000
Episode_Reward/stair_up_rear_step_completion: 0.0000
   Episode_Reward/stair_rear_wheel_lift: 0.0000
Episode_Reward/stair_descent_rear_forward_cost: 0.0000
Episode_Reward/stair_ascent_front_body_clearance_cost: 0.0000
Episode_Reward/stair_up_order_violation_cost: 0.0000
Episode_Reward/stair_up_same_tread_cost: 0.0000
Episode_Reward/stair_up_same_tread_dwell_cost: 0.0000
Episode_Reward/stair_descent_rear_fold_cost: 0.0000
Episode_Reward/stair_ascent_front_fold_cost: 0.0000
    Episode_Reward/turn_swing_size_cost: 0.0000
Episode_Reward/stair_down_step_completion: 0.0000
Episode_Reward/stair_front_riser_face_cost: 0.0000
Episode_Reward/stair_descent_rear_support: 0.0000
       Episode_Reward/stair_impact_cost: -0.0003
Episode_Reward/stair_non_wheel_contact_cost: 0.0000
Episode_Reward/stair_non_wheel_scrape_cost: -0.0000
 Episode_Reward/stair_joint_effort_cost: -0.0003
Episode_Reward/stair_joint_acceleration_cost: -0.0009
Episode_Reward/stair_mechanical_power_cost: -0.0001
              Curriculum/terrain_levels: 0.0000
                  Curriculum/gait_level: 0.0000
 Curriculum/step_completion/up_attempts: 0.0000
Curriculum/step_completion/up_successes: 0.0000
Curriculum/step_completion/up_success_rate: 0.0000
Curriculum/step_completion/up_rear_successes: 0.0000
Curriculum/step_completion/up_front_violations: 0.0000
Curriculum/step_completion/up_rear_violations: 0.0000
Curriculum/step_completion/up_front_same_tread_events: 0.0000
Curriculum/step_completion/up_front_same_tread_dwell_s: 0.0000
Curriculum/step_completion/up_rear_same_tread_events: 0.0000
Curriculum/step_completion/up_rear_same_tread_dwell_s: 0.0000
Curriculum/step_completion/up_targets_started: 0.0000
Curriculum/step_completion/up_lift_credit: 0.0000
  Curriculum/step_completion/up_retries: 0.0000
Curriculum/step_completion/up_abandoned_targets: 0.0000
Curriculum/step_completion/up_retreat_fraction: 0.0000
Curriculum/step_completion/up_stationary_fraction: 0.0000
Curriculum/step_completion/down_attempts: 0.0000
Curriculum/step_completion/down_successes: 0.0000
Curriculum/step_completion/down_success_rate: 0.0000
Curriculum/step_completion/forward_gate_fraction: 0.0000
Curriculum/step_completion/nearby_gate_fraction: 0.2910
Curriculum/step_completion/registered_risers: 0.0000
Curriculum/step_completion/up_whole_body_crossings: 0.0000
Curriculum/step_completion/up_whole_body_crossing_coverage: 0.0000
Curriculum/step_completion/up_front_registered_intermediate_risers: 0.0000
Curriculum/step_completion/up_front_landing_coverage: 0.0000
Curriculum/step_completion/up_front_strict_coverage: 0.0000
Curriculum/step_completion/up_front_physical_landings: 0.0000
Curriculum/step_completion/up_front_transition_successes: 0.0000
Curriculum/step_completion/up_front_skipped_riser_events: 0.0000
Curriculum/step_completion/up_front_unsafe_events: 0.0000
Curriculum/step_completion/up_front_skip_fraction: 0.0000
Curriculum/step_completion/up_front_visited_intermediate_risers: 0.0000
Curriculum/step_completion/up_front_same_tread_fraction: 0.0000
Curriculum/step_completion/up_front_longest_strict_run: 0.0000
Curriculum/step_completion/up_front_six_step_strict_fraction: 0.0000
Curriculum/step_completion/fl_stable_treads: 0.0000
Curriculum/step_completion/fr_stable_treads: 0.0000
Curriculum/step_completion/up_rear_registered_intermediate_risers: 0.0000
Curriculum/step_completion/up_rear_landing_coverage: 0.0000
Curriculum/step_completion/up_rear_strict_coverage: 0.0000
Curriculum/step_completion/up_rear_physical_landings: 0.0000
Curriculum/step_completion/up_rear_transition_successes: 0.0000
Curriculum/step_completion/up_rear_skipped_riser_events: 0.0000
Curriculum/step_completion/up_rear_unsafe_events: 0.0000
Curriculum/step_completion/up_rear_skip_fraction: 0.0000
Curriculum/step_completion/up_rear_visited_intermediate_risers: 0.0000
Curriculum/step_completion/up_rear_same_tread_fraction: 0.0000
Curriculum/step_completion/up_rear_longest_strict_run: 0.0000
Curriculum/step_completion/up_rear_six_step_strict_fraction: 0.0000
Curriculum/step_completion/hl_stable_treads: 0.0000
Curriculum/step_completion/hr_stable_treads: 0.0000
Curriculum/step_completion/up_rear_lift_credit: 0.0000
   Curriculum/gait_quality/turn_samples: 0.0000
Curriculum/gait_quality/descent_samples: 0.0000
Curriculum/gait_quality/rear_support_samples: 0.0000
Curriculum/gait_quality/turn_clearance_mean_m: 0.0000
Curriculum/gait_quality/turn_reach_mean_m: 0.0000
Curriculum/gait_quality/turn_yaw_error_mean: 0.0000
Curriculum/gait_quality/rear_extension_mean_m: 0.0000
Curriculum/gait_quality/rear_fold_support_fraction: 0.0000
 Curriculum/gait_quality/ascent_samples: 0.0000
Curriculum/gait_quality/front_support_samples: 0.0000
Curriculum/gait_quality/front_extension_mean_m: 0.0000
Curriculum/gait_quality/front_knee_abs_mean_rad: 0.0000
Curriculum/gait_quality/front_fold_support_fraction: 0.0000
Curriculum/gait_quality/front_swing_samples: 0.0000
Curriculum/gait_quality/front_extreme_swing_fold_fraction: 0.0000
Curriculum/gait_quality/front_loaded_a_mean_deg: 0.0000
Curriculum/gait_quality/front_loaded_a_low_fraction: 0.0000
Curriculum/gait_quality/front_loaded_a_min_deg: 0.0000
Curriculum/gait_quality/fl_loaded_samples: 0.0000
Curriculum/gait_quality/fl_loaded_a_mean_deg: 0.0000
Curriculum/gait_quality/fl_loaded_a_low_fraction: 0.0000
Curriculum/gait_quality/fr_loaded_samples: 0.0000
Curriculum/gait_quality/fr_loaded_a_mean_deg: 0.0000
Curriculum/gait_quality/fr_loaded_a_low_fraction: 0.0000
Curriculum/gait_quality/front_swing_a_mean_deg: 0.0000
Curriculum/gait_quality/front_swing_a_low_fraction: 0.0000
Curriculum/gait_quality/front_swing_a_min_deg: 0.0000
Curriculum/gait_quality/fl_swing_samples: 0.0000
Curriculum/gait_quality/fl_swing_a_mean_deg: 0.0000
Curriculum/gait_quality/fl_swing_a_low_fraction: 0.0000
Curriculum/gait_quality/fr_swing_samples: 0.0000
Curriculum/gait_quality/fr_swing_a_mean_deg: 0.0000
Curriculum/gait_quality/fr_swing_a_low_fraction: 0.0000
Curriculum/gait_quality/rear_forward_samples: 0.0000
Curriculum/gait_quality/rear_forward_excess_fraction: 0.0000
Curriculum/gait_quality/rear_body_b_mean_deg: 0.0000
Curriculum/gait_quality/rear_gravity_g_mean_deg: 0.0000
 Curriculum/gait_quality/rear_b_max_deg: 0.0000
 Curriculum/gait_quality/rear_g_max_deg: 0.0000
Curriculum/gait_quality/hl_loaded_samples: 0.0000
Curriculum/gait_quality/hl_body_b_mean_deg: 0.0000
Curriculum/gait_quality/hl_gravity_g_mean_deg: 0.0000
Curriculum/gait_quality/hl_forward_excess_fraction: 0.0000
Curriculum/gait_quality/hr_loaded_samples: 0.0000
Curriculum/gait_quality/hr_body_b_mean_deg: 0.0000
Curriculum/gait_quality/hr_gravity_g_mean_deg: 0.0000
Curriculum/gait_quality/hr_forward_excess_fraction: 0.0000
Curriculum/gait_quality/rear_entry_samples: 0.0000
Curriculum/gait_quality/rear_entry_b_mean_deg: 0.0000
Curriculum/gait_quality/rear_entry_g_mean_deg: 0.0000
Curriculum/gait_quality/front_body_gap_samples: 0.0000
Curriculum/gait_quality/front_body_gap_mean_m: 0.0000
Curriculum/gait_quality/front_body_gap_low_fraction: 0.0000
Curriculum/gait_quality/loaded_without_local_map_samples: 0.0000
    Curriculum/ascent_direction/samples: 0.0000
Curriculum/ascent_direction/lateral_error_mean_m: 0.0000
Curriculum/ascent_direction/lateral_error_max_m: 0.0000
Curriculum/ascent_direction/lateral_speed_mean_m_s: 0.0000
Curriculum/ascent_direction/heading_error_mean_deg: 0.0000
Curriculum/ascent_direction/outside_tolerance_fraction: 0.0000
  Curriculum/ascent_direction/cost_mean: 0.0000
       Curriculum/terrain_level_overall: 0.0000
Curriculum/terrain_level_pyramid_stairs: 0.0000
Curriculum/terrain_level_pyramid_stairs_inv: 0.0000
         Curriculum/terrain_level_boxes: 0.0000
  Curriculum/terrain_level_random_rough: 0.0000
Curriculum/terrain_level_hf_pyramid_slope: 0.0000
Curriculum/terrain_level_hf_pyramid_slope_inv: 0.0000
          Curriculum/terrain_level_flat: 0.0000
     Metrics/base_velocity/error_vel_xy: 0.1326
    Metrics/base_velocity/error_vel_yaw: 0.1316
           Metrics/base_velocity/base_z: 0.7282
         Metrics/base_velocity/knee_pos: 0.5406
           Episode_Termination/time_out: 0.3203
Episode_Termination/terrain_out_of_bounds: 0.0000
  Episode_Termination/bad_orientation_2: 0.0000
--------------------------------------------------------------------------------
                         Iteration time: 2.77s
                           Time elapsed: 00:00:52
                                    ETA: 00:01:39

################################################################################
[1m                            Learning iteration 19/55                            [0m 

                               Run name: preservation_smoke
                            Total steps: 30720 
                       Steps per second: 578 
                        Collection time: 2.603s 
                          Learning time: 0.051s 
                        Mean value loss: 0.1476
                    Mean surrogate loss: -0.0000
                      Mean entropy loss: 6.2641
                       Mean anchor loss: 0.0000
                Mean critic_warmup loss: 1.0000
                            Mean reward: 32.74
                    Mean episode length: 257.61
                        Mean action std: 0.37
            Episode_Reward/lin_vel_z_l2: -0.0370
           Episode_Reward/ang_vel_xy_l2: -0.0138
        Episode_Reward/joint_torques_l2: 0.0000
            Episode_Reward/joint_acc_l2: -0.0509
  Episode_Reward/hipx_joint_pos_penalty: -0.1318
  Episode_Reward/hipy_joint_pos_penalty: -0.0675
  Episode_Reward/knee_joint_pos_penalty: -0.0864
            Episode_Reward/joint_mirror: 0.0000
          Episode_Reward/action_rate_l2: 0.0000
        Episode_Reward/action_smooth_l2: 0.0000
      Episode_Reward/undesired_contacts: -0.0025
          Episode_Reward/contact_forces: 0.0000
    Episode_Reward/track_lin_vel_xy_exp: 2.0948
     Episode_Reward/track_ang_vel_z_exp: 1.2567
 Episode_Reward/feet_air_time_ang_z_M20: 0.0000
    Episode_Reward/feet_slide_ang_z_cmd: 0.0000
             Episode_Reward/stand_still: 0.0000
    Episode_Reward/rotation_gait_status: 0.0000
  Episode_Reward/rotation_gait_symmetry: 0.0000
 Episode_Reward/bad_orientation_penalty: 0.0000
      Episode_Reward/joint_acc_wheel_l2: -0.0416
  Episode_Reward/stair_orientation_cost: -0.0665
  Episode_Reward/stair_forward_progress: 0.1092
  Episode_Reward/stair_front_wheel_lift: 0.0312
Episode_Reward/stair_forward_motion_cost: -0.0129
Episode_Reward/stair_ascent_direction_cost: -0.4394
Episode_Reward/stair_front_wheel_touchdown: 0.0156
Episode_Reward/stair_front_single_support: 0.0059
Episode_Reward/stair_diagonal_support_symmetry: 0.0020
 Episode_Reward/stair_front_alternation: 0.0000
Episode_Reward/stair_up_step_completion: 0.0000
  Episode_Reward/stair_up_task_crossing: 0.0000
Episode_Reward/stair_up_rear_step_completion: 0.0000
   Episode_Reward/stair_rear_wheel_lift: 0.0148
Episode_Reward/stair_descent_rear_forward_cost: -0.0008
Episode_Reward/stair_ascent_front_body_clearance_cost: -0.0000
Episode_Reward/stair_up_order_violation_cost: -0.2188
Episode_Reward/stair_up_same_tread_cost: 0.0000
Episode_Reward/stair_up_same_tread_dwell_cost: 0.0000
Episode_Reward/stair_descent_rear_fold_cost: -0.0035
Episode_Reward/stair_ascent_front_fold_cost: -0.0050
    Episode_Reward/turn_swing_size_cost: 0.0000
Episode_Reward/stair_down_step_completion: 0.0938
Episode_Reward/stair_front_riser_face_cost: 0.0000
Episode_Reward/stair_descent_rear_support: 0.0219
       Episode_Reward/stair_impact_cost: -0.0024
Episode_Reward/stair_non_wheel_contact_cost: -0.0004
Episode_Reward/stair_non_wheel_scrape_cost: -0.0002
 Episode_Reward/stair_joint_effort_cost: -0.0008
Episode_Reward/stair_joint_acceleration_cost: -0.0022
Episode_Reward/stair_mechanical_power_cost: -0.0004
              Curriculum/terrain_levels: 0.0000
                  Curriculum/gait_level: 0.0000
 Curriculum/step_completion/up_attempts: 5.0000
Curriculum/step_completion/up_successes: 0.6250
Curriculum/step_completion/up_success_rate: 0.0781
Curriculum/step_completion/up_rear_successes: 0.6250
Curriculum/step_completion/up_front_violations: 4.3750
Curriculum/step_completion/up_rear_violations: 4.3750
Curriculum/step_completion/up_front_same_tread_events: 0.0000
Curriculum/step_completion/up_front_same_tread_dwell_s: 0.0000
Curriculum/step_completion/up_rear_same_tread_events: 0.0000
Curriculum/step_completion/up_rear_same_tread_dwell_s: 0.0000
Curriculum/step_completion/up_targets_started: 2.5000
Curriculum/step_completion/up_lift_credit: 1.2500
  Curriculum/step_completion/up_retries: 0.0000
Curriculum/step_completion/up_abandoned_targets: 0.0000
Curriculum/step_completion/up_retreat_fraction: 0.0000
Curriculum/step_completion/up_stationary_fraction: 0.0000
Curriculum/step_completion/down_attempts: 1.2500
Curriculum/step_completion/down_successes: 0.6250
Curriculum/step_completion/down_success_rate: 0.3125
Curriculum/step_completion/forward_gate_fraction: 0.2468
Curriculum/step_completion/nearby_gate_fraction: 0.4005
Curriculum/step_completion/registered_risers: 6.8750
Curriculum/step_completion/up_whole_body_crossings: 0.0000
Curriculum/step_completion/up_whole_body_crossing_coverage: 0.0000
Curriculum/step_completion/up_front_registered_intermediate_risers: 5.6250
Curriculum/step_completion/up_front_landing_coverage: 0.4545
Curriculum/step_completion/up_front_strict_coverage: 0.0694
Curriculum/step_completion/up_front_physical_landings: 5.0000
Curriculum/step_completion/up_front_transition_successes: 0.0000
Curriculum/step_completion/up_front_skipped_riser_events: 1.8750
Curriculum/step_completion/up_front_unsafe_events: 3.7500
Curriculum/step_completion/up_front_skip_fraction: 0.2344
Curriculum/step_completion/up_front_visited_intermediate_risers: 4.3750
Curriculum/step_completion/up_front_same_tread_fraction: 0.0000
Curriculum/step_completion/up_front_longest_strict_run: 0.6250
Curriculum/step_completion/up_front_six_step_strict_fraction: 0.0000
Curriculum/step_completion/fl_stable_treads: 0.6250
Curriculum/step_completion/fr_stable_treads: 5.0000
Curriculum/step_completion/up_rear_registered_intermediate_risers: 5.6250
Curriculum/step_completion/up_rear_landing_coverage: 0.4545
Curriculum/step_completion/up_rear_strict_coverage: 0.0694
Curriculum/step_completion/up_rear_physical_landings: 5.0000
Curriculum/step_completion/up_rear_transition_successes: 0.0000
Curriculum/step_completion/up_rear_skipped_riser_events: 3.1250
Curriculum/step_completion/up_rear_unsafe_events: 3.1250
Curriculum/step_completion/up_rear_skip_fraction: 0.3906
Curriculum/step_completion/up_rear_visited_intermediate_risers: 3.7500
Curriculum/step_completion/up_rear_same_tread_fraction: 0.0000
Curriculum/step_completion/up_rear_longest_strict_run: 0.6250
Curriculum/step_completion/up_rear_six_step_strict_fraction: 0.0000
Curriculum/step_completion/hl_stable_treads: 0.6250
Curriculum/step_completion/hr_stable_treads: 4.3750
Curriculum/step_completion/up_rear_lift_credit: 0.5921
   Curriculum/gait_quality/turn_samples: 0.0000
Curriculum/gait_quality/descent_samples: 98.1250
Curriculum/gait_quality/rear_support_samples: 106.2500
Curriculum/gait_quality/turn_clearance_mean_m: 0.0000
Curriculum/gait_quality/turn_reach_mean_m: 0.0000
Curriculum/gait_quality/turn_yaw_error_mean: 0.0000
Curriculum/gait_quality/rear_extension_mean_m: 0.2484
Curriculum/gait_quality/rear_fold_support_fraction: 0.1544
 Curriculum/gait_quality/ascent_samples: 30.0000
Curriculum/gait_quality/front_support_samples: 16.2500
Curriculum/gait_quality/front_extension_mean_m: 0.2582
Curriculum/gait_quality/front_knee_abs_mean_rad: 0.8575
Curriculum/gait_quality/front_fold_support_fraction: 0.1442
Curriculum/gait_quality/front_swing_samples: 43.7500
Curriculum/gait_quality/front_extreme_swing_fold_fraction: 0.2679
Curriculum/gait_quality/front_loaded_a_mean_deg: 63.3715
Curriculum/gait_quality/front_loaded_a_low_fraction: 0.1442
Curriculum/gait_quality/front_loaded_a_min_deg: 41.7131
Curriculum/gait_quality/fl_loaded_samples: 5.6250
Curriculum/gait_quality/fl_loaded_a_mean_deg: 49.7729
Curriculum/gait_quality/fl_loaded_a_low_fraction: 0.4167
Curriculum/gait_quality/fr_loaded_samples: 10.6250
Curriculum/gait_quality/fr_loaded_a_mean_deg: 70.5707
Curriculum/gait_quality/fr_loaded_a_low_fraction: 0.0000
Curriculum/gait_quality/front_swing_a_mean_deg: 41.7546
Curriculum/gait_quality/front_swing_a_low_fraction: 0.2679
Curriculum/gait_quality/front_swing_a_min_deg: 11.9101
Curriculum/gait_quality/fl_swing_samples: 24.3750
Curriculum/gait_quality/fl_swing_a_mean_deg: 30.4080
Curriculum/gait_quality/fl_swing_a_low_fraction: 0.4487
Curriculum/gait_quality/fr_swing_samples: 19.3750
Curriculum/gait_quality/fr_swing_a_mean_deg: 56.0293
Curriculum/gait_quality/fr_swing_a_low_fraction: 0.0403
Curriculum/gait_quality/rear_forward_samples: 106.2500
Curriculum/gait_quality/rear_forward_excess_fraction: 0.0551
Curriculum/gait_quality/rear_body_b_mean_deg: 0.0536
Curriculum/gait_quality/rear_gravity_g_mean_deg: -4.8328
 Curriculum/gait_quality/rear_b_max_deg: 28.6010
 Curriculum/gait_quality/rear_g_max_deg: 21.7678
Curriculum/gait_quality/hl_loaded_samples: 53.7500
Curriculum/gait_quality/hl_body_b_mean_deg: -1.8457
Curriculum/gait_quality/hl_gravity_g_mean_deg: -6.9902
Curriculum/gait_quality/hl_forward_excess_fraction: 0.0727
Curriculum/gait_quality/hr_loaded_samples: 52.5000
Curriculum/gait_quality/hr_body_b_mean_deg: 1.9981
Curriculum/gait_quality/hr_gravity_g_mean_deg: -2.6241
Curriculum/gait_quality/hr_forward_excess_fraction: 0.0372
Curriculum/gait_quality/rear_entry_samples: 10.6250
Curriculum/gait_quality/rear_entry_b_mean_deg: 21.1283
Curriculum/gait_quality/rear_entry_g_mean_deg: 15.3037
Curriculum/gait_quality/front_body_gap_samples: 30.0000
Curriculum/gait_quality/front_body_gap_mean_m: 0.1832
Curriculum/gait_quality/front_body_gap_low_fraction: 0.0130
Curriculum/gait_quality/loaded_without_local_map_samples: 0.0000
    Curriculum/ascent_direction/samples: 180.6250
Curriculum/ascent_direction/lateral_error_mean_m: 0.5921
Curriculum/ascent_direction/lateral_error_max_m: 1.6554
Curriculum/ascent_direction/lateral_speed_mean_m_s: 0.3041
Curriculum/ascent_direction/heading_error_mean_deg: 12.8685
Curriculum/ascent_direction/outside_tolerance_fraction: 0.4606
  Curriculum/ascent_direction/cost_mean: 0.7602
       Curriculum/terrain_level_overall: 0.0000
Curriculum/terrain_level_pyramid_stairs: 0.0000
Curriculum/terrain_level_pyramid_stairs_inv: 0.0000
         Curriculum/terrain_level_boxes: 0.0000
  Curriculum/terrain_level_random_rough: 0.0000
Curriculum/terrain_level_hf_pyramid_slope: 0.0000
Curriculum/terrain_level_hf_pyramid_slope_inv: 0.0000
          Curriculum/terrain_level_flat: 0.0000
     Metrics/base_velocity/error_vel_xy: 0.1729
    Metrics/base_velocity/error_vel_yaw: 0.1622
           Metrics/base_velocity/base_z: 0.8463
         Metrics/base_velocity/knee_pos: 0.8107
           Episode_Termination/time_out: 0.3503
Episode_Termination/terrain_out_of_bounds: 0.0000
  Episode_Termination/bad_orientation_2: 0.0000
--------------------------------------------------------------------------------
                         Iteration time: 2.65s
                           Time elapsed: 00:00:55
                                    ETA: 00:01:36

################################################################################
[1m                            Learning iteration 20/55                            [0m 

                               Run name: preservation_smoke
                            Total steps: 32256 
                       Steps per second: 568 
                        Collection time: 2.647s 
                          Learning time: 0.057s 
                        Mean value loss: 1.2791
                    Mean surrogate loss: -0.0000
                      Mean entropy loss: 6.2641
                       Mean anchor loss: 0.0000
                Mean critic_warmup loss: 1.0000
                            Mean reward: 34.31
                    Mean episode length: 267.42
                        Mean action std: 0.37
            Episode_Reward/lin_vel_z_l2: -0.0255
           Episode_Reward/ang_vel_xy_l2: -0.0116
        Episode_Reward/joint_torques_l2: 0.0000
            Episode_Reward/joint_acc_l2: -0.0387
  Episode_Reward/hipx_joint_pos_penalty: -0.1213
  Episode_Reward/hipy_joint_pos_penalty: -0.0612
  Episode_Reward/knee_joint_pos_penalty: -0.0651
            Episode_Reward/joint_mirror: 0.0000
          Episode_Reward/action_rate_l2: 0.0000
        Episode_Reward/action_smooth_l2: 0.0000
      Episode_Reward/undesired_contacts: -0.0020
          Episode_Reward/contact_forces: 0.0000
    Episode_Reward/track_lin_vel_xy_exp: 2.1877
     Episode_Reward/track_ang_vel_z_exp: 1.3353
 Episode_Reward/feet_air_time_ang_z_M20: 0.0000
    Episode_Reward/feet_slide_ang_z_cmd: 0.0000
             Episode_Reward/stand_still: 0.0000
    Episode_Reward/rotation_gait_status: 0.0000
  Episode_Reward/rotation_gait_symmetry: 0.0000
 Episode_Reward/bad_orientation_penalty: 0.0000
      Episode_Reward/joint_acc_wheel_l2: -0.0322
  Episode_Reward/stair_orientation_cost: -0.0501
  Episode_Reward/stair_forward_progress: 0.0874
  Episode_Reward/stair_front_wheel_lift: 0.0250
Episode_Reward/stair_forward_motion_cost: -0.0103
Episode_Reward/stair_ascent_direction_cost: -0.3515
Episode_Reward/stair_front_wheel_touchdown: 0.0125
Episode_Reward/stair_front_single_support: 0.0047
Episode_Reward/stair_diagonal_support_symmetry: 0.0016
 Episode_Reward/stair_front_alternation: 0.0000
Episode_Reward/stair_up_step_completion: 0.0000
  Episode_Reward/stair_up_task_crossing: 0.0000
Episode_Reward/stair_up_rear_step_completion: 0.0000
   Episode_Reward/stair_rear_wheel_lift: 0.0118
Episode_Reward/stair_descent_rear_forward_cost: -0.0007
Episode_Reward/stair_ascent_front_body_clearance_cost: -0.0000
Episode_Reward/stair_up_order_violation_cost: -0.1750
Episode_Reward/stair_up_same_tread_cost: 0.0000
Episode_Reward/stair_up_same_tread_dwell_cost: 0.0000
Episode_Reward/stair_descent_rear_fold_cost: -0.0028
Episode_Reward/stair_ascent_front_fold_cost: -0.0040
    Episode_Reward/turn_swing_size_cost: 0.0000
Episode_Reward/stair_down_step_completion: 0.0750
Episode_Reward/stair_front_riser_face_cost: 0.0000
Episode_Reward/stair_descent_rear_support: 0.0175
       Episode_Reward/stair_impact_cost: -0.0017
Episode_Reward/stair_non_wheel_contact_cost: -0.0003
Episode_Reward/stair_non_wheel_scrape_cost: -0.0002
 Episode_Reward/stair_joint_effort_cost: -0.0006
Episode_Reward/stair_joint_acceleration_cost: -0.0015
Episode_Reward/stair_mechanical_power_cost: -0.0002
              Curriculum/terrain_levels: 0.0000
                  Curriculum/gait_level: 0.0000
 Curriculum/step_completion/up_attempts: 4.0000
Curriculum/step_completion/up_successes: 0.5000
Curriculum/step_completion/up_success_rate: 0.0625
Curriculum/step_completion/up_rear_successes: 0.5000
Curriculum/step_completion/up_front_violations: 3.5000
Curriculum/step_completion/up_rear_violations: 3.5000
Curriculum/step_completion/up_front_same_tread_events: 0.0000
Curriculum/step_completion/up_front_same_tread_dwell_s: 0.0000
Curriculum/step_completion/up_rear_same_tread_events: 0.0000
Curriculum/step_completion/up_rear_same_tread_dwell_s: 0.0000
Curriculum/step_completion/up_targets_started: 2.0000
Curriculum/step_completion/up_lift_credit: 1.0000
  Curriculum/step_completion/up_retries: 0.0000
Curriculum/step_completion/up_abandoned_targets: 0.0000
Curriculum/step_completion/up_retreat_fraction: 0.0000
Curriculum/step_completion/up_stationary_fraction: 0.0000
Curriculum/step_completion/down_attempts: 1.0000
Curriculum/step_completion/down_successes: 0.5000
Curriculum/step_completion/down_success_rate: 0.2500
Curriculum/step_completion/forward_gate_fraction: 0.1974
Curriculum/step_completion/nearby_gate_fraction: 0.2296
Curriculum/step_completion/registered_risers: 5.5000
Curriculum/step_completion/up_whole_body_crossings: 0.0000
Curriculum/step_completion/up_whole_body_crossing_coverage: 0.0000
Curriculum/step_completion/up_front_registered_intermediate_risers: 4.5000
Curriculum/step_completion/up_front_landing_coverage: 0.3636
Curriculum/step_completion/up_front_strict_coverage: 0.0556
Curriculum/step_completion/up_front_physical_landings: 4.0000
Curriculum/step_completion/up_front_transition_successes: 0.0000
Curriculum/step_completion/up_front_skipped_riser_events: 1.5000
Curriculum/step_completion/up_front_unsafe_events: 3.0000
Curriculum/step_completion/up_front_skip_fraction: 0.1875
Curriculum/step_completion/up_front_visited_intermediate_risers: 3.5000
Curriculum/step_completion/up_front_same_tread_fraction: 0.0000
Curriculum/step_completion/up_front_longest_strict_run: 0.5000
Curriculum/step_completion/up_front_six_step_strict_fraction: 0.0000
Curriculum/step_completion/fl_stable_treads: 0.5000
Curriculum/step_completion/fr_stable_treads: 4.0000
Curriculum/step_completion/up_rear_registered_intermediate_risers: 4.5000
Curriculum/step_completion/up_rear_landing_coverage: 0.3636
Curriculum/step_completion/up_rear_strict_coverage: 0.0556
Curriculum/step_completion/up_rear_physical_landings: 4.0000
Curriculum/step_completion/up_rear_transition_successes: 0.0000
Curriculum/step_completion/up_rear_skipped_riser_events: 2.5000
Curriculum/step_completion/up_rear_unsafe_events: 2.5000
Curriculum/step_completion/up_rear_skip_fraction: 0.3125
Curriculum/step_completion/up_rear_visited_intermediate_risers: 3.0000
Curriculum/step_completion/up_rear_same_tread_fraction: 0.0000
Curriculum/step_completion/up_rear_longest_strict_run: 0.5000
Curriculum/step_completion/up_rear_six_step_strict_fraction: 0.0000
Curriculum/step_completion/hl_stable_treads: 0.5000
Curriculum/step_completion/hr_stable_treads: 3.5000
Curriculum/step_completion/up_rear_lift_credit: 0.4737
   Curriculum/gait_quality/turn_samples: 0.0000
Curriculum/gait_quality/descent_samples: 78.5000
Curriculum/gait_quality/rear_support_samples: 85.0000
Curriculum/gait_quality/turn_clearance_mean_m: 0.0000
Curriculum/gait_quality/turn_reach_mean_m: 0.0000
Curriculum/gait_quality/turn_yaw_error_mean: 0.0000
Curriculum/gait_quality/rear_extension_mean_m: 0.1987
Curriculum/gait_quality/rear_fold_support_fraction: 0.1235
 Curriculum/gait_quality/ascent_samples: 24.0000
Curriculum/gait_quality/front_support_samples: 13.0000
Curriculum/gait_quality/front_extension_mean_m: 0.2066
Curriculum/gait_quality/front_knee_abs_mean_rad: 0.6860
Curriculum/gait_quality/front_fold_support_fraction: 0.1154
Curriculum/gait_quality/front_swing_samples: 35.0000
Curriculum/gait_quality/front_extreme_swing_fold_fraction: 0.2143
Curriculum/gait_quality/front_loaded_a_mean_deg: 50.6972
Curriculum/gait_quality/front_loaded_a_low_fraction: 0.1154
Curriculum/gait_quality/front_loaded_a_min_deg: 33.3705
Curriculum/gait_quality/fl_loaded_samples: 4.5000
Curriculum/gait_quality/fl_loaded_a_mean_deg: 39.8183
Curriculum/gait_quality/fl_loaded_a_low_fraction: 0.3333
Curriculum/gait_quality/fr_loaded_samples: 8.5000
Curriculum/gait_quality/fr_loaded_a_mean_deg: 56.4566
Curriculum/gait_quality/fr_loaded_a_low_fraction: 0.0000
Curriculum/gait_quality/front_swing_a_mean_deg: 33.4036
Curriculum/gait_quality/front_swing_a_low_fraction: 0.2143
Curriculum/gait_quality/front_swing_a_min_deg: 9.5281
Curriculum/gait_quality/fl_swing_samples: 19.5000
Curriculum/gait_quality/fl_swing_a_mean_deg: 24.3264
Curriculum/gait_quality/fl_swing_a_low_fraction: 0.3590
Curriculum/gait_quality/fr_swing_samples: 15.5000
Curriculum/gait_quality/fr_swing_a_mean_deg: 44.8234
Curriculum/gait_quality/fr_swing_a_low_fraction: 0.0323
Curriculum/gait_quality/rear_forward_samples: 85.0000
Curriculum/gait_quality/rear_forward_excess_fraction: 0.0441
Curriculum/gait_quality/rear_body_b_mean_deg: 0.0429
Curriculum/gait_quality/rear_gravity_g_mean_deg: -3.8663
 Curriculum/gait_quality/rear_b_max_deg: 22.8808
 Curriculum/gait_quality/rear_g_max_deg: 17.4142
Curriculum/gait_quality/hl_loaded_samples: 43.0000
Curriculum/gait_quality/hl_body_b_mean_deg: -1.4766
Curriculum/gait_quality/hl_gravity_g_mean_deg: -5.5922
Curriculum/gait_quality/hl_forward_excess_fraction: 0.0581
Curriculum/gait_quality/hr_loaded_samples: 42.0000
Curriculum/gait_quality/hr_body_b_mean_deg: 1.5985
Curriculum/gait_quality/hr_gravity_g_mean_deg: -2.0993
Curriculum/gait_quality/hr_forward_excess_fraction: 0.0298
Curriculum/gait_quality/rear_entry_samples: 8.5000
Curriculum/gait_quality/rear_entry_b_mean_deg: 16.9026
Curriculum/gait_quality/rear_entry_g_mean_deg: 12.2429
Curriculum/gait_quality/front_body_gap_samples: 24.0000
Curriculum/gait_quality/front_body_gap_mean_m: 0.1466
Curriculum/gait_quality/front_body_gap_low_fraction: 0.0104
Curriculum/gait_quality/loaded_without_local_map_samples: 0.0000
    Curriculum/ascent_direction/samples: 144.5000
Curriculum/ascent_direction/lateral_error_mean_m: 0.4737
Curriculum/ascent_direction/lateral_error_max_m: 1.3243
Curriculum/ascent_direction/lateral_speed_mean_m_s: 0.2433
Curriculum/ascent_direction/heading_error_mean_deg: 10.2948
Curriculum/ascent_direction/outside_tolerance_fraction: 0.3685
  Curriculum/ascent_direction/cost_mean: 0.6082
       Curriculum/terrain_level_overall: 0.0000
Curriculum/terrain_level_pyramid_stairs: 0.0000
Curriculum/terrain_level_pyramid_stairs_inv: 0.0000
         Curriculum/terrain_level_boxes: 0.0000
  Curriculum/terrain_level_random_rough: 0.0000
Curriculum/terrain_level_hf_pyramid_slope: 0.0000
Curriculum/terrain_level_hf_pyramid_slope_inv: 0.0000
          Curriculum/terrain_level_flat: 0.0000
     Metrics/base_velocity/error_vel_xy: 0.1886
    Metrics/base_velocity/error_vel_yaw: 0.1470
           Metrics/base_velocity/base_z: 0.7186
         Metrics/base_velocity/knee_pos: 0.5362
           Episode_Termination/time_out: 0.3672
Episode_Termination/terrain_out_of_bounds: 0.0000
  Episode_Termination/bad_orientation_2: 0.0000
--------------------------------------------------------------------------------
                         Iteration time: 2.70s
                           Time elapsed: 00:00:58
                                    ETA: 00:01:34

################################################################################
[1m                            Learning iteration 21/55                            [0m 

                               Run name: preservation_smoke
                            Total steps: 33792 
                       Steps per second: 565 
                        Collection time: 2.676s 
                          Learning time: 0.039s 
                        Mean value loss: 0.2920
                    Mean surrogate loss: 0.0000
                      Mean entropy loss: 6.2641
                       Mean anchor loss: 0.0000
                Mean critic_warmup loss: 1.0000
                            Mean reward: 34.31
                    Mean episode length: 267.42
                        Mean action std: 0.37
            Episode_Reward/lin_vel_z_l2: -0.0034
           Episode_Reward/ang_vel_xy_l2: -0.0054
        Episode_Reward/joint_torques_l2: 0.0000
            Episode_Reward/joint_acc_l2: -0.0044
  Episode_Reward/hipx_joint_pos_penalty: -0.0802
  Episode_Reward/hipy_joint_pos_penalty: -0.0430
  Episode_Reward/knee_joint_pos_penalty: -0.0383
            Episode_Reward/joint_mirror: 0.0000
          Episode_Reward/action_rate_l2: 0.0000
        Episode_Reward/action_smooth_l2: 0.0000
      Episode_Reward/undesired_contacts: 0.0000
          Episode_Reward/contact_forces: 0.0000
    Episode_Reward/track_lin_vel_xy_exp: 2.2982
     Episode_Reward/track_ang_vel_z_exp: 1.4200
 Episode_Reward/feet_air_time_ang_z_M20: 0.0000
    Episode_Reward/feet_slide_ang_z_cmd: 0.0000
             Episode_Reward/stand_still: 0.0000
    Episode_Reward/rotation_gait_status: 0.0000
  Episode_Reward/rotation_gait_symmetry: 0.0000
 Episode_Reward/bad_orientation_penalty: 0.0000
      Episode_Reward/joint_acc_wheel_l2: -0.0062
  Episode_Reward/stair_orientation_cost: -0.0154
  Episode_Reward/stair_forward_progress: 0.0000
  Episode_Reward/stair_front_wheel_lift: 0.0000
Episode_Reward/stair_forward_motion_cost: 0.0000
Episode_Reward/stair_ascent_direction_cost: 0.0000
Episode_Reward/stair_front_wheel_touchdown: 0.0000
Episode_Reward/stair_front_single_support: 0.0000
Episode_Reward/stair_diagonal_support_symmetry: 0.0000
 Episode_Reward/stair_front_alternation: 0.0000
Episode_Reward/stair_up_step_completion: 0.0000
  Episode_Reward/stair_up_task_crossing: 0.0000
Episode_Reward/stair_up_rear_step_completion: 0.0000
   Episode_Reward/stair_rear_wheel_lift: 0.0000
Episode_Reward/stair_descent_rear_forward_cost: 0.0000
Episode_Reward/stair_ascent_front_body_clearance_cost: 0.0000
Episode_Reward/stair_up_order_violation_cost: 0.0000
Episode_Reward/stair_up_same_tread_cost: 0.0000
Episode_Reward/stair_up_same_tread_dwell_cost: 0.0000
Episode_Reward/stair_descent_rear_fold_cost: 0.0000
Episode_Reward/stair_ascent_front_fold_cost: 0.0000
    Episode_Reward/turn_swing_size_cost: 0.0000
Episode_Reward/stair_down_step_completion: 0.0000
Episode_Reward/stair_front_riser_face_cost: 0.0000
Episode_Reward/stair_descent_rear_support: 0.0000
       Episode_Reward/stair_impact_cost: 0.0000
Episode_Reward/stair_non_wheel_contact_cost: 0.0000
Episode_Reward/stair_non_wheel_scrape_cost: 0.0000
 Episode_Reward/stair_joint_effort_cost: 0.0000
Episode_Reward/stair_joint_acceleration_cost: 0.0000
Episode_Reward/stair_mechanical_power_cost: 0.0000
              Curriculum/terrain_levels: 0.0000
                  Curriculum/gait_level: 0.0000
 Curriculum/step_completion/up_attempts: 0.0000
Curriculum/step_completion/up_successes: 0.0000
Curriculum/step_completion/up_success_rate: 0.0000
Curriculum/step_completion/up_rear_successes: 0.0000
Curriculum/step_completion/up_front_violations: 0.0000
Curriculum/step_completion/up_rear_violations: 0.0000
Curriculum/step_completion/up_front_same_tread_events: 0.0000
Curriculum/step_completion/up_front_same_tread_dwell_s: 0.0000
Curriculum/step_completion/up_rear_same_tread_events: 0.0000
Curriculum/step_completion/up_rear_same_tread_dwell_s: 0.0000
Curriculum/step_completion/up_targets_started: 0.0000
Curriculum/step_completion/up_lift_credit: 0.0000
  Curriculum/step_completion/up_retries: 0.0000
Curriculum/step_completion/up_abandoned_targets: 0.0000
Curriculum/step_completion/up_retreat_fraction: 0.0000
Curriculum/step_completion/up_stationary_fraction: 0.0000
Curriculum/step_completion/down_attempts: 0.0000
Curriculum/step_completion/down_successes: 0.0000
Curriculum/step_completion/down_success_rate: 0.0000
Curriculum/step_completion/forward_gate_fraction: 0.0000
Curriculum/step_completion/nearby_gate_fraction: 0.0000
Curriculum/step_completion/registered_risers: 0.0000
Curriculum/step_completion/up_whole_body_crossings: 0.0000
Curriculum/step_completion/up_whole_body_crossing_coverage: 0.0000
Curriculum/step_completion/up_front_registered_intermediate_risers: 0.0000
Curriculum/step_completion/up_front_landing_coverage: 0.0000
Curriculum/step_completion/up_front_strict_coverage: 0.0000
Curriculum/step_completion/up_front_physical_landings: 0.0000
Curriculum/step_completion/up_front_transition_successes: 0.0000
Curriculum/step_completion/up_front_skipped_riser_events: 0.0000
Curriculum/step_completion/up_front_unsafe_events: 0.0000
Curriculum/step_completion/up_front_skip_fraction: 0.0000
Curriculum/step_completion/up_front_visited_intermediate_risers: 0.0000
Curriculum/step_completion/up_front_same_tread_fraction: 0.0000
Curriculum/step_completion/up_front_longest_strict_run: 0.0000
Curriculum/step_completion/up_front_six_step_strict_fraction: 0.0000
Curriculum/step_completion/fl_stable_treads: 0.0000
Curriculum/step_completion/fr_stable_treads: 0.0000
Curriculum/step_completion/up_rear_registered_intermediate_risers: 0.0000
Curriculum/step_completion/up_rear_landing_coverage: 0.0000
Curriculum/step_completion/up_rear_strict_coverage: 0.0000
Curriculum/step_completion/up_rear_physical_landings: 0.0000
Curriculum/step_completion/up_rear_transition_successes: 0.0000
Curriculum/step_completion/up_rear_skipped_riser_events: 0.0000
Curriculum/step_completion/up_rear_unsafe_events: 0.0000
Curriculum/step_completion/up_rear_skip_fraction: 0.0000
Curriculum/step_completion/up_rear_visited_intermediate_risers: 0.0000
Curriculum/step_completion/up_rear_same_tread_fraction: 0.0000
Curriculum/step_completion/up_rear_longest_strict_run: 0.0000
Curriculum/step_completion/up_rear_six_step_strict_fraction: 0.0000
Curriculum/step_completion/hl_stable_treads: 0.0000
Curriculum/step_completion/hr_stable_treads: 0.0000
Curriculum/step_completion/up_rear_lift_credit: 0.0000
   Curriculum/gait_quality/turn_samples: 0.0000
Curriculum/gait_quality/descent_samples: 0.0000
Curriculum/gait_quality/rear_support_samples: 0.0000
Curriculum/gait_quality/turn_clearance_mean_m: 0.0000
Curriculum/gait_quality/turn_reach_mean_m: 0.0000
Curriculum/gait_quality/turn_yaw_error_mean: 0.0000
Curriculum/gait_quality/rear_extension_mean_m: 0.0000
Curriculum/gait_quality/rear_fold_support_fraction: 0.0000
 Curriculum/gait_quality/ascent_samples: 0.0000
Curriculum/gait_quality/front_support_samples: 0.0000
Curriculum/gait_quality/front_extension_mean_m: 0.0000
Curriculum/gait_quality/front_knee_abs_mean_rad: 0.0000
Curriculum/gait_quality/front_fold_support_fraction: 0.0000
Curriculum/gait_quality/front_swing_samples: 0.0000
Curriculum/gait_quality/front_extreme_swing_fold_fraction: 0.0000
Curriculum/gait_quality/front_loaded_a_mean_deg: 0.0000
Curriculum/gait_quality/front_loaded_a_low_fraction: 0.0000
Curriculum/gait_quality/front_loaded_a_min_deg: 0.0000
Curriculum/gait_quality/fl_loaded_samples: 0.0000
Curriculum/gait_quality/fl_loaded_a_mean_deg: 0.0000
Curriculum/gait_quality/fl_loaded_a_low_fraction: 0.0000
Curriculum/gait_quality/fr_loaded_samples: 0.0000
Curriculum/gait_quality/fr_loaded_a_mean_deg: 0.0000
Curriculum/gait_quality/fr_loaded_a_low_fraction: 0.0000
Curriculum/gait_quality/front_swing_a_mean_deg: 0.0000
Curriculum/gait_quality/front_swing_a_low_fraction: 0.0000
Curriculum/gait_quality/front_swing_a_min_deg: 0.0000
Curriculum/gait_quality/fl_swing_samples: 0.0000
Curriculum/gait_quality/fl_swing_a_mean_deg: 0.0000
Curriculum/gait_quality/fl_swing_a_low_fraction: 0.0000
Curriculum/gait_quality/fr_swing_samples: 0.0000
Curriculum/gait_quality/fr_swing_a_mean_deg: 0.0000
Curriculum/gait_quality/fr_swing_a_low_fraction: 0.0000
Curriculum/gait_quality/rear_forward_samples: 0.0000
Curriculum/gait_quality/rear_forward_excess_fraction: 0.0000
Curriculum/gait_quality/rear_body_b_mean_deg: 0.0000
Curriculum/gait_quality/rear_gravity_g_mean_deg: 0.0000
 Curriculum/gait_quality/rear_b_max_deg: 0.0000
 Curriculum/gait_quality/rear_g_max_deg: 0.0000
Curriculum/gait_quality/hl_loaded_samples: 0.0000
Curriculum/gait_quality/hl_body_b_mean_deg: 0.0000
Curriculum/gait_quality/hl_gravity_g_mean_deg: 0.0000
Curriculum/gait_quality/hl_forward_excess_fraction: 0.0000
Curriculum/gait_quality/hr_loaded_samples: 0.0000
Curriculum/gait_quality/hr_body_b_mean_deg: 0.0000
Curriculum/gait_quality/hr_gravity_g_mean_deg: 0.0000
Curriculum/gait_quality/hr_forward_excess_fraction: 0.0000
Curriculum/gait_quality/rear_entry_samples: 0.0000
Curriculum/gait_quality/rear_entry_b_mean_deg: 0.0000
Curriculum/gait_quality/rear_entry_g_mean_deg: 0.0000
Curriculum/gait_quality/front_body_gap_samples: 0.0000
Curriculum/gait_quality/front_body_gap_mean_m: 0.0000
Curriculum/gait_quality/front_body_gap_low_fraction: 0.0000
Curriculum/gait_quality/loaded_without_local_map_samples: 0.0000
    Curriculum/ascent_direction/samples: 0.0000
Curriculum/ascent_direction/lateral_error_mean_m: 0.0000
Curriculum/ascent_direction/lateral_error_max_m: 0.0000
Curriculum/ascent_direction/lateral_speed_mean_m_s: 0.0000
Curriculum/ascent_direction/heading_error_mean_deg: 0.0000
Curriculum/ascent_direction/outside_tolerance_fraction: 0.0000
  Curriculum/ascent_direction/cost_mean: 0.0000
       Curriculum/terrain_level_overall: 0.0000
Curriculum/terrain_level_pyramid_stairs: 0.0000
Curriculum/terrain_level_pyramid_stairs_inv: 0.0000
         Curriculum/terrain_level_boxes: 0.0000
  Curriculum/terrain_level_random_rough: 0.0000
Curriculum/terrain_level_hf_pyramid_slope: 0.0000
Curriculum/terrain_level_hf_pyramid_slope_inv: 0.0000
          Curriculum/terrain_level_flat: 0.0000
     Metrics/base_velocity/error_vel_xy: 0.1761
    Metrics/base_velocity/error_vel_yaw: 0.1139
           Metrics/base_velocity/base_z: 0.6008
         Metrics/base_velocity/knee_pos: 0.1037
           Episode_Termination/time_out: 0.3750
Episode_Termination/terrain_out_of_bounds: 0.0000
  Episode_Termination/bad_orientation_2: 0.0000
--------------------------------------------------------------------------------
                         Iteration time: 2.72s
                           Time elapsed: 00:01:00
                                    ETA: 00:01:31

################################################################################
[1m                            Learning iteration 22/55                            [0m 

                               Run name: preservation_smoke
                            Total steps: 35328 
                       Steps per second: 577 
                        Collection time: 2.612s 
                          Learning time: 0.048s 
                        Mean value loss: 0.4653
                    Mean surrogate loss: -0.0000
                      Mean entropy loss: 6.2641
                       Mean anchor loss: 0.0000
                Mean critic_warmup loss: 1.0000
                            Mean reward: 35.92
                    Mean episode length: 278.04
                        Mean action std: 0.37
            Episode_Reward/lin_vel_z_l2: -0.0162
           Episode_Reward/ang_vel_xy_l2: -0.0072
        Episode_Reward/joint_torques_l2: 0.0000
            Episode_Reward/joint_acc_l2: -0.0076
  Episode_Reward/hipx_joint_pos_penalty: -0.0898
  Episode_Reward/hipy_joint_pos_penalty: -0.0753
  Episode_Reward/knee_joint_pos_penalty: -0.0451
            Episode_Reward/joint_mirror: 0.0000
          Episode_Reward/action_rate_l2: 0.0000
        Episode_Reward/action_smooth_l2: 0.0000
      Episode_Reward/undesired_contacts: 0.0000
          Episode_Reward/contact_forces: 0.0000
    Episode_Reward/track_lin_vel_xy_exp: 2.4864
     Episode_Reward/track_ang_vel_z_exp: 1.5056
 Episode_Reward/feet_air_time_ang_z_M20: 0.0000
    Episode_Reward/feet_slide_ang_z_cmd: 0.0000
             Episode_Reward/stand_still: -0.0063
    Episode_Reward/rotation_gait_status: 0.0000
  Episode_Reward/rotation_gait_symmetry: 0.0000
 Episode_Reward/bad_orientation_penalty: 0.0000
      Episode_Reward/joint_acc_wheel_l2: -0.0142
  Episode_Reward/stair_orientation_cost: -0.0367
  Episode_Reward/stair_forward_progress: 0.0000
  Episode_Reward/stair_front_wheel_lift: 0.0000
Episode_Reward/stair_forward_motion_cost: 0.0000
Episode_Reward/stair_ascent_direction_cost: 0.0000
Episode_Reward/stair_front_wheel_touchdown: 0.0000
Episode_Reward/stair_front_single_support: 0.0000
Episode_Reward/stair_diagonal_support_symmetry: 0.0000
 Episode_Reward/stair_front_alternation: 0.0000
Episode_Reward/stair_up_step_completion: 0.0000
  Episode_Reward/stair_up_task_crossing: 0.0000
Episode_Reward/stair_up_rear_step_completion: 0.0000
   Episode_Reward/stair_rear_wheel_lift: 0.0000
Episode_Reward/stair_descent_rear_forward_cost: 0.0000
Episode_Reward/stair_ascent_front_body_clearance_cost: 0.0000
Episode_Reward/stair_up_order_violation_cost: 0.0000
Episode_Reward/stair_up_same_tread_cost: 0.0000
Episode_Reward/stair_up_same_tread_dwell_cost: 0.0000
Episode_Reward/stair_descent_rear_fold_cost: 0.0000
Episode_Reward/stair_ascent_front_fold_cost: 0.0000
    Episode_Reward/turn_swing_size_cost: 0.0000
Episode_Reward/stair_down_step_completion: 0.0000
Episode_Reward/stair_front_riser_face_cost: 0.0000
Episode_Reward/stair_descent_rear_support: 0.0000
       Episode_Reward/stair_impact_cost: -0.0000
Episode_Reward/stair_non_wheel_contact_cost: 0.0000
Episode_Reward/stair_non_wheel_scrape_cost: 0.0000
 Episode_Reward/stair_joint_effort_cost: -0.0007
Episode_Reward/stair_joint_acceleration_cost: -0.0014
Episode_Reward/stair_mechanical_power_cost: -0.0002
              Curriculum/terrain_levels: 0.0000
                  Curriculum/gait_level: 0.0000
 Curriculum/step_completion/up_attempts: 0.0000
Curriculum/step_completion/up_successes: 0.0000
Curriculum/step_completion/up_success_rate: 0.0000
Curriculum/step_completion/up_rear_successes: 0.0000
Curriculum/step_completion/up_front_violations: 0.0000
Curriculum/step_completion/up_rear_violations: 0.0000
Curriculum/step_completion/up_front_same_tread_events: 0.0000
Curriculum/step_completion/up_front_same_tread_dwell_s: 0.0000
Curriculum/step_completion/up_rear_same_tread_events: 0.0000
Curriculum/step_completion/up_rear_same_tread_dwell_s: 0.0000
Curriculum/step_completion/up_targets_started: 0.0000
Curriculum/step_completion/up_lift_credit: 0.0000
  Curriculum/step_completion/up_retries: 0.0000
Curriculum/step_completion/up_abandoned_targets: 0.0000
Curriculum/step_completion/up_retreat_fraction: 0.0000
Curriculum/step_completion/up_stationary_fraction: 0.0000
Curriculum/step_completion/down_attempts: 0.0000
Curriculum/step_completion/down_successes: 0.0000
Curriculum/step_completion/down_success_rate: 0.0000
Curriculum/step_completion/forward_gate_fraction: 0.0000
Curriculum/step_completion/nearby_gate_fraction: 0.5566
Curriculum/step_completion/registered_risers: 0.0000
Curriculum/step_completion/up_whole_body_crossings: 0.0000
Curriculum/step_completion/up_whole_body_crossing_coverage: 0.0000
Curriculum/step_completion/up_front_registered_intermediate_risers: 0.0000
Curriculum/step_completion/up_front_landing_coverage: 0.0000
Curriculum/step_completion/up_front_strict_coverage: 0.0000
Curriculum/step_completion/up_front_physical_landings: 0.0000
Curriculum/step_completion/up_front_transition_successes: 0.0000
Curriculum/step_completion/up_front_skipped_riser_events: 0.0000
Curriculum/step_completion/up_front_unsafe_events: 0.0000
Curriculum/step_completion/up_front_skip_fraction: 0.0000
Curriculum/step_completion/up_front_visited_intermediate_risers: 0.0000
Curriculum/step_completion/up_front_same_tread_fraction: 0.0000
Curriculum/step_completion/up_front_longest_strict_run: 0.0000
Curriculum/step_completion/up_front_six_step_strict_fraction: 0.0000
Curriculum/step_completion/fl_stable_treads: 0.0000
Curriculum/step_completion/fr_stable_treads: 0.0000
Curriculum/step_completion/up_rear_registered_intermediate_risers: 0.0000
Curriculum/step_completion/up_rear_landing_coverage: 0.0000
Curriculum/step_completion/up_rear_strict_coverage: 0.0000
Curriculum/step_completion/up_rear_physical_landings: 0.0000
Curriculum/step_completion/up_rear_transition_successes: 0.0000
Curriculum/step_completion/up_rear_skipped_riser_events: 0.0000
Curriculum/step_completion/up_rear_unsafe_events: 0.0000
Curriculum/step_completion/up_rear_skip_fraction: 0.0000
Curriculum/step_completion/up_rear_visited_intermediate_risers: 0.0000
Curriculum/step_completion/up_rear_same_tread_fraction: 0.0000
Curriculum/step_completion/up_rear_longest_strict_run: 0.0000
Curriculum/step_completion/up_rear_six_step_strict_fraction: 0.0000
Curriculum/step_completion/hl_stable_treads: 0.0000
Curriculum/step_completion/hr_stable_treads: 0.0000
Curriculum/step_completion/up_rear_lift_credit: 0.0000
   Curriculum/gait_quality/turn_samples: 0.0000
Curriculum/gait_quality/descent_samples: 0.0000
Curriculum/gait_quality/rear_support_samples: 0.0000
Curriculum/gait_quality/turn_clearance_mean_m: 0.0000
Curriculum/gait_quality/turn_reach_mean_m: 0.0000
Curriculum/gait_quality/turn_yaw_error_mean: 0.0000
Curriculum/gait_quality/rear_extension_mean_m: 0.0000
Curriculum/gait_quality/rear_fold_support_fraction: 0.0000
 Curriculum/gait_quality/ascent_samples: 0.0000
Curriculum/gait_quality/front_support_samples: 0.0000
Curriculum/gait_quality/front_extension_mean_m: 0.0000
Curriculum/gait_quality/front_knee_abs_mean_rad: 0.0000
Curriculum/gait_quality/front_fold_support_fraction: 0.0000
Curriculum/gait_quality/front_swing_samples: 0.0000
Curriculum/gait_quality/front_extreme_swing_fold_fraction: 0.0000
Curriculum/gait_quality/front_loaded_a_mean_deg: 0.0000
Curriculum/gait_quality/front_loaded_a_low_fraction: 0.0000
Curriculum/gait_quality/front_loaded_a_min_deg: 0.0000
Curriculum/gait_quality/fl_loaded_samples: 0.0000
Curriculum/gait_quality/fl_loaded_a_mean_deg: 0.0000
Curriculum/gait_quality/fl_loaded_a_low_fraction: 0.0000
Curriculum/gait_quality/fr_loaded_samples: 0.0000
Curriculum/gait_quality/fr_loaded_a_mean_deg: 0.0000
Curriculum/gait_quality/fr_loaded_a_low_fraction: 0.0000
Curriculum/gait_quality/front_swing_a_mean_deg: 0.0000
Curriculum/gait_quality/front_swing_a_low_fraction: 0.0000
Curriculum/gait_quality/front_swing_a_min_deg: 0.0000
Curriculum/gait_quality/fl_swing_samples: 0.0000
Curriculum/gait_quality/fl_swing_a_mean_deg: 0.0000
Curriculum/gait_quality/fl_swing_a_low_fraction: 0.0000
Curriculum/gait_quality/fr_swing_samples: 0.0000
Curriculum/gait_quality/fr_swing_a_mean_deg: 0.0000
Curriculum/gait_quality/fr_swing_a_low_fraction: 0.0000
Curriculum/gait_quality/rear_forward_samples: 0.0000
Curriculum/gait_quality/rear_forward_excess_fraction: 0.0000
Curriculum/gait_quality/rear_body_b_mean_deg: 0.0000
Curriculum/gait_quality/rear_gravity_g_mean_deg: 0.0000
 Curriculum/gait_quality/rear_b_max_deg: 0.0000
 Curriculum/gait_quality/rear_g_max_deg: 0.0000
Curriculum/gait_quality/hl_loaded_samples: 0.0000
Curriculum/gait_quality/hl_body_b_mean_deg: 0.0000
Curriculum/gait_quality/hl_gravity_g_mean_deg: 0.0000
Curriculum/gait_quality/hl_forward_excess_fraction: 0.0000
Curriculum/gait_quality/hr_loaded_samples: 0.0000
Curriculum/gait_quality/hr_body_b_mean_deg: 0.0000
Curriculum/gait_quality/hr_gravity_g_mean_deg: 0.0000
Curriculum/gait_quality/hr_forward_excess_fraction: 0.0000
Curriculum/gait_quality/rear_entry_samples: 0.0000
Curriculum/gait_quality/rear_entry_b_mean_deg: 0.0000
Curriculum/gait_quality/rear_entry_g_mean_deg: 0.0000
Curriculum/gait_quality/front_body_gap_samples: 0.0000
Curriculum/gait_quality/front_body_gap_mean_m: 0.0000
Curriculum/gait_quality/front_body_gap_low_fraction: 0.0000
Curriculum/gait_quality/loaded_without_local_map_samples: 0.0000
    Curriculum/ascent_direction/samples: 0.0000
Curriculum/ascent_direction/lateral_error_mean_m: 0.0000
Curriculum/ascent_direction/lateral_error_max_m: 0.0000
Curriculum/ascent_direction/lateral_speed_mean_m_s: 0.0000
Curriculum/ascent_direction/heading_error_mean_deg: 0.0000
Curriculum/ascent_direction/outside_tolerance_fraction: 0.0000
  Curriculum/ascent_direction/cost_mean: 0.0000
       Curriculum/terrain_level_overall: 0.0000
Curriculum/terrain_level_pyramid_stairs: 0.0000
Curriculum/terrain_level_pyramid_stairs_inv: 0.0000
         Curriculum/terrain_level_boxes: 0.0000
  Curriculum/terrain_level_random_rough: 0.0000
Curriculum/terrain_level_hf_pyramid_slope: 0.0000
Curriculum/terrain_level_hf_pyramid_slope_inv: 0.0000
          Curriculum/terrain_level_flat: 0.0000
     Metrics/base_velocity/error_vel_xy: 0.1591
    Metrics/base_velocity/error_vel_yaw: 0.1333
           Metrics/base_velocity/base_z: -0.0008
         Metrics/base_velocity/knee_pos: 0.5940
           Episode_Termination/time_out: 0.3880
Episode_Termination/terrain_out_of_bounds: 0.0000
  Episode_Termination/bad_orientation_2: 0.0000
--------------------------------------------------------------------------------
                         Iteration time: 2.66s
                           Time elapsed: 00:01:03
                                    ETA: 00:01:28

################################################################################
[1m                            Learning iteration 23/55                            [0m 

                               Run name: preservation_smoke
                            Total steps: 36864 
                       Steps per second: 563 
                        Collection time: 2.671s 
                          Learning time: 0.056s 
                        Mean value loss: 0.1627
                    Mean surrogate loss: 0.0000
                      Mean entropy loss: 6.2641
                       Mean anchor loss: 0.0000
                Mean critic_warmup loss: 1.0000
                            Mean reward: 37.53
                    Mean episode length: 289.04
                        Mean action std: 0.37
            Episode_Reward/lin_vel_z_l2: -0.0115
           Episode_Reward/ang_vel_xy_l2: -0.0070
        Episode_Reward/joint_torques_l2: 0.0000
            Episode_Reward/joint_acc_l2: -0.0117
  Episode_Reward/hipx_joint_pos_penalty: -0.1014
  Episode_Reward/hipy_joint_pos_penalty: -0.0697
  Episode_Reward/knee_joint_pos_penalty: -0.0548
            Episode_Reward/joint_mirror: 0.0000
          Episode_Reward/action_rate_l2: 0.0000
        Episode_Reward/action_smooth_l2: 0.0000
      Episode_Reward/undesired_contacts: 0.0000
          Episode_Reward/contact_forces: 0.0000
    Episode_Reward/track_lin_vel_xy_exp: 2.5499
     Episode_Reward/track_ang_vel_z_exp: 1.5721
 Episode_Reward/feet_air_time_ang_z_M20: 0.0000
    Episode_Reward/feet_slide_ang_z_cmd: 0.0000
             Episode_Reward/stand_still: -0.0035
    Episode_Reward/rotation_gait_status: 0.0000
  Episode_Reward/rotation_gait_symmetry: 0.0000
 Episode_Reward/bad_orientation_penalty: 0.0000
      Episode_Reward/joint_acc_wheel_l2: -0.0149
  Episode_Reward/stair_orientation_cost: -0.0311
  Episode_Reward/stair_forward_progress: 0.0000
  Episode_Reward/stair_front_wheel_lift: 0.0000
Episode_Reward/stair_forward_motion_cost: 0.0000
Episode_Reward/stair_ascent_direction_cost: 0.0000
Episode_Reward/stair_front_wheel_touchdown: 0.0000
Episode_Reward/stair_front_single_support: 0.0000
Episode_Reward/stair_diagonal_support_symmetry: 0.0000
 Episode_Reward/stair_front_alternation: 0.0000
Episode_Reward/stair_up_step_completion: 0.0000
  Episode_Reward/stair_up_task_crossing: 0.0000
Episode_Reward/stair_up_rear_step_completion: 0.0000
   Episode_Reward/stair_rear_wheel_lift: 0.0000
Episode_Reward/stair_descent_rear_forward_cost: 0.0000
Episode_Reward/stair_ascent_front_body_clearance_cost: 0.0000
Episode_Reward/stair_up_order_violation_cost: 0.0000
Episode_Reward/stair_up_same_tread_cost: 0.0000
Episode_Reward/stair_up_same_tread_dwell_cost: 0.0000
Episode_Reward/stair_descent_rear_fold_cost: 0.0000
Episode_Reward/stair_ascent_front_fold_cost: 0.0000
    Episode_Reward/turn_swing_size_cost: 0.0000
Episode_Reward/stair_down_step_completion: 0.0000
Episode_Reward/stair_front_riser_face_cost: 0.0000
Episode_Reward/stair_descent_rear_support: 0.0000
       Episode_Reward/stair_impact_cost: -0.0000
Episode_Reward/stair_non_wheel_contact_cost: 0.0000
Episode_Reward/stair_non_wheel_scrape_cost: 0.0000
 Episode_Reward/stair_joint_effort_cost: -0.0004
Episode_Reward/stair_joint_acceleration_cost: -0.0008
Episode_Reward/stair_mechanical_power_cost: -0.0001
              Curriculum/terrain_levels: 0.0000
                  Curriculum/gait_level: 0.0000
 Curriculum/step_completion/up_attempts: 0.0000
Curriculum/step_completion/up_successes: 0.0000
Curriculum/step_completion/up_success_rate: 0.0000
Curriculum/step_completion/up_rear_successes: 0.0000
Curriculum/step_completion/up_front_violations: 0.0000
Curriculum/step_completion/up_rear_violations: 0.0000
Curriculum/step_completion/up_front_same_tread_events: 0.0000
Curriculum/step_completion/up_front_same_tread_dwell_s: 0.0000
Curriculum/step_completion/up_rear_same_tread_events: 0.0000
Curriculum/step_completion/up_rear_same_tread_dwell_s: 0.0000
Curriculum/step_completion/up_targets_started: 0.0000
Curriculum/step_completion/up_lift_credit: 0.0000
  Curriculum/step_completion/up_retries: 0.0000
Curriculum/step_completion/up_abandoned_targets: 0.0000
Curriculum/step_completion/up_retreat_fraction: 0.0000
Curriculum/step_completion/up_stationary_fraction: 0.0000
Curriculum/step_completion/down_attempts: 0.0000
Curriculum/step_completion/down_successes: 0.0000
Curriculum/step_completion/down_success_rate: 0.0000
Curriculum/step_completion/forward_gate_fraction: 0.0000
Curriculum/step_completion/nearby_gate_fraction: 0.3061
Curriculum/step_completion/registered_risers: 0.0000
Curriculum/step_completion/up_whole_body_crossings: 0.0000
Curriculum/step_completion/up_whole_body_crossing_coverage: 0.0000
Curriculum/step_completion/up_front_registered_intermediate_risers: 0.0000
Curriculum/step_completion/up_front_landing_coverage: 0.0000
Curriculum/step_completion/up_front_strict_coverage: 0.0000
Curriculum/step_completion/up_front_physical_landings: 0.0000
Curriculum/step_completion/up_front_transition_successes: 0.0000
Curriculum/step_completion/up_front_skipped_riser_events: 0.0000
Curriculum/step_completion/up_front_unsafe_events: 0.0000
Curriculum/step_completion/up_front_skip_fraction: 0.0000
Curriculum/step_completion/up_front_visited_intermediate_risers: 0.0000
Curriculum/step_completion/up_front_same_tread_fraction: 0.0000
Curriculum/step_completion/up_front_longest_strict_run: 0.0000
Curriculum/step_completion/up_front_six_step_strict_fraction: 0.0000
Curriculum/step_completion/fl_stable_treads: 0.0000
Curriculum/step_completion/fr_stable_treads: 0.0000
Curriculum/step_completion/up_rear_registered_intermediate_risers: 0.0000
Curriculum/step_completion/up_rear_landing_coverage: 0.0000
Curriculum/step_completion/up_rear_strict_coverage: 0.0000
Curriculum/step_completion/up_rear_physical_landings: 0.0000
Curriculum/step_completion/up_rear_transition_successes: 0.0000
Curriculum/step_completion/up_rear_skipped_riser_events: 0.0000
Curriculum/step_completion/up_rear_unsafe_events: 0.0000
Curriculum/step_completion/up_rear_skip_fraction: 0.0000
Curriculum/step_completion/up_rear_visited_intermediate_risers: 0.0000
Curriculum/step_completion/up_rear_same_tread_fraction: 0.0000
Curriculum/step_completion/up_rear_longest_strict_run: 0.0000
Curriculum/step_completion/up_rear_six_step_strict_fraction: 0.0000
Curriculum/step_completion/hl_stable_treads: 0.0000
Curriculum/step_completion/hr_stable_treads: 0.0000
Curriculum/step_completion/up_rear_lift_credit: 0.0000
   Curriculum/gait_quality/turn_samples: 0.0000
Curriculum/gait_quality/descent_samples: 0.0000
Curriculum/gait_quality/rear_support_samples: 0.0000
Curriculum/gait_quality/turn_clearance_mean_m: 0.0000
Curriculum/gait_quality/turn_reach_mean_m: 0.0000
Curriculum/gait_quality/turn_yaw_error_mean: 0.0000
Curriculum/gait_quality/rear_extension_mean_m: 0.0000
Curriculum/gait_quality/rear_fold_support_fraction: 0.0000
 Curriculum/gait_quality/ascent_samples: 0.0000
Curriculum/gait_quality/front_support_samples: 0.0000
Curriculum/gait_quality/front_extension_mean_m: 0.0000
Curriculum/gait_quality/front_knee_abs_mean_rad: 0.0000
Curriculum/gait_quality/front_fold_support_fraction: 0.0000
Curriculum/gait_quality/front_swing_samples: 0.0000
Curriculum/gait_quality/front_extreme_swing_fold_fraction: 0.0000
Curriculum/gait_quality/front_loaded_a_mean_deg: 0.0000
Curriculum/gait_quality/front_loaded_a_low_fraction: 0.0000
Curriculum/gait_quality/front_loaded_a_min_deg: 0.0000
Curriculum/gait_quality/fl_loaded_samples: 0.0000
Curriculum/gait_quality/fl_loaded_a_mean_deg: 0.0000
Curriculum/gait_quality/fl_loaded_a_low_fraction: 0.0000
Curriculum/gait_quality/fr_loaded_samples: 0.0000
Curriculum/gait_quality/fr_loaded_a_mean_deg: 0.0000
Curriculum/gait_quality/fr_loaded_a_low_fraction: 0.0000
Curriculum/gait_quality/front_swing_a_mean_deg: 0.0000
Curriculum/gait_quality/front_swing_a_low_fraction: 0.0000
Curriculum/gait_quality/front_swing_a_min_deg: 0.0000
Curriculum/gait_quality/fl_swing_samples: 0.0000
Curriculum/gait_quality/fl_swing_a_mean_deg: 0.0000
Curriculum/gait_quality/fl_swing_a_low_fraction: 0.0000
Curriculum/gait_quality/fr_swing_samples: 0.0000
Curriculum/gait_quality/fr_swing_a_mean_deg: 0.0000
Curriculum/gait_quality/fr_swing_a_low_fraction: 0.0000
Curriculum/gait_quality/rear_forward_samples: 0.0000
Curriculum/gait_quality/rear_forward_excess_fraction: 0.0000
Curriculum/gait_quality/rear_body_b_mean_deg: 0.0000
Curriculum/gait_quality/rear_gravity_g_mean_deg: 0.0000
 Curriculum/gait_quality/rear_b_max_deg: 0.0000
 Curriculum/gait_quality/rear_g_max_deg: 0.0000
Curriculum/gait_quality/hl_loaded_samples: 0.0000
Curriculum/gait_quality/hl_body_b_mean_deg: 0.0000
Curriculum/gait_quality/hl_gravity_g_mean_deg: 0.0000
Curriculum/gait_quality/hl_forward_excess_fraction: 0.0000
Curriculum/gait_quality/hr_loaded_samples: 0.0000
Curriculum/gait_quality/hr_body_b_mean_deg: 0.0000
Curriculum/gait_quality/hr_gravity_g_mean_deg: 0.0000
Curriculum/gait_quality/hr_forward_excess_fraction: 0.0000
Curriculum/gait_quality/rear_entry_samples: 0.0000
Curriculum/gait_quality/rear_entry_b_mean_deg: 0.0000
Curriculum/gait_quality/rear_entry_g_mean_deg: 0.0000
Curriculum/gait_quality/front_body_gap_samples: 0.0000
Curriculum/gait_quality/front_body_gap_mean_m: 0.0000
Curriculum/gait_quality/front_body_gap_low_fraction: 0.0000
Curriculum/gait_quality/loaded_without_local_map_samples: 0.0000
    Curriculum/ascent_direction/samples: 0.0000
Curriculum/ascent_direction/lateral_error_mean_m: 0.0000
Curriculum/ascent_direction/lateral_error_max_m: 0.0000
Curriculum/ascent_direction/lateral_speed_mean_m_s: 0.0000
Curriculum/ascent_direction/heading_error_mean_deg: 0.0000
Curriculum/ascent_direction/outside_tolerance_fraction: 0.0000
  Curriculum/ascent_direction/cost_mean: 0.0000
       Curriculum/terrain_level_overall: 0.0000
Curriculum/terrain_level_pyramid_stairs: 0.0000
Curriculum/terrain_level_pyramid_stairs_inv: 0.0000
         Curriculum/terrain_level_boxes: 0.0000
  Curriculum/terrain_level_random_rough: 0.0000
Curriculum/terrain_level_hf_pyramid_slope: 0.0000
Curriculum/terrain_level_hf_pyramid_slope_inv: 0.0000
          Curriculum/terrain_level_flat: 0.0000
     Metrics/base_velocity/error_vel_xy: 0.1960
    Metrics/base_velocity/error_vel_yaw: 0.1397
           Metrics/base_velocity/base_z: 0.2303
         Metrics/base_velocity/knee_pos: 0.3961
           Episode_Termination/time_out: 0.3991
Episode_Termination/terrain_out_of_bounds: 0.0000
  Episode_Termination/bad_orientation_2: 0.0000
--------------------------------------------------------------------------------
                         Iteration time: 2.73s
                           Time elapsed: 00:01:06
                                    ETA: 00:01:25

################################################################################
[1m                            Learning iteration 24/55                            [0m 

                               Run name: preservation_smoke
                            Total steps: 38400 
                       Steps per second: 570 
                        Collection time: 2.649s 
                          Learning time: 0.044s 
                        Mean value loss: 0.1742
                    Mean surrogate loss: -0.0001
                      Mean entropy loss: 6.2641
                       Mean anchor loss: 0.0000
                Mean critic_warmup loss: 1.0000
                            Mean reward: 40.11
                    Mean episode length: 309.89
                        Mean action std: 0.37
            Episode_Reward/lin_vel_z_l2: -0.0158
           Episode_Reward/ang_vel_xy_l2: -0.0124
        Episode_Reward/joint_torques_l2: 0.0000
            Episode_Reward/joint_acc_l2: -0.0476
  Episode_Reward/hipx_joint_pos_penalty: -0.2229
  Episode_Reward/hipy_joint_pos_penalty: -0.1462
  Episode_Reward/knee_joint_pos_penalty: -0.1584
            Episode_Reward/joint_mirror: 0.0000
          Episode_Reward/action_rate_l2: 0.0000
        Episode_Reward/action_smooth_l2: 0.0000
      Episode_Reward/undesired_contacts: 0.0000
          Episode_Reward/contact_forces: 0.0000
    Episode_Reward/track_lin_vel_xy_exp: 2.6364
     Episode_Reward/track_ang_vel_z_exp: 1.6264
 Episode_Reward/feet_air_time_ang_z_M20: 0.0000
    Episode_Reward/feet_slide_ang_z_cmd: 0.0000
             Episode_Reward/stand_still: 0.0000
    Episode_Reward/rotation_gait_status: 0.0000
  Episode_Reward/rotation_gait_symmetry: 0.0000
 Episode_Reward/bad_orientation_penalty: 0.0000
      Episode_Reward/joint_acc_wheel_l2: -0.0330
  Episode_Reward/stair_orientation_cost: -0.0400
  Episode_Reward/stair_forward_progress: 0.0000
  Episode_Reward/stair_front_wheel_lift: 0.0000
Episode_Reward/stair_forward_motion_cost: 0.0000
Episode_Reward/stair_ascent_direction_cost: 0.0000
Episode_Reward/stair_front_wheel_touchdown: 0.0000
Episode_Reward/stair_front_single_support: 0.0000
Episode_Reward/stair_diagonal_support_symmetry: 0.0000
 Episode_Reward/stair_front_alternation: 0.0000
Episode_Reward/stair_up_step_completion: 0.0000
  Episode_Reward/stair_up_task_crossing: 0.0000
Episode_Reward/stair_up_rear_step_completion: 0.0000
   Episode_Reward/stair_rear_wheel_lift: 0.0000
Episode_Reward/stair_descent_rear_forward_cost: 0.0000
Episode_Reward/stair_ascent_front_body_clearance_cost: 0.0000
Episode_Reward/stair_up_order_violation_cost: 0.0000
Episode_Reward/stair_up_same_tread_cost: 0.0000
Episode_Reward/stair_up_same_tread_dwell_cost: 0.0000
Episode_Reward/stair_descent_rear_fold_cost: 0.0000
Episode_Reward/stair_ascent_front_fold_cost: 0.0000
    Episode_Reward/turn_swing_size_cost: 0.0000
Episode_Reward/stair_down_step_completion: 0.0000
Episode_Reward/stair_front_riser_face_cost: 0.0000
Episode_Reward/stair_descent_rear_support: 0.0000
       Episode_Reward/stair_impact_cost: 0.0000
Episode_Reward/stair_non_wheel_contact_cost: 0.0000
Episode_Reward/stair_non_wheel_scrape_cost: 0.0000
 Episode_Reward/stair_joint_effort_cost: 0.0000
Episode_Reward/stair_joint_acceleration_cost: 0.0000
Episode_Reward/stair_mechanical_power_cost: 0.0000
              Curriculum/terrain_levels: 0.0111
                  Curriculum/gait_level: 0.0358
 Curriculum/step_completion/up_attempts: 0.0000
Curriculum/step_completion/up_successes: 0.0000
Curriculum/step_completion/up_success_rate: 0.0000
Curriculum/step_completion/up_rear_successes: 0.0000
Curriculum/step_completion/up_front_violations: 0.0000
Curriculum/step_completion/up_rear_violations: 0.0000
Curriculum/step_completion/up_front_same_tread_events: 0.0000
Curriculum/step_completion/up_front_same_tread_dwell_s: 0.0000
Curriculum/step_completion/up_rear_same_tread_events: 0.0000
Curriculum/step_completion/up_rear_same_tread_dwell_s: 0.0000
Curriculum/step_completion/up_targets_started: 0.0000
Curriculum/step_completion/up_lift_credit: 0.0000
  Curriculum/step_completion/up_retries: 0.0000
Curriculum/step_completion/up_abandoned_targets: 0.0000
Curriculum/step_completion/up_retreat_fraction: 0.0000
Curriculum/step_completion/up_stationary_fraction: 0.0000
Curriculum/step_completion/down_attempts: 0.0000
Curriculum/step_completion/down_successes: 0.0000
Curriculum/step_completion/down_success_rate: 0.0000
Curriculum/step_completion/forward_gate_fraction: 0.0000
Curriculum/step_completion/nearby_gate_fraction: 0.0000
Curriculum/step_completion/registered_risers: 0.0000
Curriculum/step_completion/up_whole_body_crossings: 0.0000
Curriculum/step_completion/up_whole_body_crossing_coverage: 0.0000
Curriculum/step_completion/up_front_registered_intermediate_risers: 0.0000
Curriculum/step_completion/up_front_landing_coverage: 0.0000
Curriculum/step_completion/up_front_strict_coverage: 0.0000
Curriculum/step_completion/up_front_physical_landings: 0.0000
Curriculum/step_completion/up_front_transition_successes: 0.0000
Curriculum/step_completion/up_front_skipped_riser_events: 0.0000
Curriculum/step_completion/up_front_unsafe_events: 0.0000
Curriculum/step_completion/up_front_skip_fraction: 0.0000
Curriculum/step_completion/up_front_visited_intermediate_risers: 0.0000
Curriculum/step_completion/up_front_same_tread_fraction: 0.0000
Curriculum/step_completion/up_front_longest_strict_run: 0.0000
Curriculum/step_completion/up_front_six_step_strict_fraction: 0.0000
Curriculum/step_completion/fl_stable_treads: 0.0000
Curriculum/step_completion/fr_stable_treads: 0.0000
Curriculum/step_completion/up_rear_registered_intermediate_risers: 0.0000
Curriculum/step_completion/up_rear_landing_coverage: 0.0000
Curriculum/step_completion/up_rear_strict_coverage: 0.0000
Curriculum/step_completion/up_rear_physical_landings: 0.0000
Curriculum/step_completion/up_rear_transition_successes: 0.0000
Curriculum/step_completion/up_rear_skipped_riser_events: 0.0000
Curriculum/step_completion/up_rear_unsafe_events: 0.0000
Curriculum/step_completion/up_rear_skip_fraction: 0.0000
Curriculum/step_completion/up_rear_visited_intermediate_risers: 0.0000
Curriculum/step_completion/up_rear_same_tread_fraction: 0.0000
Curriculum/step_completion/up_rear_longest_strict_run: 0.0000
Curriculum/step_completion/up_rear_six_step_strict_fraction: 0.0000
Curriculum/step_completion/hl_stable_treads: 0.0000
Curriculum/step_completion/hr_stable_treads: 0.0000
Curriculum/step_completion/up_rear_lift_credit: 0.0000
   Curriculum/gait_quality/turn_samples: 0.0000
Curriculum/gait_quality/descent_samples: 0.0000
Curriculum/gait_quality/rear_support_samples: 0.0000
Curriculum/gait_quality/turn_clearance_mean_m: 0.0000
Curriculum/gait_quality/turn_reach_mean_m: 0.0000
Curriculum/gait_quality/turn_yaw_error_mean: 0.0000
Curriculum/gait_quality/rear_extension_mean_m: 0.0000
Curriculum/gait_quality/rear_fold_support_fraction: 0.0000
 Curriculum/gait_quality/ascent_samples: 0.0000
Curriculum/gait_quality/front_support_samples: 0.0000
Curriculum/gait_quality/front_extension_mean_m: 0.0000
Curriculum/gait_quality/front_knee_abs_mean_rad: 0.0000
Curriculum/gait_quality/front_fold_support_fraction: 0.0000
Curriculum/gait_quality/front_swing_samples: 0.0000
Curriculum/gait_quality/front_extreme_swing_fold_fraction: 0.0000
Curriculum/gait_quality/front_loaded_a_mean_deg: 0.0000
Curriculum/gait_quality/front_loaded_a_low_fraction: 0.0000
Curriculum/gait_quality/front_loaded_a_min_deg: 0.0000
Curriculum/gait_quality/fl_loaded_samples: 0.0000
Curriculum/gait_quality/fl_loaded_a_mean_deg: 0.0000
Curriculum/gait_quality/fl_loaded_a_low_fraction: 0.0000
Curriculum/gait_quality/fr_loaded_samples: 0.0000
Curriculum/gait_quality/fr_loaded_a_mean_deg: 0.0000
Curriculum/gait_quality/fr_loaded_a_low_fraction: 0.0000
Curriculum/gait_quality/front_swing_a_mean_deg: 0.0000
Curriculum/gait_quality/front_swing_a_low_fraction: 0.0000
Curriculum/gait_quality/front_swing_a_min_deg: 0.0000
Curriculum/gait_quality/fl_swing_samples: 0.0000
Curriculum/gait_quality/fl_swing_a_mean_deg: 0.0000
Curriculum/gait_quality/fl_swing_a_low_fraction: 0.0000
Curriculum/gait_quality/fr_swing_samples: 0.0000
Curriculum/gait_quality/fr_swing_a_mean_deg: 0.0000
Curriculum/gait_quality/fr_swing_a_low_fraction: 0.0000
Curriculum/gait_quality/rear_forward_samples: 0.0000
Curriculum/gait_quality/rear_forward_excess_fraction: 0.0000
Curriculum/gait_quality/rear_body_b_mean_deg: 0.0000
Curriculum/gait_quality/rear_gravity_g_mean_deg: 0.0000
 Curriculum/gait_quality/rear_b_max_deg: 0.0000
 Curriculum/gait_quality/rear_g_max_deg: 0.0000
Curriculum/gait_quality/hl_loaded_samples: 0.0000
Curriculum/gait_quality/hl_body_b_mean_deg: 0.0000
Curriculum/gait_quality/hl_gravity_g_mean_deg: 0.0000
Curriculum/gait_quality/hl_forward_excess_fraction: 0.0000
Curriculum/gait_quality/hr_loaded_samples: 0.0000
Curriculum/gait_quality/hr_body_b_mean_deg: 0.0000
Curriculum/gait_quality/hr_gravity_g_mean_deg: 0.0000
Curriculum/gait_quality/hr_forward_excess_fraction: 0.0000
Curriculum/gait_quality/rear_entry_samples: 0.0000
Curriculum/gait_quality/rear_entry_b_mean_deg: 0.0000
Curriculum/gait_quality/rear_entry_g_mean_deg: 0.0000
Curriculum/gait_quality/front_body_gap_samples: 0.0000
Curriculum/gait_quality/front_body_gap_mean_m: 0.0000
Curriculum/gait_quality/front_body_gap_low_fraction: 0.0000
Curriculum/gait_quality/loaded_without_local_map_samples: 0.0000
    Curriculum/ascent_direction/samples: 0.0000
Curriculum/ascent_direction/lateral_error_mean_m: 0.0000
Curriculum/ascent_direction/lateral_error_max_m: 0.0000
Curriculum/ascent_direction/lateral_speed_mean_m_s: 0.0000
Curriculum/ascent_direction/heading_error_mean_deg: 0.0000
Curriculum/ascent_direction/outside_tolerance_fraction: 0.0000
  Curriculum/ascent_direction/cost_mean: 0.0000
       Curriculum/terrain_level_overall: 0.0111
Curriculum/terrain_level_pyramid_stairs: 0.0000
Curriculum/terrain_level_pyramid_stairs_inv: 0.0000
         Curriculum/terrain_level_boxes: 0.0000
  Curriculum/terrain_level_random_rough: 0.2361
Curriculum/terrain_level_hf_pyramid_slope: 0.0000
Curriculum/terrain_level_hf_pyramid_slope_inv: 0.0000
          Curriculum/terrain_level_flat: 0.0000
     Metrics/base_velocity/error_vel_xy: 0.2241
    Metrics/base_velocity/error_vel_yaw: 0.1721
           Metrics/base_velocity/base_z: 0.5775
         Metrics/base_velocity/knee_pos: 0.3624
           Episode_Termination/time_out: 0.4323
Episode_Termination/terrain_out_of_bounds: 0.0000
  Episode_Termination/bad_orientation_2: 0.0000
--------------------------------------------------------------------------------
                         Iteration time: 2.69s
                           Time elapsed: 00:01:08
                                    ETA: 00:01:22

################################################################################
[1m                            Learning iteration 25/55                            [0m 

                               Run name: preservation_smoke
                            Total steps: 39936 
                       Steps per second: 574 
                        Collection time: 2.631s 
                          Learning time: 0.042s 
                        Mean value loss: 0.0824
                    Mean surrogate loss: -0.0000
                      Mean entropy loss: 6.2641
                       Mean anchor loss: 0.0000
                Mean critic_warmup loss: 1.0000
                            Mean reward: 40.11
                    Mean episode length: 309.89
                        Mean action std: 0.37
            Episode_Reward/lin_vel_z_l2: -0.0189
           Episode_Reward/ang_vel_xy_l2: -0.0143
        Episode_Reward/joint_torques_l2: 0.0000
            Episode_Reward/joint_acc_l2: -0.0576
  Episode_Reward/hipx_joint_pos_penalty: -0.2457
  Episode_Reward/hipy_joint_pos_penalty: -0.1763
  Episode_Reward/knee_joint_pos_penalty: -0.1963
            Episode_Reward/joint_mirror: 0.0000
          Episode_Reward/action_rate_l2: 0.0000
        Episode_Reward/action_smooth_l2: 0.0000
      Episode_Reward/undesired_contacts: 0.0000
          Episode_Reward/contact_forces: 0.0000
    Episode_Reward/track_lin_vel_xy_exp: 2.6286
     Episode_Reward/track_ang_vel_z_exp: 1.6194
 Episode_Reward/feet_air_time_ang_z_M20: 0.0000
    Episode_Reward/feet_slide_ang_z_cmd: 0.0000
             Episode_Reward/stand_still: 0.0000
    Episode_Reward/rotation_gait_status: 0.0000
  Episode_Reward/rotation_gait_symmetry: 0.0000
 Episode_Reward/bad_orientation_penalty: 0.0000
      Episode_Reward/joint_acc_wheel_l2: -0.0364
  Episode_Reward/stair_orientation_cost: -0.0474
  Episode_Reward/stair_forward_progress: 0.0000
  Episode_Reward/stair_front_wheel_lift: 0.0000
Episode_Reward/stair_forward_motion_cost: 0.0000
Episode_Reward/stair_ascent_direction_cost: 0.0000
Episode_Reward/stair_front_wheel_touchdown: 0.0000
Episode_Reward/stair_front_single_support: 0.0000
Episode_Reward/stair_diagonal_support_symmetry: 0.0000
 Episode_Reward/stair_front_alternation: 0.0000
Episode_Reward/stair_up_step_completion: 0.0000
  Episode_Reward/stair_up_task_crossing: 0.0000
Episode_Reward/stair_up_rear_step_completion: 0.0000
   Episode_Reward/stair_rear_wheel_lift: 0.0000
Episode_Reward/stair_descent_rear_forward_cost: 0.0000
Episode_Reward/stair_ascent_front_body_clearance_cost: 0.0000
Episode_Reward/stair_up_order_violation_cost: 0.0000
Episode_Reward/stair_up_same_tread_cost: 0.0000
Episode_Reward/stair_up_same_tread_dwell_cost: 0.0000
Episode_Reward/stair_descent_rear_fold_cost: 0.0000
Episode_Reward/stair_ascent_front_fold_cost: 0.0000
    Episode_Reward/turn_swing_size_cost: 0.0000
Episode_Reward/stair_down_step_completion: 0.0000
Episode_Reward/stair_front_riser_face_cost: 0.0000
Episode_Reward/stair_descent_rear_support: 0.0000
       Episode_Reward/stair_impact_cost: 0.0000
Episode_Reward/stair_non_wheel_contact_cost: 0.0000
Episode_Reward/stair_non_wheel_scrape_cost: 0.0000
 Episode_Reward/stair_joint_effort_cost: 0.0000
Episode_Reward/stair_joint_acceleration_cost: 0.0000
Episode_Reward/stair_mechanical_power_cost: 0.0000
              Curriculum/terrain_levels: 0.0156
                  Curriculum/gait_level: 0.0506
 Curriculum/step_completion/up_attempts: 0.0000
Curriculum/step_completion/up_successes: 0.0000
Curriculum/step_completion/up_success_rate: 0.0000
Curriculum/step_completion/up_rear_successes: 0.0000
Curriculum/step_completion/up_front_violations: 0.0000
Curriculum/step_completion/up_rear_violations: 0.0000
Curriculum/step_completion/up_front_same_tread_events: 0.0000
Curriculum/step_completion/up_front_same_tread_dwell_s: 0.0000
Curriculum/step_completion/up_rear_same_tread_events: 0.0000
Curriculum/step_completion/up_rear_same_tread_dwell_s: 0.0000
Curriculum/step_completion/up_targets_started: 0.0000
Curriculum/step_completion/up_lift_credit: 0.0000
  Curriculum/step_completion/up_retries: 0.0000
Curriculum/step_completion/up_abandoned_targets: 0.0000
Curriculum/step_completion/up_retreat_fraction: 0.0000
Curriculum/step_completion/up_stationary_fraction: 0.0000
Curriculum/step_completion/down_attempts: 0.0000
Curriculum/step_completion/down_successes: 0.0000
Curriculum/step_completion/down_success_rate: 0.0000
Curriculum/step_completion/forward_gate_fraction: 0.0000
Curriculum/step_completion/nearby_gate_fraction: 0.0000
Curriculum/step_completion/registered_risers: 0.0000
Curriculum/step_completion/up_whole_body_crossings: 0.0000
Curriculum/step_completion/up_whole_body_crossing_coverage: 0.0000
Curriculum/step_completion/up_front_registered_intermediate_risers: 0.0000
Curriculum/step_completion/up_front_landing_coverage: 0.0000
Curriculum/step_completion/up_front_strict_coverage: 0.0000
Curriculum/step_completion/up_front_physical_landings: 0.0000
Curriculum/step_completion/up_front_transition_successes: 0.0000
Curriculum/step_completion/up_front_skipped_riser_events: 0.0000
Curriculum/step_completion/up_front_unsafe_events: 0.0000
Curriculum/step_completion/up_front_skip_fraction: 0.0000
Curriculum/step_completion/up_front_visited_intermediate_risers: 0.0000
Curriculum/step_completion/up_front_same_tread_fraction: 0.0000
Curriculum/step_completion/up_front_longest_strict_run: 0.0000
Curriculum/step_completion/up_front_six_step_strict_fraction: 0.0000
Curriculum/step_completion/fl_stable_treads: 0.0000
Curriculum/step_completion/fr_stable_treads: 0.0000
Curriculum/step_completion/up_rear_registered_intermediate_risers: 0.0000
Curriculum/step_completion/up_rear_landing_coverage: 0.0000
Curriculum/step_completion/up_rear_strict_coverage: 0.0000
Curriculum/step_completion/up_rear_physical_landings: 0.0000
Curriculum/step_completion/up_rear_transition_successes: 0.0000
Curriculum/step_completion/up_rear_skipped_riser_events: 0.0000
Curriculum/step_completion/up_rear_unsafe_events: 0.0000
Curriculum/step_completion/up_rear_skip_fraction: 0.0000
Curriculum/step_completion/up_rear_visited_intermediate_risers: 0.0000
Curriculum/step_completion/up_rear_same_tread_fraction: 0.0000
Curriculum/step_completion/up_rear_longest_strict_run: 0.0000
Curriculum/step_completion/up_rear_six_step_strict_fraction: 0.0000
Curriculum/step_completion/hl_stable_treads: 0.0000
Curriculum/step_completion/hr_stable_treads: 0.0000
Curriculum/step_completion/up_rear_lift_credit: 0.0000
   Curriculum/gait_quality/turn_samples: 0.0000
Curriculum/gait_quality/descent_samples: 0.0000
Curriculum/gait_quality/rear_support_samples: 0.0000
Curriculum/gait_quality/turn_clearance_mean_m: 0.0000
Curriculum/gait_quality/turn_reach_mean_m: 0.0000
Curriculum/gait_quality/turn_yaw_error_mean: 0.0000
Curriculum/gait_quality/rear_extension_mean_m: 0.0000
Curriculum/gait_quality/rear_fold_support_fraction: 0.0000
 Curriculum/gait_quality/ascent_samples: 0.0000
Curriculum/gait_quality/front_support_samples: 0.0000
Curriculum/gait_quality/front_extension_mean_m: 0.0000
Curriculum/gait_quality/front_knee_abs_mean_rad: 0.0000
Curriculum/gait_quality/front_fold_support_fraction: 0.0000
Curriculum/gait_quality/front_swing_samples: 0.0000
Curriculum/gait_quality/front_extreme_swing_fold_fraction: 0.0000
Curriculum/gait_quality/front_loaded_a_mean_deg: 0.0000
Curriculum/gait_quality/front_loaded_a_low_fraction: 0.0000
Curriculum/gait_quality/front_loaded_a_min_deg: 0.0000
Curriculum/gait_quality/fl_loaded_samples: 0.0000
Curriculum/gait_quality/fl_loaded_a_mean_deg: 0.0000
Curriculum/gait_quality/fl_loaded_a_low_fraction: 0.0000
Curriculum/gait_quality/fr_loaded_samples: 0.0000
Curriculum/gait_quality/fr_loaded_a_mean_deg: 0.0000
Curriculum/gait_quality/fr_loaded_a_low_fraction: 0.0000
Curriculum/gait_quality/front_swing_a_mean_deg: 0.0000
Curriculum/gait_quality/front_swing_a_low_fraction: 0.0000
Curriculum/gait_quality/front_swing_a_min_deg: 0.0000
Curriculum/gait_quality/fl_swing_samples: 0.0000
Curriculum/gait_quality/fl_swing_a_mean_deg: 0.0000
Curriculum/gait_quality/fl_swing_a_low_fraction: 0.0000
Curriculum/gait_quality/fr_swing_samples: 0.0000
Curriculum/gait_quality/fr_swing_a_mean_deg: 0.0000
Curriculum/gait_quality/fr_swing_a_low_fraction: 0.0000
Curriculum/gait_quality/rear_forward_samples: 0.0000
Curriculum/gait_quality/rear_forward_excess_fraction: 0.0000
Curriculum/gait_quality/rear_body_b_mean_deg: 0.0000
Curriculum/gait_quality/rear_gravity_g_mean_deg: 0.0000
 Curriculum/gait_quality/rear_b_max_deg: 0.0000
 Curriculum/gait_quality/rear_g_max_deg: 0.0000
Curriculum/gait_quality/hl_loaded_samples: 0.0000
Curriculum/gait_quality/hl_body_b_mean_deg: 0.0000
Curriculum/gait_quality/hl_gravity_g_mean_deg: 0.0000
Curriculum/gait_quality/hl_forward_excess_fraction: 0.0000
Curriculum/gait_quality/hr_loaded_samples: 0.0000
Curriculum/gait_quality/hr_body_b_mean_deg: 0.0000
Curriculum/gait_quality/hr_gravity_g_mean_deg: 0.0000
Curriculum/gait_quality/hr_forward_excess_fraction: 0.0000
Curriculum/gait_quality/rear_entry_samples: 0.0000
Curriculum/gait_quality/rear_entry_b_mean_deg: 0.0000
Curriculum/gait_quality/rear_entry_g_mean_deg: 0.0000
Curriculum/gait_quality/front_body_gap_samples: 0.0000
Curriculum/gait_quality/front_body_gap_mean_m: 0.0000
Curriculum/gait_quality/front_body_gap_low_fraction: 0.0000
Curriculum/gait_quality/loaded_without_local_map_samples: 0.0000
    Curriculum/ascent_direction/samples: 0.0000
Curriculum/ascent_direction/lateral_error_mean_m: 0.0000
Curriculum/ascent_direction/lateral_error_max_m: 0.0000
Curriculum/ascent_direction/lateral_speed_mean_m_s: 0.0000
Curriculum/ascent_direction/heading_error_mean_deg: 0.0000
Curriculum/ascent_direction/outside_tolerance_fraction: 0.0000
  Curriculum/ascent_direction/cost_mean: 0.0000
       Curriculum/terrain_level_overall: 0.0156
Curriculum/terrain_level_pyramid_stairs: 0.0000
Curriculum/terrain_level_pyramid_stairs_inv: 0.0000
         Curriculum/terrain_level_boxes: 0.0000
  Curriculum/terrain_level_random_rough: 0.3333
Curriculum/terrain_level_hf_pyramid_slope: 0.0000
Curriculum/terrain_level_hf_pyramid_slope_inv: 0.0000
          Curriculum/terrain_level_flat: 0.0000
     Metrics/base_velocity/error_vel_xy: 0.2338
    Metrics/base_velocity/error_vel_yaw: 0.1824
           Metrics/base_velocity/base_z: 0.5834
         Metrics/base_velocity/knee_pos: 0.4482
           Episode_Termination/time_out: 0.4375
Episode_Termination/terrain_out_of_bounds: 0.0000
  Episode_Termination/bad_orientation_2: 0.0000
--------------------------------------------------------------------------------
                         Iteration time: 2.67s
                           Time elapsed: 00:01:11
                                    ETA: 00:01:19

################################################################################
[1m                            Learning iteration 26/55                            [0m 

                               Run name: preservation_smoke
                            Total steps: 41472 
                       Steps per second: 551 
                        Collection time: 2.742s 
                          Learning time: 0.044s 
                        Mean value loss: 0.2903
                    Mean surrogate loss: 0.0000
                      Mean entropy loss: 6.2641
                       Mean anchor loss: 0.0000
                Mean critic_warmup loss: 1.0000
                            Mean reward: 45.22
                    Mean episode length: 350.94
                        Mean action std: 0.37
            Episode_Reward/lin_vel_z_l2: -0.0318
           Episode_Reward/ang_vel_xy_l2: -0.0136
        Episode_Reward/joint_torques_l2: -0.0002
            Episode_Reward/joint_acc_l2: -0.0463
  Episode_Reward/hipx_joint_pos_penalty: -0.1827
  Episode_Reward/hipy_joint_pos_penalty: -0.1252
  Episode_Reward/knee_joint_pos_penalty: -0.1387
            Episode_Reward/joint_mirror: -0.0002
          Episode_Reward/action_rate_l2: -0.0002
        Episode_Reward/action_smooth_l2: -0.0007
      Episode_Reward/undesired_contacts: -0.0010
          Episode_Reward/contact_forces: -0.0001
    Episode_Reward/track_lin_vel_xy_exp: 2.7751
     Episode_Reward/track_ang_vel_z_exp: 1.7050
 Episode_Reward/feet_air_time_ang_z_M20: 0.0000
    Episode_Reward/feet_slide_ang_z_cmd: 0.0000
             Episode_Reward/stand_still: 0.0000
    Episode_Reward/rotation_gait_status: 0.0000
  Episode_Reward/rotation_gait_symmetry: 0.0000
 Episode_Reward/bad_orientation_penalty: 0.0000
      Episode_Reward/joint_acc_wheel_l2: -0.0425
  Episode_Reward/stair_orientation_cost: -0.0513
  Episode_Reward/stair_forward_progress: 0.0396
  Episode_Reward/stair_front_wheel_lift: 0.0142
Episode_Reward/stair_forward_motion_cost: -0.0022
Episode_Reward/stair_ascent_direction_cost: -0.0271
Episode_Reward/stair_front_wheel_touchdown: 0.0125
Episode_Reward/stair_front_single_support: 0.0022
Episode_Reward/stair_diagonal_support_symmetry: 0.0008
 Episode_Reward/stair_front_alternation: 0.0000
Episode_Reward/stair_up_step_completion: 0.0000
  Episode_Reward/stair_up_task_crossing: 0.0125
Episode_Reward/stair_up_rear_step_completion: 0.0000
   Episode_Reward/stair_rear_wheel_lift: 0.0070
Episode_Reward/stair_descent_rear_forward_cost: -0.0011
Episode_Reward/stair_ascent_front_body_clearance_cost: -0.0000
Episode_Reward/stair_up_order_violation_cost: -0.0656
Episode_Reward/stair_up_same_tread_cost: 0.0000
Episode_Reward/stair_up_same_tread_dwell_cost: 0.0000
Episode_Reward/stair_descent_rear_fold_cost: -0.0002
Episode_Reward/stair_ascent_front_fold_cost: -0.0037
    Episode_Reward/turn_swing_size_cost: 0.0000
Episode_Reward/stair_down_step_completion: 0.0563
Episode_Reward/stair_front_riser_face_cost: -0.0125
Episode_Reward/stair_descent_rear_support: 0.0131
       Episode_Reward/stair_impact_cost: -0.0004
Episode_Reward/stair_non_wheel_contact_cost: -0.0001
Episode_Reward/stair_non_wheel_scrape_cost: -0.0001
 Episode_Reward/stair_joint_effort_cost: -0.0008
Episode_Reward/stair_joint_acceleration_cost: -0.0018
Episode_Reward/stair_mechanical_power_cost: -0.0003
              Curriculum/terrain_levels: 0.0280
                  Curriculum/gait_level: 0.0512
 Curriculum/step_completion/up_attempts: 1.5000
Curriculum/step_completion/up_successes: 0.3750
Curriculum/step_completion/up_success_rate: 0.1042
Curriculum/step_completion/up_rear_successes: 0.1250
Curriculum/step_completion/up_front_violations: 1.1250
Curriculum/step_completion/up_rear_violations: 1.5000
Curriculum/step_completion/up_front_same_tread_events: 0.0000
Curriculum/step_completion/up_front_same_tread_dwell_s: 0.0000
Curriculum/step_completion/up_rear_same_tread_events: 0.0000
Curriculum/step_completion/up_rear_same_tread_dwell_s: 0.0000
Curriculum/step_completion/up_targets_started: 1.1250
Curriculum/step_completion/up_lift_credit: 0.5665
  Curriculum/step_completion/up_retries: 0.0000
Curriculum/step_completion/up_abandoned_targets: 0.0000
Curriculum/step_completion/up_retreat_fraction: 0.0000
Curriculum/step_completion/up_stationary_fraction: 0.0000
Curriculum/step_completion/down_attempts: 0.7500
Curriculum/step_completion/down_successes: 0.3750
Curriculum/step_completion/down_success_rate: 0.1875
Curriculum/step_completion/forward_gate_fraction: 0.0787
Curriculum/step_completion/nearby_gate_fraction: 0.2413
Curriculum/step_completion/registered_risers: 2.7500
Curriculum/step_completion/up_whole_body_crossings: 0.1250
Curriculum/step_completion/up_whole_body_crossing_coverage: 0.0089
Curriculum/step_completion/up_front_registered_intermediate_risers: 1.5000
Curriculum/step_completion/up_front_landing_coverage: 0.2411
Curriculum/step_completion/up_front_strict_coverage: 0.0104
Curriculum/step_completion/up_front_physical_landings: 1.5000
Curriculum/step_completion/up_front_transition_successes: 0.0000
Curriculum/step_completion/up_front_skipped_riser_events: 0.3750
Curriculum/step_completion/up_front_unsafe_events: 0.6250
Curriculum/step_completion/up_front_skip_fraction: 0.0625
Curriculum/step_completion/up_front_visited_intermediate_risers: 0.5000
Curriculum/step_completion/up_front_same_tread_fraction: 0.0000
Curriculum/step_completion/up_front_longest_strict_run: 0.1250
Curriculum/step_completion/up_front_six_step_strict_fraction: 0.0000
Curriculum/step_completion/fl_stable_treads: 0.5000
Curriculum/step_completion/fr_stable_treads: 1.2500
Curriculum/step_completion/up_rear_registered_intermediate_risers: 1.5000
Curriculum/step_completion/up_rear_landing_coverage: 0.1161
Curriculum/step_completion/up_rear_strict_coverage: 0.0104
Curriculum/step_completion/up_rear_physical_landings: 1.6250
Curriculum/step_completion/up_rear_transition_successes: 0.0000
Curriculum/step_completion/up_rear_skipped_riser_events: 0.1250
Curriculum/step_completion/up_rear_unsafe_events: 1.1250
Curriculum/step_completion/up_rear_skip_fraction: 0.0096
Curriculum/step_completion/up_rear_visited_intermediate_risers: 1.3750
Curriculum/step_completion/up_rear_same_tread_fraction: 0.0000
Curriculum/step_completion/up_rear_longest_strict_run: 0.1250
Curriculum/step_completion/up_rear_six_step_strict_fraction: 0.0000
Curriculum/step_completion/hl_stable_treads: 0.3750
Curriculum/step_completion/hr_stable_treads: 1.5000
Curriculum/step_completion/up_rear_lift_credit: 0.2815
   Curriculum/gait_quality/turn_samples: 0.0000
Curriculum/gait_quality/descent_samples: 34.6250
Curriculum/gait_quality/rear_support_samples: 44.1250
Curriculum/gait_quality/turn_clearance_mean_m: 0.0000
Curriculum/gait_quality/turn_reach_mean_m: 0.0000
Curriculum/gait_quality/turn_yaw_error_mean: 0.0000
Curriculum/gait_quality/rear_extension_mean_m: 0.1644
Curriculum/gait_quality/rear_fold_support_fraction: 0.0376
 Curriculum/gait_quality/ascent_samples: 21.0000
Curriculum/gait_quality/front_support_samples: 13.2500
Curriculum/gait_quality/front_extension_mean_m: 0.0506
Curriculum/gait_quality/front_knee_abs_mean_rad: 0.1758
Curriculum/gait_quality/front_fold_support_fraction: 0.0519
Curriculum/gait_quality/front_swing_samples: 28.7500
Curriculum/gait_quality/front_extreme_swing_fold_fraction: 0.0647
Curriculum/gait_quality/front_loaded_a_mean_deg: 12.4270
Curriculum/gait_quality/front_loaded_a_low_fraction: 0.0519
Curriculum/gait_quality/front_loaded_a_min_deg: 5.5801
Curriculum/gait_quality/fl_loaded_samples: 7.0000
Curriculum/gait_quality/fl_loaded_a_mean_deg: 11.2174
Curriculum/gait_quality/fl_loaded_a_low_fraction: 0.0781
Curriculum/gait_quality/fr_loaded_samples: 6.2500
Curriculum/gait_quality/fr_loaded_a_mean_deg: 13.7817
Curriculum/gait_quality/fr_loaded_a_low_fraction: 0.0225
Curriculum/gait_quality/front_swing_a_mean_deg: 9.6324
Curriculum/gait_quality/front_swing_a_low_fraction: 0.0647
Curriculum/gait_quality/front_swing_a_min_deg: 3.4194
Curriculum/gait_quality/fl_swing_samples: 14.0000
Curriculum/gait_quality/fl_swing_a_mean_deg: 9.7194
Curriculum/gait_quality/fl_swing_a_low_fraction: 0.0703
Curriculum/gait_quality/fr_swing_samples: 14.7500
Curriculum/gait_quality/fr_swing_a_mean_deg: 9.5499
Curriculum/gait_quality/fr_swing_a_low_fraction: 0.0593
Curriculum/gait_quality/rear_forward_samples: 44.1250
Curriculum/gait_quality/rear_forward_excess_fraction: 0.0608
Curriculum/gait_quality/rear_body_b_mean_deg: 3.1961
Curriculum/gait_quality/rear_gravity_g_mean_deg: 0.1065
 Curriculum/gait_quality/rear_b_max_deg: 19.5200
 Curriculum/gait_quality/rear_g_max_deg: 13.3231
Curriculum/gait_quality/hl_loaded_samples: 22.6250
Curriculum/gait_quality/hl_body_b_mean_deg: 3.7205
Curriculum/gait_quality/hl_gravity_g_mean_deg: 0.7397
Curriculum/gait_quality/hl_forward_excess_fraction: 0.0867
Curriculum/gait_quality/hr_loaded_samples: 21.5000
Curriculum/gait_quality/hr_body_b_mean_deg: 2.8125
Curriculum/gait_quality/hr_gravity_g_mean_deg: -0.3857
Curriculum/gait_quality/hr_forward_excess_fraction: 0.0353
Curriculum/gait_quality/rear_entry_samples: 15.5000
Curriculum/gait_quality/rear_entry_b_mean_deg: 5.7084
Curriculum/gait_quality/rear_entry_g_mean_deg: 2.4347
Curriculum/gait_quality/front_body_gap_samples: 21.0000
Curriculum/gait_quality/front_body_gap_mean_m: 0.0404
Curriculum/gait_quality/front_body_gap_low_fraction: 0.0037
Curriculum/gait_quality/loaded_without_local_map_samples: 0.0000
    Curriculum/ascent_direction/samples: 38.6250
Curriculum/ascent_direction/lateral_error_mean_m: 0.0450
Curriculum/ascent_direction/lateral_error_max_m: 0.1492
Curriculum/ascent_direction/lateral_speed_mean_m_s: 0.1090
Curriculum/ascent_direction/heading_error_mean_deg: 2.6363
Curriculum/ascent_direction/outside_tolerance_fraction: 0.1678
  Curriculum/ascent_direction/cost_mean: 0.1414
       Curriculum/terrain_level_overall: 0.0280
Curriculum/terrain_level_pyramid_stairs: 0.0290
Curriculum/terrain_level_pyramid_stairs_inv: 0.0057
         Curriculum/terrain_level_boxes: 0.0000
  Curriculum/terrain_level_random_rough: 0.3333
Curriculum/terrain_level_hf_pyramid_slope: 0.0000
Curriculum/terrain_level_hf_pyramid_slope_inv: 0.0000
          Curriculum/terrain_level_flat: 0.0000
     Metrics/base_velocity/error_vel_xy: 0.2592
    Metrics/base_velocity/error_vel_yaw: 0.2066
           Metrics/base_velocity/base_z: 0.4228
         Metrics/base_velocity/knee_pos: 0.5582
           Episode_Termination/time_out: 0.4655
Episode_Termination/terrain_out_of_bounds: 0.0000
  Episode_Termination/bad_orientation_2: 0.0000
--------------------------------------------------------------------------------
                         Iteration time: 2.79s
                           Time elapsed: 00:01:14
                                    ETA: 00:01:17

################################################################################
[1m                            Learning iteration 27/55                            [0m 

                               Run name: preservation_smoke
                            Total steps: 43008 
                       Steps per second: 566 
                        Collection time: 2.669s 
                          Learning time: 0.044s 
                        Mean value loss: 0.1072
                    Mean surrogate loss: -0.0000
                      Mean entropy loss: 6.2641
                       Mean anchor loss: 0.0000
                Mean critic_warmup loss: 1.0000
                            Mean reward: 48.27
                    Mean episode length: 377.86
                        Mean action std: 0.37
            Episode_Reward/lin_vel_z_l2: -0.0265
           Episode_Reward/ang_vel_xy_l2: -0.0115
        Episode_Reward/joint_torques_l2: -0.0002
            Episode_Reward/joint_acc_l2: -0.0384
  Episode_Reward/hipx_joint_pos_penalty: -0.1682
  Episode_Reward/hipy_joint_pos_penalty: -0.0892
  Episode_Reward/knee_joint_pos_penalty: -0.1007
            Episode_Reward/joint_mirror: -0.0002
          Episode_Reward/action_rate_l2: -0.0003
        Episode_Reward/action_smooth_l2: -0.0012
      Episode_Reward/undesired_contacts: -0.0001
          Episode_Reward/contact_forces: -0.0001
    Episode_Reward/track_lin_vel_xy_exp: 2.9834
     Episode_Reward/track_ang_vel_z_exp: 1.8206
 Episode_Reward/feet_air_time_ang_z_M20: 0.0000
    Episode_Reward/feet_slide_ang_z_cmd: 0.0000
             Episode_Reward/stand_still: 0.0000
    Episode_Reward/rotation_gait_status: 0.0000
  Episode_Reward/rotation_gait_symmetry: 0.0000
 Episode_Reward/bad_orientation_penalty: 0.0000
      Episode_Reward/joint_acc_wheel_l2: -0.0446
  Episode_Reward/stair_orientation_cost: -0.0465
  Episode_Reward/stair_forward_progress: 0.0670
  Episode_Reward/stair_front_wheel_lift: 0.0320
Episode_Reward/stair_forward_motion_cost: -0.0094
Episode_Reward/stair_ascent_direction_cost: -0.1933
Episode_Reward/stair_front_wheel_touchdown: 0.0120
Episode_Reward/stair_front_single_support: 0.0038
Episode_Reward/stair_diagonal_support_symmetry: 0.0015
 Episode_Reward/stair_front_alternation: 0.0016
Episode_Reward/stair_up_step_completion: 0.0188
  Episode_Reward/stair_up_task_crossing: 0.0792
Episode_Reward/stair_up_rear_step_completion: 0.0000
   Episode_Reward/stair_rear_wheel_lift: 0.0271
Episode_Reward/stair_descent_rear_forward_cost: -0.0004
Episode_Reward/stair_ascent_front_body_clearance_cost: -0.0000
Episode_Reward/stair_up_order_violation_cost: -0.1740
Episode_Reward/stair_up_same_tread_cost: -0.0656
Episode_Reward/stair_up_same_tread_dwell_cost: 0.0000
Episode_Reward/stair_descent_rear_fold_cost: -0.0021
Episode_Reward/stair_ascent_front_fold_cost: -0.0116
    Episode_Reward/turn_swing_size_cost: 0.0000
Episode_Reward/stair_down_step_completion: 0.0625
Episode_Reward/stair_front_riser_face_cost: -0.0354
Episode_Reward/stair_descent_rear_support: 0.0146
       Episode_Reward/stair_impact_cost: -0.0003
Episode_Reward/stair_non_wheel_contact_cost: -0.0000
Episode_Reward/stair_non_wheel_scrape_cost: -0.0000
 Episode_Reward/stair_joint_effort_cost: -0.0008
Episode_Reward/stair_joint_acceleration_cost: -0.0017
Episode_Reward/stair_mechanical_power_cost: -0.0003
              Curriculum/terrain_levels: 0.0579
                  Curriculum/gait_level: 0.0528
 Curriculum/step_completion/up_attempts: 3.1250
Curriculum/step_completion/up_successes: 0.9167
Curriculum/step_completion/up_success_rate: 0.1054
Curriculum/step_completion/up_rear_successes: 0.6667
Curriculum/step_completion/up_front_violations: 2.2083
Curriculum/step_completion/up_rear_violations: 4.7500
Curriculum/step_completion/up_front_same_tread_events: 0.5000
Curriculum/step_completion/up_front_same_tread_dwell_s: 0.0000
Curriculum/step_completion/up_rear_same_tread_events: 0.3750
Curriculum/step_completion/up_rear_same_tread_dwell_s: 0.0000
Curriculum/step_completion/up_targets_started: 2.4583
Curriculum/step_completion/up_lift_credit: 1.2811
  Curriculum/step_completion/up_retries: 0.2500
Curriculum/step_completion/up_abandoned_targets: 0.0000
Curriculum/step_completion/up_retreat_fraction: 0.0000
Curriculum/step_completion/up_stationary_fraction: 0.0000
Curriculum/step_completion/down_attempts: 0.8333
Curriculum/step_completion/down_successes: 0.4167
Curriculum/step_completion/down_success_rate: 0.2083
Curriculum/step_completion/forward_gate_fraction: 0.1671
Curriculum/step_completion/nearby_gate_fraction: 0.2136
Curriculum/step_completion/registered_risers: 6.2083
Curriculum/step_completion/up_whole_body_crossings: 0.7917
Curriculum/step_completion/up_whole_body_crossing_coverage: 0.0502
Curriculum/step_completion/up_front_registered_intermediate_risers: 5.1250
Curriculum/step_completion/up_front_landing_coverage: 0.2059
Curriculum/step_completion/up_front_strict_coverage: 0.0243
Curriculum/step_completion/up_front_physical_landings: 3.1250
Curriculum/step_completion/up_front_transition_successes: 0.1250
Curriculum/step_completion/up_front_skipped_riser_events: 1.3750
Curriculum/step_completion/up_front_unsafe_events: 0.9167
Curriculum/step_completion/up_front_skip_fraction: 0.1913
Curriculum/step_completion/up_front_visited_intermediate_risers: 2.1667
Curriculum/step_completion/up_front_same_tread_fraction: 0.0625
Curriculum/step_completion/up_front_longest_strict_run: 0.2917
Curriculum/step_completion/up_front_six_step_strict_fraction: 0.0000
Curriculum/step_completion/fl_stable_treads: 2.0417
Curriculum/step_completion/fr_stable_treads: 2.5417
Curriculum/step_completion/up_rear_registered_intermediate_risers: 5.1250
Curriculum/step_completion/up_rear_landing_coverage: 0.3664
Curriculum/step_completion/up_rear_strict_coverage: 0.0339
Curriculum/step_completion/up_rear_physical_landings: 5.4167
Curriculum/step_completion/up_rear_transition_successes: 0.0000
Curriculum/step_completion/up_rear_skipped_riser_events: 1.0417
Curriculum/step_completion/up_rear_unsafe_events: 3.6250
Curriculum/step_completion/up_rear_skip_fraction: 0.0801
Curriculum/step_completion/up_rear_visited_intermediate_risers: 4.4583
Curriculum/step_completion/up_rear_same_tread_fraction: 0.0375
Curriculum/step_completion/up_rear_longest_strict_run: 0.4167
Curriculum/step_completion/up_rear_six_step_strict_fraction: 0.0000
Curriculum/step_completion/hl_stable_treads: 1.6250
Curriculum/step_completion/hr_stable_treads: 5.1250
Curriculum/step_completion/up_rear_lift_credit: 1.0833
   Curriculum/gait_quality/turn_samples: 0.0000
Curriculum/gait_quality/descent_samples: 48.3333
Curriculum/gait_quality/rear_support_samples: 68.0417
Curriculum/gait_quality/turn_clearance_mean_m: 0.0000
Curriculum/gait_quality/turn_reach_mean_m: 0.0000
Curriculum/gait_quality/turn_yaw_error_mean: 0.0000
Curriculum/gait_quality/rear_extension_mean_m: 0.1718
Curriculum/gait_quality/rear_fold_support_fraction: 0.0895
 Curriculum/gait_quality/ascent_samples: 75.3750
Curriculum/gait_quality/front_support_samples: 53.1667
Curriculum/gait_quality/front_extension_mean_m: 0.1687
Curriculum/gait_quality/front_knee_abs_mean_rad: 0.5883
Curriculum/gait_quality/front_fold_support_fraction: 0.1695
Curriculum/gait_quality/front_swing_samples: 97.5833
Curriculum/gait_quality/front_extreme_swing_fold_fraction: 0.2032
Curriculum/gait_quality/front_loaded_a_mean_deg: 41.2910
Curriculum/gait_quality/front_loaded_a_low_fraction: 0.1695
Curriculum/gait_quality/front_loaded_a_min_deg: 20.1617
Curriculum/gait_quality/fl_loaded_samples: 26.2083
Curriculum/gait_quality/fl_loaded_a_mean_deg: 38.2184
Curriculum/gait_quality/fl_loaded_a_low_fraction: 0.2408
Curriculum/gait_quality/fr_loaded_samples: 26.9583
Curriculum/gait_quality/fr_loaded_a_mean_deg: 44.6517
Curriculum/gait_quality/fr_loaded_a_low_fraction: 0.0929
Curriculum/gait_quality/front_swing_a_mean_deg: 32.7201
Curriculum/gait_quality/front_swing_a_low_fraction: 0.2032
Curriculum/gait_quality/front_swing_a_min_deg: 12.3333
Curriculum/gait_quality/fl_swing_samples: 49.1667
Curriculum/gait_quality/fl_swing_a_mean_deg: 32.7639
Curriculum/gait_quality/fl_swing_a_low_fraction: 0.2209
Curriculum/gait_quality/fr_swing_samples: 48.4167
Curriculum/gait_quality/fr_swing_a_mean_deg: 32.7151
Curriculum/gait_quality/fr_swing_a_low_fraction: 0.1853
Curriculum/gait_quality/rear_forward_samples: 68.0417
Curriculum/gait_quality/rear_forward_excess_fraction: 0.0273
Curriculum/gait_quality/rear_body_b_mean_deg: 0.7172
Curriculum/gait_quality/rear_gravity_g_mean_deg: -2.1240
 Curriculum/gait_quality/rear_b_max_deg: 16.2913
 Curriculum/gait_quality/rear_g_max_deg: 11.4170
Curriculum/gait_quality/hl_loaded_samples: 34.8333
Curriculum/gait_quality/hl_body_b_mean_deg: 0.6009
Curriculum/gait_quality/hl_gravity_g_mean_deg: -2.1884
Curriculum/gait_quality/hl_forward_excess_fraction: 0.0341
Curriculum/gait_quality/hr_loaded_samples: 33.2083
Curriculum/gait_quality/hr_body_b_mean_deg: 1.1861
Curriculum/gait_quality/hr_gravity_g_mean_deg: -1.7161
Curriculum/gait_quality/hr_forward_excess_fraction: 0.0188
Curriculum/gait_quality/rear_entry_samples: 19.2083
Curriculum/gait_quality/rear_entry_b_mean_deg: 6.7742
Curriculum/gait_quality/rear_entry_g_mean_deg: 2.8801
Curriculum/gait_quality/front_body_gap_samples: 75.3750
Curriculum/gait_quality/front_body_gap_mean_m: 0.1364
Curriculum/gait_quality/front_body_gap_low_fraction: 0.0093
Curriculum/gait_quality/loaded_without_local_map_samples: 0.0000
    Curriculum/ascent_direction/samples: 124.1667
Curriculum/ascent_direction/lateral_error_mean_m: 0.1741
Curriculum/ascent_direction/lateral_error_max_m: 0.5321
Curriculum/ascent_direction/lateral_speed_mean_m_s: 0.1009
Curriculum/ascent_direction/heading_error_mean_deg: 5.8201
Curriculum/ascent_direction/outside_tolerance_fraction: 0.1932
  Curriculum/ascent_direction/cost_mean: 0.2594
       Curriculum/terrain_level_overall: 0.0579
Curriculum/terrain_level_pyramid_stairs: 0.0435
Curriculum/terrain_level_pyramid_stairs_inv: 0.0455
         Curriculum/terrain_level_boxes: 0.0000
  Curriculum/terrain_level_random_rough: 0.3333
Curriculum/terrain_level_hf_pyramid_slope: 0.0000
Curriculum/terrain_level_hf_pyramid_slope_inv: 0.0000
          Curriculum/terrain_level_flat: 0.1181
     Metrics/base_velocity/error_vel_xy: 0.2607
    Metrics/base_velocity/error_vel_yaw: 0.2099
           Metrics/base_velocity/base_z: 0.4420
         Metrics/base_velocity/knee_pos: 0.5084
           Episode_Termination/time_out: 0.5156
Episode_Termination/terrain_out_of_bounds: 0.0000
  Episode_Termination/bad_orientation_2: 0.0000
--------------------------------------------------------------------------------
                         Iteration time: 2.71s
                           Time elapsed: 00:01:17
                                    ETA: 00:01:14

################################################################################
[1m                            Learning iteration 28/55                            [0m 

                               Run name: preservation_smoke
                            Total steps: 44544 
                       Steps per second: 578 
                        Collection time: 2.604s 
                          Learning time: 0.050s 
                        Mean value loss: 0.1686
                    Mean surrogate loss: 0.0000
                      Mean entropy loss: 6.2641
                       Mean anchor loss: 0.0000
                Mean critic_warmup loss: 1.0000
                            Mean reward: 49.54
                    Mean episode length: 393.89
                        Mean action std: 0.37
            Episode_Reward/lin_vel_z_l2: -0.0425
           Episode_Reward/ang_vel_xy_l2: -0.0233
        Episode_Reward/joint_torques_l2: -0.0002
            Episode_Reward/joint_acc_l2: -0.0916
  Episode_Reward/hipx_joint_pos_penalty: -0.3164
  Episode_Reward/hipy_joint_pos_penalty: -0.1698
  Episode_Reward/knee_joint_pos_penalty: -0.2183
            Episode_Reward/joint_mirror: -0.0002
          Episode_Reward/action_rate_l2: -0.0002
        Episode_Reward/action_smooth_l2: -0.0015
      Episode_Reward/undesired_contacts: -0.0027
          Episode_Reward/contact_forces: -0.0001
    Episode_Reward/track_lin_vel_xy_exp: 2.9090
     Episode_Reward/track_ang_vel_z_exp: 1.7653
 Episode_Reward/feet_air_time_ang_z_M20: 0.0000
    Episode_Reward/feet_slide_ang_z_cmd: 0.0000
             Episode_Reward/stand_still: -0.0471
    Episode_Reward/rotation_gait_status: 0.0000
  Episode_Reward/rotation_gait_symmetry: 0.0000
 Episode_Reward/bad_orientation_penalty: 0.0000
      Episode_Reward/joint_acc_wheel_l2: -0.0417
  Episode_Reward/stair_orientation_cost: -0.1857
  Episode_Reward/stair_forward_progress: 0.1035
  Episode_Reward/stair_front_wheel_lift: 0.0694
Episode_Reward/stair_forward_motion_cost: -0.0179
Episode_Reward/stair_ascent_direction_cost: -0.6077
Episode_Reward/stair_front_wheel_touchdown: 0.0344
Episode_Reward/stair_front_single_support: 0.0059
Episode_Reward/stair_diagonal_support_symmetry: 0.0026
 Episode_Reward/stair_front_alternation: 0.0115
Episode_Reward/stair_up_step_completion: 0.1375
  Episode_Reward/stair_up_task_crossing: 0.0000
Episode_Reward/stair_up_rear_step_completion: 0.0000
   Episode_Reward/stair_rear_wheel_lift: 0.0214
Episode_Reward/stair_descent_rear_forward_cost: 0.0000
Episode_Reward/stair_ascent_front_body_clearance_cost: -0.0005
Episode_Reward/stair_up_order_violation_cost: -0.0688
Episode_Reward/stair_up_same_tread_cost: -0.0688
Episode_Reward/stair_up_same_tread_dwell_cost: 0.0000
Episode_Reward/stair_descent_rear_fold_cost: -0.0000
Episode_Reward/stair_ascent_front_fold_cost: -0.0106
    Episode_Reward/turn_swing_size_cost: 0.0000
Episode_Reward/stair_down_step_completion: 0.1375
Episode_Reward/stair_front_riser_face_cost: -0.0688
Episode_Reward/stair_descent_rear_support: 0.0321
       Episode_Reward/stair_impact_cost: -0.0005
Episode_Reward/stair_non_wheel_contact_cost: -0.0004
Episode_Reward/stair_non_wheel_scrape_cost: -0.0003
 Episode_Reward/stair_joint_effort_cost: -0.0010
Episode_Reward/stair_joint_acceleration_cost: -0.0021
Episode_Reward/stair_mechanical_power_cost: -0.0004
              Curriculum/terrain_levels: 0.0625
                  Curriculum/gait_level: 0.0530
 Curriculum/step_completion/up_attempts: 5.5000
Curriculum/step_completion/up_successes: 3.6667
Curriculum/step_completion/up_success_rate: 0.6111
Curriculum/step_completion/up_rear_successes: 0.9167
Curriculum/step_completion/up_front_violations: 1.8333
Curriculum/step_completion/up_rear_violations: 0.9167
Curriculum/step_completion/up_front_same_tread_events: 0.9167
Curriculum/step_completion/up_front_same_tread_dwell_s: 0.0000
Curriculum/step_completion/up_rear_same_tread_events: 0.0000
Curriculum/step_completion/up_rear_same_tread_dwell_s: 0.0000
Curriculum/step_completion/up_targets_started: 4.5833
Curriculum/step_completion/up_lift_credit: 2.7750
  Curriculum/step_completion/up_retries: 0.0000
Curriculum/step_completion/up_abandoned_targets: 0.0000
Curriculum/step_completion/up_retreat_fraction: 0.0000
Curriculum/step_completion/up_stationary_fraction: 0.0000
Curriculum/step_completion/down_attempts: 1.8333
Curriculum/step_completion/down_successes: 0.9167
Curriculum/step_completion/down_success_rate: 0.4583
Curriculum/step_completion/forward_gate_fraction: 0.1860
Curriculum/step_completion/nearby_gate_fraction: 0.2159
Curriculum/step_completion/registered_risers: 6.4167
Curriculum/step_completion/up_whole_body_crossings: 0.0000
Curriculum/step_completion/up_whole_body_crossing_coverage: 0.0000
Curriculum/step_completion/up_front_registered_intermediate_risers: 2.7500
Curriculum/step_completion/up_front_landing_coverage: 0.7857
Curriculum/step_completion/up_front_strict_coverage: 0.0000
Curriculum/step_completion/up_front_physical_landings: 5.5000
Curriculum/step_completion/up_front_transition_successes: 0.9167
Curriculum/step_completion/up_front_skipped_riser_events: 0.9167
Curriculum/step_completion/up_front_unsafe_events: 0.9167
Curriculum/step_completion/up_front_skip_fraction: 0.1528
Curriculum/step_completion/up_front_visited_intermediate_risers: 1.8333
Curriculum/step_completion/up_front_same_tread_fraction: 0.4583
Curriculum/step_completion/up_front_longest_strict_run: 0.0000
Curriculum/step_completion/up_front_six_step_strict_fraction: 0.0000
Curriculum/step_completion/fl_stable_treads: 1.8333
Curriculum/step_completion/fr_stable_treads: 4.5833
Curriculum/step_completion/up_rear_registered_intermediate_risers: 2.7500
Curriculum/step_completion/up_rear_landing_coverage: 0.2619
Curriculum/step_completion/up_rear_strict_coverage: 0.3056
Curriculum/step_completion/up_rear_physical_landings: 1.8333
Curriculum/step_completion/up_rear_transition_successes: 0.0000
Curriculum/step_completion/up_rear_skipped_riser_events: 0.9167
Curriculum/step_completion/up_rear_unsafe_events: 0.9167
Curriculum/step_completion/up_rear_skip_fraction: 0.4583
Curriculum/step_completion/up_rear_visited_intermediate_risers: 1.8333
Curriculum/step_completion/up_rear_same_tread_fraction: 0.0000
Curriculum/step_completion/up_rear_longest_strict_run: 0.9167
Curriculum/step_completion/up_rear_six_step_strict_fraction: 0.0000
Curriculum/step_completion/hl_stable_treads: 0.0000
Curriculum/step_completion/hr_stable_treads: 1.8333
Curriculum/step_completion/up_rear_lift_credit: 0.8569
   Curriculum/gait_quality/turn_samples: 0.0000
Curriculum/gait_quality/descent_samples: 112.7500
Curriculum/gait_quality/rear_support_samples: 117.3333
Curriculum/gait_quality/turn_clearance_mean_m: 0.0000
Curriculum/gait_quality/turn_reach_mean_m: 0.0000
Curriculum/gait_quality/turn_yaw_error_mean: 0.0000
Curriculum/gait_quality/rear_extension_mean_m: 0.4042
Curriculum/gait_quality/rear_fold_support_fraction: 0.0358
 Curriculum/gait_quality/ascent_samples: 123.7500
Curriculum/gait_quality/front_support_samples: 79.7500
Curriculum/gait_quality/front_extension_mean_m: 0.3971
Curriculum/gait_quality/front_knee_abs_mean_rad: 1.0718
Curriculum/gait_quality/front_fold_support_fraction: 0.2107
Curriculum/gait_quality/front_swing_samples: 167.7500
Curriculum/gait_quality/front_extreme_swing_fold_fraction: 0.2204
Curriculum/gait_quality/front_loaded_a_mean_deg: 103.5876
Curriculum/gait_quality/front_loaded_a_low_fraction: 0.2107
Curriculum/gait_quality/front_loaded_a_min_deg: 46.6427
Curriculum/gait_quality/fl_loaded_samples: 35.7500
Curriculum/gait_quality/fl_loaded_a_mean_deg: 118.9777
Curriculum/gait_quality/fl_loaded_a_low_fraction: 0.0000
Curriculum/gait_quality/fr_loaded_samples: 44.0000
Curriculum/gait_quality/fr_loaded_a_mean_deg: 91.0832
Curriculum/gait_quality/fr_loaded_a_low_fraction: 0.3819
Curriculum/gait_quality/front_swing_a_mean_deg: 85.6674
Curriculum/gait_quality/front_swing_a_low_fraction: 0.2204
Curriculum/gait_quality/front_swing_a_min_deg: 17.4682
Curriculum/gait_quality/fl_swing_samples: 88.0000
Curriculum/gait_quality/fl_swing_a_mean_deg: 95.4081
Curriculum/gait_quality/fl_swing_a_low_fraction: 0.1719
Curriculum/gait_quality/fr_swing_samples: 79.7500
Curriculum/gait_quality/fr_swing_a_mean_deg: 74.9191
Curriculum/gait_quality/fr_swing_a_low_fraction: 0.2739
Curriculum/gait_quality/rear_forward_samples: 117.3333
Curriculum/gait_quality/rear_forward_excess_fraction: 0.0000
Curriculum/gait_quality/rear_body_b_mean_deg: -0.4260
Curriculum/gait_quality/rear_gravity_g_mean_deg: -4.6863
 Curriculum/gait_quality/rear_b_max_deg: 11.8613
 Curriculum/gait_quality/rear_g_max_deg: 8.0425
Curriculum/gait_quality/hl_loaded_samples: 56.8333
Curriculum/gait_quality/hl_body_b_mean_deg: -4.3794
Curriculum/gait_quality/hl_gravity_g_mean_deg: -9.2786
Curriculum/gait_quality/hl_forward_excess_fraction: 0.0000
Curriculum/gait_quality/hr_loaded_samples: 60.5000
Curriculum/gait_quality/hr_body_b_mean_deg: 3.2879
Curriculum/gait_quality/hr_gravity_g_mean_deg: -0.3723
Curriculum/gait_quality/hr_forward_excess_fraction: 0.0000
Curriculum/gait_quality/rear_entry_samples: 28.4167
Curriculum/gait_quality/rear_entry_b_mean_deg: 2.2992
Curriculum/gait_quality/rear_entry_g_mean_deg: -4.4661
Curriculum/gait_quality/front_body_gap_samples: 123.7500
Curriculum/gait_quality/front_body_gap_mean_m: 0.3566
Curriculum/gait_quality/front_body_gap_low_fraction: 0.0883
Curriculum/gait_quality/loaded_without_local_map_samples: 0.0000
    Curriculum/ascent_direction/samples: 304.3333
Curriculum/ascent_direction/lateral_error_mean_m: 1.0594
Curriculum/ascent_direction/lateral_error_max_m: 4.0100
Curriculum/ascent_direction/lateral_speed_mean_m_s: 0.6559
Curriculum/ascent_direction/heading_error_mean_deg: 19.7446
Curriculum/ascent_direction/outside_tolerance_fraction: 0.4997
  Curriculum/ascent_direction/cost_mean: 0.9152
       Curriculum/terrain_level_overall: 0.0625
Curriculum/terrain_level_pyramid_stairs: 0.0435
Curriculum/terrain_level_pyramid_stairs_inv: 0.0455
         Curriculum/terrain_level_boxes: 0.0000
  Curriculum/terrain_level_random_rough: 0.3333
Curriculum/terrain_level_hf_pyramid_slope: 0.0000
Curriculum/terrain_level_hf_pyramid_slope_inv: 0.0000
          Curriculum/terrain_level_flat: 0.1667
     Metrics/base_velocity/error_vel_xy: 0.3217
    Metrics/base_velocity/error_vel_yaw: 0.3024
           Metrics/base_velocity/base_z: 0.6806
         Metrics/base_velocity/knee_pos: 0.7262
           Episode_Termination/time_out: 0.5762
Episode_Termination/terrain_out_of_bounds: 0.0000
  Episode_Termination/bad_orientation_2: 0.0000
--------------------------------------------------------------------------------
                         Iteration time: 2.65s
                           Time elapsed: 00:01:19
                                    ETA: 00:01:11

################################################################################
[1m                            Learning iteration 29/55                            [0m 

                               Run name: preservation_smoke
                            Total steps: 46080 
                       Steps per second: 578 
                        Collection time: 2.611s 
                          Learning time: 0.043s 
                        Mean value loss: 0.2991
                    Mean surrogate loss: -0.0000
                      Mean entropy loss: 6.2641
                       Mean anchor loss: 0.0000
                Mean critic_warmup loss: 1.0000
                            Mean reward: 50.52
                    Mean episode length: 401.89
                        Mean action std: 0.37
            Episode_Reward/lin_vel_z_l2: -0.0200
           Episode_Reward/ang_vel_xy_l2: -0.0158
        Episode_Reward/joint_torques_l2: -0.0005
            Episode_Reward/joint_acc_l2: -0.0502
  Episode_Reward/hipx_joint_pos_penalty: -0.3078
  Episode_Reward/hipy_joint_pos_penalty: -0.1280
  Episode_Reward/knee_joint_pos_penalty: -0.1179
            Episode_Reward/joint_mirror: -0.0003
          Episode_Reward/action_rate_l2: -0.0006
        Episode_Reward/action_smooth_l2: -0.0022
      Episode_Reward/undesired_contacts: -0.0001
          Episode_Reward/contact_forces: -0.0002
    Episode_Reward/track_lin_vel_xy_exp: 3.0979
     Episode_Reward/track_ang_vel_z_exp: 1.9661
 Episode_Reward/feet_air_time_ang_z_M20: 0.0000
    Episode_Reward/feet_slide_ang_z_cmd: 0.0000
             Episode_Reward/stand_still: -0.0021
    Episode_Reward/rotation_gait_status: 0.0000
  Episode_Reward/rotation_gait_symmetry: 0.0000
 Episode_Reward/bad_orientation_penalty: 0.0000
      Episode_Reward/joint_acc_wheel_l2: -0.0319
  Episode_Reward/stair_orientation_cost: -0.0707
  Episode_Reward/stair_forward_progress: 0.0047
  Episode_Reward/stair_front_wheel_lift: 0.0032
Episode_Reward/stair_forward_motion_cost: -0.0008
Episode_Reward/stair_ascent_direction_cost: -0.0276
Episode_Reward/stair_front_wheel_touchdown: 0.0016
Episode_Reward/stair_front_single_support: 0.0003
Episode_Reward/stair_diagonal_support_symmetry: 0.0001
 Episode_Reward/stair_front_alternation: 0.0005
Episode_Reward/stair_up_step_completion: 0.0063
  Episode_Reward/stair_up_task_crossing: 0.0000
Episode_Reward/stair_up_rear_step_completion: 0.0000
   Episode_Reward/stair_rear_wheel_lift: 0.0010
Episode_Reward/stair_descent_rear_forward_cost: 0.0000
Episode_Reward/stair_ascent_front_body_clearance_cost: -0.0000
Episode_Reward/stair_up_order_violation_cost: -0.0031
Episode_Reward/stair_up_same_tread_cost: -0.0031
Episode_Reward/stair_up_same_tread_dwell_cost: 0.0000
Episode_Reward/stair_descent_rear_fold_cost: -0.0000
Episode_Reward/stair_ascent_front_fold_cost: -0.0005
    Episode_Reward/turn_swing_size_cost: 0.0000
Episode_Reward/stair_down_step_completion: 0.0063
Episode_Reward/stair_front_riser_face_cost: -0.0031
Episode_Reward/stair_descent_rear_support: 0.0015
       Episode_Reward/stair_impact_cost: -0.0000
Episode_Reward/stair_non_wheel_contact_cost: -0.0000
Episode_Reward/stair_non_wheel_scrape_cost: -0.0000
 Episode_Reward/stair_joint_effort_cost: -0.0000
Episode_Reward/stair_joint_acceleration_cost: -0.0001
Episode_Reward/stair_mechanical_power_cost: -0.0000
              Curriculum/terrain_levels: 0.0625
                  Curriculum/gait_level: 0.0530
 Curriculum/step_completion/up_attempts: 0.2500
Curriculum/step_completion/up_successes: 0.1667
Curriculum/step_completion/up_success_rate: 0.0278
Curriculum/step_completion/up_rear_successes: 0.0417
Curriculum/step_completion/up_front_violations: 0.0833
Curriculum/step_completion/up_rear_violations: 0.0417
Curriculum/step_completion/up_front_same_tread_events: 0.0417
Curriculum/step_completion/up_front_same_tread_dwell_s: 0.0000
Curriculum/step_completion/up_rear_same_tread_events: 0.0000
Curriculum/step_completion/up_rear_same_tread_dwell_s: 0.0000
Curriculum/step_completion/up_targets_started: 0.2083
Curriculum/step_completion/up_lift_credit: 0.1261
  Curriculum/step_completion/up_retries: 0.0000
Curriculum/step_completion/up_abandoned_targets: 0.0000
Curriculum/step_completion/up_retreat_fraction: 0.0000
Curriculum/step_completion/up_stationary_fraction: 0.0000
Curriculum/step_completion/down_attempts: 0.0833
Curriculum/step_completion/down_successes: 0.0417
Curriculum/step_completion/down_success_rate: 0.0208
Curriculum/step_completion/forward_gate_fraction: 0.0085
Curriculum/step_completion/nearby_gate_fraction: 0.0098
Curriculum/step_completion/registered_risers: 0.2917
Curriculum/step_completion/up_whole_body_crossings: 0.0000
Curriculum/step_completion/up_whole_body_crossing_coverage: 0.0000
Curriculum/step_completion/up_front_registered_intermediate_risers: 0.1250
Curriculum/step_completion/up_front_landing_coverage: 0.0357
Curriculum/step_completion/up_front_strict_coverage: 0.0000
Curriculum/step_completion/up_front_physical_landings: 0.2500
Curriculum/step_completion/up_front_transition_successes: 0.0417
Curriculum/step_completion/up_front_skipped_riser_events: 0.0417
Curriculum/step_completion/up_front_unsafe_events: 0.0417
Curriculum/step_completion/up_front_skip_fraction: 0.0069
Curriculum/step_completion/up_front_visited_intermediate_risers: 0.0833
Curriculum/step_completion/up_front_same_tread_fraction: 0.0208
Curriculum/step_completion/up_front_longest_strict_run: 0.0000
Curriculum/step_completion/up_front_six_step_strict_fraction: 0.0000
Curriculum/step_completion/fl_stable_treads: 0.0833
Curriculum/step_completion/fr_stable_treads: 0.2083
Curriculum/step_completion/up_rear_registered_intermediate_risers: 0.1250
Curriculum/step_completion/up_rear_landing_coverage: 0.0119
Curriculum/step_completion/up_rear_strict_coverage: 0.0139
Curriculum/step_completion/up_rear_physical_landings: 0.0833
Curriculum/step_completion/up_rear_transition_successes: 0.0000
Curriculum/step_completion/up_rear_skipped_riser_events: 0.0417
Curriculum/step_completion/up_rear_unsafe_events: 0.0417
Curriculum/step_completion/up_rear_skip_fraction: 0.0208
Curriculum/step_completion/up_rear_visited_intermediate_risers: 0.0833
Curriculum/step_completion/up_rear_same_tread_fraction: 0.0000
Curriculum/step_completion/up_rear_longest_strict_run: 0.0417
Curriculum/step_completion/up_rear_six_step_strict_fraction: 0.0000
Curriculum/step_completion/hl_stable_treads: 0.0000
Curriculum/step_completion/hr_stable_treads: 0.0833
Curriculum/step_completion/up_rear_lift_credit: 0.0390
   Curriculum/gait_quality/turn_samples: 0.0000
Curriculum/gait_quality/descent_samples: 5.1250
Curriculum/gait_quality/rear_support_samples: 5.3333
Curriculum/gait_quality/turn_clearance_mean_m: 0.0000
Curriculum/gait_quality/turn_reach_mean_m: 0.0000
Curriculum/gait_quality/turn_yaw_error_mean: 0.0000
Curriculum/gait_quality/rear_extension_mean_m: 0.0184
Curriculum/gait_quality/rear_fold_support_fraction: 0.0016
 Curriculum/gait_quality/ascent_samples: 5.6250
Curriculum/gait_quality/front_support_samples: 3.6250
Curriculum/gait_quality/front_extension_mean_m: 0.0181
Curriculum/gait_quality/front_knee_abs_mean_rad: 0.0487
Curriculum/gait_quality/front_fold_support_fraction: 0.0096
Curriculum/gait_quality/front_swing_samples: 7.6250
Curriculum/gait_quality/front_extreme_swing_fold_fraction: 0.0100
Curriculum/gait_quality/front_loaded_a_mean_deg: 4.7085
Curriculum/gait_quality/front_loaded_a_low_fraction: 0.0096
Curriculum/gait_quality/front_loaded_a_min_deg: 2.1201
Curriculum/gait_quality/fl_loaded_samples: 1.6250
Curriculum/gait_quality/fl_loaded_a_mean_deg: 5.4081
Curriculum/gait_quality/fl_loaded_a_low_fraction: 0.0000
Curriculum/gait_quality/fr_loaded_samples: 2.0000
Curriculum/gait_quality/fr_loaded_a_mean_deg: 4.1401
Curriculum/gait_quality/fr_loaded_a_low_fraction: 0.0174
Curriculum/gait_quality/front_swing_a_mean_deg: 3.8940
Curriculum/gait_quality/front_swing_a_low_fraction: 0.0100
Curriculum/gait_quality/front_swing_a_min_deg: 0.7940
Curriculum/gait_quality/fl_swing_samples: 4.0000
Curriculum/gait_quality/fl_swing_a_mean_deg: 4.3367
Curriculum/gait_quality/fl_swing_a_low_fraction: 0.0078
Curriculum/gait_quality/fr_swing_samples: 3.6250
Curriculum/gait_quality/fr_swing_a_mean_deg: 3.4054
Curriculum/gait_quality/fr_swing_a_low_fraction: 0.0125
Curriculum/gait_quality/rear_forward_samples: 5.3333
Curriculum/gait_quality/rear_forward_excess_fraction: 0.0000
Curriculum/gait_quality/rear_body_b_mean_deg: -0.0194
Curriculum/gait_quality/rear_gravity_g_mean_deg: -0.2130
 Curriculum/gait_quality/rear_b_max_deg: 0.5391
 Curriculum/gait_quality/rear_g_max_deg: 0.3656
Curriculum/gait_quality/hl_loaded_samples: 2.5833
Curriculum/gait_quality/hl_body_b_mean_deg: -0.1991
Curriculum/gait_quality/hl_gravity_g_mean_deg: -0.4218
Curriculum/gait_quality/hl_forward_excess_fraction: 0.0000
Curriculum/gait_quality/hr_loaded_samples: 2.7500
Curriculum/gait_quality/hr_body_b_mean_deg: 0.1495
Curriculum/gait_quality/hr_gravity_g_mean_deg: -0.0169
Curriculum/gait_quality/hr_forward_excess_fraction: 0.0000
Curriculum/gait_quality/rear_entry_samples: 1.2917
Curriculum/gait_quality/rear_entry_b_mean_deg: 0.1045
Curriculum/gait_quality/rear_entry_g_mean_deg: -0.2030
Curriculum/gait_quality/front_body_gap_samples: 5.6250
Curriculum/gait_quality/front_body_gap_mean_m: 0.0162
Curriculum/gait_quality/front_body_gap_low_fraction: 0.0040
Curriculum/gait_quality/loaded_without_local_map_samples: 0.0000
    Curriculum/ascent_direction/samples: 13.8333
Curriculum/ascent_direction/lateral_error_mean_m: 0.0482
Curriculum/ascent_direction/lateral_error_max_m: 0.1823
Curriculum/ascent_direction/lateral_speed_mean_m_s: 0.0298
Curriculum/ascent_direction/heading_error_mean_deg: 0.8975
Curriculum/ascent_direction/outside_tolerance_fraction: 0.0227
  Curriculum/ascent_direction/cost_mean: 0.0416
       Curriculum/terrain_level_overall: 0.0625
Curriculum/terrain_level_pyramid_stairs: 0.0435
Curriculum/terrain_level_pyramid_stairs_inv: 0.0455
         Curriculum/terrain_level_boxes: 0.0000
  Curriculum/terrain_level_random_rough: 0.3333
Curriculum/terrain_level_hf_pyramid_slope: 0.0000
Curriculum/terrain_level_hf_pyramid_slope_inv: 0.0000
          Curriculum/terrain_level_flat: 0.1667
     Metrics/base_velocity/error_vel_xy: 0.3110
    Metrics/base_velocity/error_vel_yaw: 0.1999
           Metrics/base_velocity/base_z: 0.5740
         Metrics/base_velocity/knee_pos: 0.2392
           Episode_Termination/time_out: 0.5931
Episode_Termination/terrain_out_of_bounds: 0.0000
  Episode_Termination/bad_orientation_2: 0.0000
--------------------------------------------------------------------------------
                         Iteration time: 2.65s
                           Time elapsed: 00:01:22
                                    ETA: 00:01:08

################################################################################
[1m                            Learning iteration 30/55                            [0m 

                               Run name: preservation_smoke
                            Total steps: 47616 
                       Steps per second: 567 
                        Collection time: 2.665s 
                          Learning time: 0.043s 
                        Mean value loss: 0.0895
                    Mean surrogate loss: 0.0000
                      Mean entropy loss: 6.2641
                       Mean anchor loss: 0.0000
                Mean critic_warmup loss: 1.0000
                            Mean reward: 53.86
                    Mean episode length: 426.07
                        Mean action std: 0.37
            Episode_Reward/lin_vel_z_l2: -0.0389
           Episode_Reward/ang_vel_xy_l2: -0.0157
        Episode_Reward/joint_torques_l2: -0.0004
            Episode_Reward/joint_acc_l2: -0.0439
  Episode_Reward/hipx_joint_pos_penalty: -0.2227
  Episode_Reward/hipy_joint_pos_penalty: -0.1064
  Episode_Reward/knee_joint_pos_penalty: -0.0993
            Episode_Reward/joint_mirror: -0.0004
          Episode_Reward/action_rate_l2: -0.0005
        Episode_Reward/action_smooth_l2: -0.0023
      Episode_Reward/undesired_contacts: -0.0010
          Episode_Reward/contact_forces: -0.0002
    Episode_Reward/track_lin_vel_xy_exp: 3.3123
     Episode_Reward/track_ang_vel_z_exp: 2.0343
 Episode_Reward/feet_air_time_ang_z_M20: 0.0000
    Episode_Reward/feet_slide_ang_z_cmd: 0.0000
             Episode_Reward/stand_still: 0.0000
    Episode_Reward/rotation_gait_status: 0.0000
  Episode_Reward/rotation_gait_symmetry: 0.0000
 Episode_Reward/bad_orientation_penalty: 0.0000
      Episode_Reward/joint_acc_wheel_l2: -0.0311
  Episode_Reward/stair_orientation_cost: -0.0605
  Episode_Reward/stair_forward_progress: 0.0000
  Episode_Reward/stair_front_wheel_lift: 0.0000
Episode_Reward/stair_forward_motion_cost: 0.0000
Episode_Reward/stair_ascent_direction_cost: 0.0000
Episode_Reward/stair_front_wheel_touchdown: 0.0000
Episode_Reward/stair_front_single_support: 0.0000
Episode_Reward/stair_diagonal_support_symmetry: 0.0000
 Episode_Reward/stair_front_alternation: 0.0000
Episode_Reward/stair_up_step_completion: 0.0000
  Episode_Reward/stair_up_task_crossing: 0.0000
Episode_Reward/stair_up_rear_step_completion: 0.0000
   Episode_Reward/stair_rear_wheel_lift: 0.0000
Episode_Reward/stair_descent_rear_forward_cost: 0.0000
Episode_Reward/stair_ascent_front_body_clearance_cost: 0.0000
Episode_Reward/stair_up_order_violation_cost: 0.0000
Episode_Reward/stair_up_same_tread_cost: 0.0000
Episode_Reward/stair_up_same_tread_dwell_cost: 0.0000
Episode_Reward/stair_descent_rear_fold_cost: 0.0000
Episode_Reward/stair_ascent_front_fold_cost: 0.0000
    Episode_Reward/turn_swing_size_cost: 0.0000
Episode_Reward/stair_down_step_completion: 0.0000
Episode_Reward/stair_front_riser_face_cost: 0.0000
Episode_Reward/stair_descent_rear_support: 0.0000
       Episode_Reward/stair_impact_cost: -0.0005
Episode_Reward/stair_non_wheel_contact_cost: -0.0001
Episode_Reward/stair_non_wheel_scrape_cost: -0.0001
 Episode_Reward/stair_joint_effort_cost: -0.0008
Episode_Reward/stair_joint_acceleration_cost: -0.0021
Episode_Reward/stair_mechanical_power_cost: -0.0003
              Curriculum/terrain_levels: 0.0794
                  Curriculum/gait_level: 0.0539
 Curriculum/step_completion/up_attempts: 0.0000
Curriculum/step_completion/up_successes: 0.0000
Curriculum/step_completion/up_success_rate: 0.0000
Curriculum/step_completion/up_rear_successes: 0.0000
Curriculum/step_completion/up_front_violations: 0.0000
Curriculum/step_completion/up_rear_violations: 0.0000
Curriculum/step_completion/up_front_same_tread_events: 0.0000
Curriculum/step_completion/up_front_same_tread_dwell_s: 0.0000
Curriculum/step_completion/up_rear_same_tread_events: 0.0000
Curriculum/step_completion/up_rear_same_tread_dwell_s: 0.0000
Curriculum/step_completion/up_targets_started: 0.0000
Curriculum/step_completion/up_lift_credit: 0.0000
  Curriculum/step_completion/up_retries: 0.0000
Curriculum/step_completion/up_abandoned_targets: 0.0000
Curriculum/step_completion/up_retreat_fraction: 0.0000
Curriculum/step_completion/up_stationary_fraction: 0.0000
Curriculum/step_completion/down_attempts: 0.0000
Curriculum/step_completion/down_successes: 0.0000
Curriculum/step_completion/down_success_rate: 0.0000
Curriculum/step_completion/forward_gate_fraction: 0.0000
Curriculum/step_completion/nearby_gate_fraction: 0.2780
Curriculum/step_completion/registered_risers: 0.0000
Curriculum/step_completion/up_whole_body_crossings: 0.0000
Curriculum/step_completion/up_whole_body_crossing_coverage: 0.0000
Curriculum/step_completion/up_front_registered_intermediate_risers: 0.0000
Curriculum/step_completion/up_front_landing_coverage: 0.0000
Curriculum/step_completion/up_front_strict_coverage: 0.0000
Curriculum/step_completion/up_front_physical_landings: 0.0000
Curriculum/step_completion/up_front_transition_successes: 0.0000
Curriculum/step_completion/up_front_skipped_riser_events: 0.0000
Curriculum/step_completion/up_front_unsafe_events: 0.0000
Curriculum/step_completion/up_front_skip_fraction: 0.0000
Curriculum/step_completion/up_front_visited_intermediate_risers: 0.0000
Curriculum/step_completion/up_front_same_tread_fraction: 0.0000
Curriculum/step_completion/up_front_longest_strict_run: 0.0000
Curriculum/step_completion/up_front_six_step_strict_fraction: 0.0000
Curriculum/step_completion/fl_stable_treads: 0.0000
Curriculum/step_completion/fr_stable_treads: 0.0000
Curriculum/step_completion/up_rear_registered_intermediate_risers: 0.0000
Curriculum/step_completion/up_rear_landing_coverage: 0.0000
Curriculum/step_completion/up_rear_strict_coverage: 0.0000
Curriculum/step_completion/up_rear_physical_landings: 0.0000
Curriculum/step_completion/up_rear_transition_successes: 0.0000
Curriculum/step_completion/up_rear_skipped_riser_events: 0.0000
Curriculum/step_completion/up_rear_unsafe_events: 0.0000
Curriculum/step_completion/up_rear_skip_fraction: 0.0000
Curriculum/step_completion/up_rear_visited_intermediate_risers: 0.0000
Curriculum/step_completion/up_rear_same_tread_fraction: 0.0000
Curriculum/step_completion/up_rear_longest_strict_run: 0.0000
Curriculum/step_completion/up_rear_six_step_strict_fraction: 0.0000
Curriculum/step_completion/hl_stable_treads: 0.0000
Curriculum/step_completion/hr_stable_treads: 0.0000
Curriculum/step_completion/up_rear_lift_credit: 0.0000
   Curriculum/gait_quality/turn_samples: 0.0000
Curriculum/gait_quality/descent_samples: 0.0000
Curriculum/gait_quality/rear_support_samples: 0.0000
Curriculum/gait_quality/turn_clearance_mean_m: 0.0000
Curriculum/gait_quality/turn_reach_mean_m: 0.0000
Curriculum/gait_quality/turn_yaw_error_mean: 0.0000
Curriculum/gait_quality/rear_extension_mean_m: 0.0000
Curriculum/gait_quality/rear_fold_support_fraction: 0.0000
 Curriculum/gait_quality/ascent_samples: 0.0000
Curriculum/gait_quality/front_support_samples: 0.0000
Curriculum/gait_quality/front_extension_mean_m: 0.0000
Curriculum/gait_quality/front_knee_abs_mean_rad: 0.0000
Curriculum/gait_quality/front_fold_support_fraction: 0.0000
Curriculum/gait_quality/front_swing_samples: 0.0000
Curriculum/gait_quality/front_extreme_swing_fold_fraction: 0.0000
Curriculum/gait_quality/front_loaded_a_mean_deg: 0.0000
Curriculum/gait_quality/front_loaded_a_low_fraction: 0.0000
Curriculum/gait_quality/front_loaded_a_min_deg: 0.0000
Curriculum/gait_quality/fl_loaded_samples: 0.0000
Curriculum/gait_quality/fl_loaded_a_mean_deg: 0.0000
Curriculum/gait_quality/fl_loaded_a_low_fraction: 0.0000
Curriculum/gait_quality/fr_loaded_samples: 0.0000
Curriculum/gait_quality/fr_loaded_a_mean_deg: 0.0000
Curriculum/gait_quality/fr_loaded_a_low_fraction: 0.0000
Curriculum/gait_quality/front_swing_a_mean_deg: 0.0000
Curriculum/gait_quality/front_swing_a_low_fraction: 0.0000
Curriculum/gait_quality/front_swing_a_min_deg: 0.0000
Curriculum/gait_quality/fl_swing_samples: 0.0000
Curriculum/gait_quality/fl_swing_a_mean_deg: 0.0000
Curriculum/gait_quality/fl_swing_a_low_fraction: 0.0000
Curriculum/gait_quality/fr_swing_samples: 0.0000
Curriculum/gait_quality/fr_swing_a_mean_deg: 0.0000
Curriculum/gait_quality/fr_swing_a_low_fraction: 0.0000
Curriculum/gait_quality/rear_forward_samples: 0.0000
Curriculum/gait_quality/rear_forward_excess_fraction: 0.0000
Curriculum/gait_quality/rear_body_b_mean_deg: 0.0000
Curriculum/gait_quality/rear_gravity_g_mean_deg: 0.0000
 Curriculum/gait_quality/rear_b_max_deg: 0.0000
 Curriculum/gait_quality/rear_g_max_deg: 0.0000
Curriculum/gait_quality/hl_loaded_samples: 0.0000
Curriculum/gait_quality/hl_body_b_mean_deg: 0.0000
Curriculum/gait_quality/hl_gravity_g_mean_deg: 0.0000
Curriculum/gait_quality/hl_forward_excess_fraction: 0.0000
Curriculum/gait_quality/hr_loaded_samples: 0.0000
Curriculum/gait_quality/hr_body_b_mean_deg: 0.0000
Curriculum/gait_quality/hr_gravity_g_mean_deg: 0.0000
Curriculum/gait_quality/hr_forward_excess_fraction: 0.0000
Curriculum/gait_quality/rear_entry_samples: 0.0000
Curriculum/gait_quality/rear_entry_b_mean_deg: 0.0000
Curriculum/gait_quality/rear_entry_g_mean_deg: 0.0000
Curriculum/gait_quality/front_body_gap_samples: 0.0000
Curriculum/gait_quality/front_body_gap_mean_m: 0.0000
Curriculum/gait_quality/front_body_gap_low_fraction: 0.0000
Curriculum/gait_quality/loaded_without_local_map_samples: 0.0000
    Curriculum/ascent_direction/samples: 0.0000
Curriculum/ascent_direction/lateral_error_mean_m: 0.0000
Curriculum/ascent_direction/lateral_error_max_m: 0.0000
Curriculum/ascent_direction/lateral_speed_mean_m_s: 0.0000
Curriculum/ascent_direction/heading_error_mean_deg: 0.0000
Curriculum/ascent_direction/outside_tolerance_fraction: 0.0000
  Curriculum/ascent_direction/cost_mean: 0.0000
       Curriculum/terrain_level_overall: 0.0794
Curriculum/terrain_level_pyramid_stairs: 0.0580
Curriculum/terrain_level_pyramid_stairs_inv: 0.0795
         Curriculum/terrain_level_boxes: 0.0000
  Curriculum/terrain_level_random_rough: 0.3333
Curriculum/terrain_level_hf_pyramid_slope: 0.0000
Curriculum/terrain_level_hf_pyramid_slope_inv: 0.0000
          Curriculum/terrain_level_flat: 0.1667
     Metrics/base_velocity/error_vel_xy: 0.2623
    Metrics/base_velocity/error_vel_yaw: 0.2106
           Metrics/base_velocity/base_z: 0.5047
         Metrics/base_velocity/knee_pos: 0.5331
           Episode_Termination/time_out: 0.6185
Episode_Termination/terrain_out_of_bounds: 0.0000
  Episode_Termination/bad_orientation_2: 0.0000
--------------------------------------------------------------------------------
                         Iteration time: 2.71s
                           Time elapsed: 00:01:25
                                    ETA: 00:01:05

################################################################################
[1m                            Learning iteration 31/55                            [0m 

                               Run name: preservation_smoke
                            Total steps: 49152 
                       Steps per second: 568 
                        Collection time: 2.641s 
                          Learning time: 0.060s 
                        Mean value loss: 0.1611
                    Mean surrogate loss: -0.0000
                      Mean entropy loss: 6.2641
                       Mean anchor loss: 0.0000
                Mean critic_warmup loss: 1.0000
                            Mean reward: 55.00
                    Mean episode length: 434.07
                        Mean action std: 0.37
            Episode_Reward/lin_vel_z_l2: -0.0172
           Episode_Reward/ang_vel_xy_l2: -0.0119
        Episode_Reward/joint_torques_l2: -0.0004
            Episode_Reward/joint_acc_l2: -0.0277
  Episode_Reward/hipx_joint_pos_penalty: -0.1644
  Episode_Reward/hipy_joint_pos_penalty: -0.0731
  Episode_Reward/knee_joint_pos_penalty: -0.0874
            Episode_Reward/joint_mirror: -0.0004
          Episode_Reward/action_rate_l2: -0.0006
        Episode_Reward/action_smooth_l2: -0.0026
      Episode_Reward/undesired_contacts: 0.0000
          Episode_Reward/contact_forces: -0.0002
    Episode_Reward/track_lin_vel_xy_exp: 3.5054
     Episode_Reward/track_ang_vel_z_exp: 2.1191
 Episode_Reward/feet_air_time_ang_z_M20: 0.0000
    Episode_Reward/feet_slide_ang_z_cmd: 0.0000
             Episode_Reward/stand_still: 0.0000
    Episode_Reward/rotation_gait_status: 0.0000
  Episode_Reward/rotation_gait_symmetry: 0.0000
 Episode_Reward/bad_orientation_penalty: 0.0000
      Episode_Reward/joint_acc_wheel_l2: -0.0221
  Episode_Reward/stair_orientation_cost: -0.0432
  Episode_Reward/stair_forward_progress: 0.0000
  Episode_Reward/stair_front_wheel_lift: 0.0000
Episode_Reward/stair_forward_motion_cost: 0.0000
Episode_Reward/stair_ascent_direction_cost: 0.0000
Episode_Reward/stair_front_wheel_touchdown: 0.0000
Episode_Reward/stair_front_single_support: 0.0000
Episode_Reward/stair_diagonal_support_symmetry: 0.0000
 Episode_Reward/stair_front_alternation: 0.0000
Episode_Reward/stair_up_step_completion: 0.0000
  Episode_Reward/stair_up_task_crossing: 0.0000
Episode_Reward/stair_up_rear_step_completion: 0.0000
   Episode_Reward/stair_rear_wheel_lift: 0.0000
Episode_Reward/stair_descent_rear_forward_cost: 0.0000
Episode_Reward/stair_ascent_front_body_clearance_cost: 0.0000
Episode_Reward/stair_up_order_violation_cost: 0.0000
Episode_Reward/stair_up_same_tread_cost: 0.0000
Episode_Reward/stair_up_same_tread_dwell_cost: 0.0000
Episode_Reward/stair_descent_rear_fold_cost: 0.0000
Episode_Reward/stair_ascent_front_fold_cost: 0.0000
    Episode_Reward/turn_swing_size_cost: 0.0000
Episode_Reward/stair_down_step_completion: 0.0000
Episode_Reward/stair_front_riser_face_cost: 0.0000
Episode_Reward/stair_descent_rear_support: 0.0000
       Episode_Reward/stair_impact_cost: -0.0004
Episode_Reward/stair_non_wheel_contact_cost: 0.0000
Episode_Reward/stair_non_wheel_scrape_cost: 0.0000
 Episode_Reward/stair_joint_effort_cost: -0.0005
Episode_Reward/stair_joint_acceleration_cost: -0.0013
Episode_Reward/stair_mechanical_power_cost: -0.0001
              Curriculum/terrain_levels: 0.0938
                  Curriculum/gait_level: 0.0547
 Curriculum/step_completion/up_attempts: 0.0000
Curriculum/step_completion/up_successes: 0.0000
Curriculum/step_completion/up_success_rate: 0.0000
Curriculum/step_completion/up_rear_successes: 0.0000
Curriculum/step_completion/up_front_violations: 0.0000
Curriculum/step_completion/up_rear_violations: 0.0000
Curriculum/step_completion/up_front_same_tread_events: 0.0000
Curriculum/step_completion/up_front_same_tread_dwell_s: 0.0000
Curriculum/step_completion/up_rear_same_tread_events: 0.0000
Curriculum/step_completion/up_rear_same_tread_dwell_s: 0.0000
Curriculum/step_completion/up_targets_started: 0.0000
Curriculum/step_completion/up_lift_credit: 0.0000
  Curriculum/step_completion/up_retries: 0.0000
Curriculum/step_completion/up_abandoned_targets: 0.0000
Curriculum/step_completion/up_retreat_fraction: 0.0000
Curriculum/step_completion/up_stationary_fraction: 0.0000
Curriculum/step_completion/down_attempts: 0.0000
Curriculum/step_completion/down_successes: 0.0000
Curriculum/step_completion/down_success_rate: 0.0000
Curriculum/step_completion/forward_gate_fraction: 0.0000
Curriculum/step_completion/nearby_gate_fraction: 0.2649
Curriculum/step_completion/registered_risers: 0.0000
Curriculum/step_completion/up_whole_body_crossings: 0.0000
Curriculum/step_completion/up_whole_body_crossing_coverage: 0.0000
Curriculum/step_completion/up_front_registered_intermediate_risers: 0.0000
Curriculum/step_completion/up_front_landing_coverage: 0.0000
Curriculum/step_completion/up_front_strict_coverage: 0.0000
Curriculum/step_completion/up_front_physical_landings: 0.0000
Curriculum/step_completion/up_front_transition_successes: 0.0000
Curriculum/step_completion/up_front_skipped_riser_events: 0.0000
Curriculum/step_completion/up_front_unsafe_events: 0.0000
Curriculum/step_completion/up_front_skip_fraction: 0.0000
Curriculum/step_completion/up_front_visited_intermediate_risers: 0.0000
Curriculum/step_completion/up_front_same_tread_fraction: 0.0000
Curriculum/step_completion/up_front_longest_strict_run: 0.0000
Curriculum/step_completion/up_front_six_step_strict_fraction: 0.0000
Curriculum/step_completion/fl_stable_treads: 0.0000
Curriculum/step_completion/fr_stable_treads: 0.0000
Curriculum/step_completion/up_rear_registered_intermediate_risers: 0.0000
Curriculum/step_completion/up_rear_landing_coverage: 0.0000
Curriculum/step_completion/up_rear_strict_coverage: 0.0000
Curriculum/step_completion/up_rear_physical_landings: 0.0000
Curriculum/step_completion/up_rear_transition_successes: 0.0000
Curriculum/step_completion/up_rear_skipped_riser_events: 0.0000
Curriculum/step_completion/up_rear_unsafe_events: 0.0000
Curriculum/step_completion/up_rear_skip_fraction: 0.0000
Curriculum/step_completion/up_rear_visited_intermediate_risers: 0.0000
Curriculum/step_completion/up_rear_same_tread_fraction: 0.0000
Curriculum/step_completion/up_rear_longest_strict_run: 0.0000
Curriculum/step_completion/up_rear_six_step_strict_fraction: 0.0000
Curriculum/step_completion/hl_stable_treads: 0.0000
Curriculum/step_completion/hr_stable_treads: 0.0000
Curriculum/step_completion/up_rear_lift_credit: 0.0000
   Curriculum/gait_quality/turn_samples: 0.0000
Curriculum/gait_quality/descent_samples: 0.0000
Curriculum/gait_quality/rear_support_samples: 0.0000
Curriculum/gait_quality/turn_clearance_mean_m: 0.0000
Curriculum/gait_quality/turn_reach_mean_m: 0.0000
Curriculum/gait_quality/turn_yaw_error_mean: 0.0000
Curriculum/gait_quality/rear_extension_mean_m: 0.0000
Curriculum/gait_quality/rear_fold_support_fraction: 0.0000
 Curriculum/gait_quality/ascent_samples: 0.0000
Curriculum/gait_quality/front_support_samples: 0.0000
Curriculum/gait_quality/front_extension_mean_m: 0.0000
Curriculum/gait_quality/front_knee_abs_mean_rad: 0.0000
Curriculum/gait_quality/front_fold_support_fraction: 0.0000
Curriculum/gait_quality/front_swing_samples: 0.0000
Curriculum/gait_quality/front_extreme_swing_fold_fraction: 0.0000
Curriculum/gait_quality/front_loaded_a_mean_deg: 0.0000
Curriculum/gait_quality/front_loaded_a_low_fraction: 0.0000
Curriculum/gait_quality/front_loaded_a_min_deg: 0.0000
Curriculum/gait_quality/fl_loaded_samples: 0.0000
Curriculum/gait_quality/fl_loaded_a_mean_deg: 0.0000
Curriculum/gait_quality/fl_loaded_a_low_fraction: 0.0000
Curriculum/gait_quality/fr_loaded_samples: 0.0000
Curriculum/gait_quality/fr_loaded_a_mean_deg: 0.0000
Curriculum/gait_quality/fr_loaded_a_low_fraction: 0.0000
Curriculum/gait_quality/front_swing_a_mean_deg: 0.0000
Curriculum/gait_quality/front_swing_a_low_fraction: 0.0000
Curriculum/gait_quality/front_swing_a_min_deg: 0.0000
Curriculum/gait_quality/fl_swing_samples: 0.0000
Curriculum/gait_quality/fl_swing_a_mean_deg: 0.0000
Curriculum/gait_quality/fl_swing_a_low_fraction: 0.0000
Curriculum/gait_quality/fr_swing_samples: 0.0000
Curriculum/gait_quality/fr_swing_a_mean_deg: 0.0000
Curriculum/gait_quality/fr_swing_a_low_fraction: 0.0000
Curriculum/gait_quality/rear_forward_samples: 0.0000
Curriculum/gait_quality/rear_forward_excess_fraction: 0.0000
Curriculum/gait_quality/rear_body_b_mean_deg: 0.0000
Curriculum/gait_quality/rear_gravity_g_mean_deg: 0.0000
 Curriculum/gait_quality/rear_b_max_deg: 0.0000
 Curriculum/gait_quality/rear_g_max_deg: 0.0000
Curriculum/gait_quality/hl_loaded_samples: 0.0000
Curriculum/gait_quality/hl_body_b_mean_deg: 0.0000
Curriculum/gait_quality/hl_gravity_g_mean_deg: 0.0000
Curriculum/gait_quality/hl_forward_excess_fraction: 0.0000
Curriculum/gait_quality/hr_loaded_samples: 0.0000
Curriculum/gait_quality/hr_body_b_mean_deg: 0.0000
Curriculum/gait_quality/hr_gravity_g_mean_deg: 0.0000
Curriculum/gait_quality/hr_forward_excess_fraction: 0.0000
Curriculum/gait_quality/rear_entry_samples: 0.0000
Curriculum/gait_quality/rear_entry_b_mean_deg: 0.0000
Curriculum/gait_quality/rear_entry_g_mean_deg: 0.0000
Curriculum/gait_quality/front_body_gap_samples: 0.0000
Curriculum/gait_quality/front_body_gap_mean_m: 0.0000
Curriculum/gait_quality/front_body_gap_low_fraction: 0.0000
Curriculum/gait_quality/loaded_without_local_map_samples: 0.0000
    Curriculum/ascent_direction/samples: 0.0000
Curriculum/ascent_direction/lateral_error_mean_m: 0.0000
Curriculum/ascent_direction/lateral_error_max_m: 0.0000
Curriculum/ascent_direction/lateral_speed_mean_m_s: 0.0000
Curriculum/ascent_direction/heading_error_mean_deg: 0.0000
Curriculum/ascent_direction/outside_tolerance_fraction: 0.0000
  Curriculum/ascent_direction/cost_mean: 0.0000
       Curriculum/terrain_level_overall: 0.0938
Curriculum/terrain_level_pyramid_stairs: 0.0870
Curriculum/terrain_level_pyramid_stairs_inv: 0.0909
         Curriculum/terrain_level_boxes: 0.0000
  Curriculum/terrain_level_random_rough: 0.3333
Curriculum/terrain_level_hf_pyramid_slope: 0.0000
Curriculum/terrain_level_hf_pyramid_slope_inv: 0.0000
          Curriculum/terrain_level_flat: 0.1667
     Metrics/base_velocity/error_vel_xy: 0.2192
    Metrics/base_velocity/error_vel_yaw: 0.1920
           Metrics/base_velocity/base_z: 0.7505
         Metrics/base_velocity/knee_pos: 0.4107
           Episode_Termination/time_out: 0.6452
Episode_Termination/terrain_out_of_bounds: 0.0000
  Episode_Termination/bad_orientation_2: 0.0000
--------------------------------------------------------------------------------
                         Iteration time: 2.70s
                           Time elapsed: 00:01:27
                                    ETA: 00:01:03

################################################################################
[1m                            Learning iteration 32/55                            [0m 

                               Run name: preservation_smoke
                            Total steps: 50688 
                       Steps per second: 568 
                        Collection time: 2.665s 
                          Learning time: 0.039s 
                        Mean value loss: 0.2077
                    Mean surrogate loss: 0.0000
                      Mean entropy loss: 6.2641
                       Mean anchor loss: 0.0000
                Mean critic_warmup loss: 1.0000
                            Mean reward: 57.66
                    Mean episode length: 456.89
                        Mean action std: 0.37
            Episode_Reward/lin_vel_z_l2: -0.0593
           Episode_Reward/ang_vel_xy_l2: -0.0202
        Episode_Reward/joint_torques_l2: -0.0007
            Episode_Reward/joint_acc_l2: -0.0606
  Episode_Reward/hipx_joint_pos_penalty: -0.2172
  Episode_Reward/hipy_joint_pos_penalty: -0.1004
  Episode_Reward/knee_joint_pos_penalty: -0.1120
            Episode_Reward/joint_mirror: -0.0017
          Episode_Reward/action_rate_l2: -0.0008
        Episode_Reward/action_smooth_l2: -0.0037
      Episode_Reward/undesired_contacts: -0.0171
          Episode_Reward/contact_forces: -0.0004
    Episode_Reward/track_lin_vel_xy_exp: 3.5643
     Episode_Reward/track_ang_vel_z_exp: 2.1255
 Episode_Reward/feet_air_time_ang_z_M20: 0.0000
    Episode_Reward/feet_slide_ang_z_cmd: 0.0000
             Episode_Reward/stand_still: 0.0000
    Episode_Reward/rotation_gait_status: 0.0000
  Episode_Reward/rotation_gait_symmetry: 0.0000
 Episode_Reward/bad_orientation_penalty: 0.0000
      Episode_Reward/joint_acc_wheel_l2: -0.0432
  Episode_Reward/stair_orientation_cost: -0.0809
  Episode_Reward/stair_forward_progress: 0.0816
  Episode_Reward/stair_front_wheel_lift: 0.0203
Episode_Reward/stair_forward_motion_cost: -0.0227
Episode_Reward/stair_ascent_direction_cost: -0.0879
Episode_Reward/stair_front_wheel_touchdown: 0.0188
Episode_Reward/stair_front_single_support: 0.0046
Episode_Reward/stair_diagonal_support_symmetry: 0.0015
 Episode_Reward/stair_front_alternation: 0.0000
Episode_Reward/stair_up_step_completion: 0.0000
  Episode_Reward/stair_up_task_crossing: 0.0500
Episode_Reward/stair_up_rear_step_completion: 0.0000
   Episode_Reward/stair_rear_wheel_lift: 0.0216
Episode_Reward/stair_descent_rear_forward_cost: -0.0012
Episode_Reward/stair_ascent_front_body_clearance_cost: -0.0000
Episode_Reward/stair_up_order_violation_cost: -0.1500
Episode_Reward/stair_up_same_tread_cost: -0.1000
Episode_Reward/stair_up_same_tread_dwell_cost: 0.0000
Episode_Reward/stair_descent_rear_fold_cost: -0.0122
Episode_Reward/stair_ascent_front_fold_cost: -0.0055
    Episode_Reward/turn_swing_size_cost: 0.0000
Episode_Reward/stair_down_step_completion: 0.0750
Episode_Reward/stair_front_riser_face_cost: -0.0250
Episode_Reward/stair_descent_rear_support: 0.0175
       Episode_Reward/stair_impact_cost: -0.0022
Episode_Reward/stair_non_wheel_contact_cost: -0.0007
Episode_Reward/stair_non_wheel_scrape_cost: -0.0012
 Episode_Reward/stair_joint_effort_cost: -0.0018
Episode_Reward/stair_joint_acceleration_cost: -0.0049
Episode_Reward/stair_mechanical_power_cost: -0.0006
              Curriculum/terrain_levels: 0.1211
                  Curriculum/gait_level: 0.0562
 Curriculum/step_completion/up_attempts: 3.5000
Curriculum/step_completion/up_successes: 0.6667
Curriculum/step_completion/up_success_rate: 0.1863
Curriculum/step_completion/up_rear_successes: 0.8333
Curriculum/step_completion/up_front_violations: 2.8333
Curriculum/step_completion/up_rear_violations: 3.1667
Curriculum/step_completion/up_front_same_tread_events: 0.5000
Curriculum/step_completion/up_front_same_tread_dwell_s: 0.0000
Curriculum/step_completion/up_rear_same_tread_events: 0.8333
Curriculum/step_completion/up_rear_same_tread_dwell_s: 0.0000
Curriculum/step_completion/up_targets_started: 2.5000
Curriculum/step_completion/up_lift_credit: 0.8131
  Curriculum/step_completion/up_retries: 0.0000
Curriculum/step_completion/up_abandoned_targets: 0.0000
Curriculum/step_completion/up_retreat_fraction: 0.0000
Curriculum/step_completion/up_stationary_fraction: 0.0000
Curriculum/step_completion/down_attempts: 1.4583
Curriculum/step_completion/down_successes: 0.5000
Curriculum/step_completion/down_success_rate: 0.2500
Curriculum/step_completion/forward_gate_fraction: 0.2586
Curriculum/step_completion/nearby_gate_fraction: 0.6070
Curriculum/step_completion/registered_risers: 4.1667
Curriculum/step_completion/up_whole_body_crossings: 0.5000
Curriculum/step_completion/up_whole_body_crossing_coverage: 0.0238
Curriculum/step_completion/up_front_registered_intermediate_risers: 2.3333
Curriculum/step_completion/up_front_landing_coverage: 0.4683
Curriculum/step_completion/up_front_strict_coverage: 0.0119
Curriculum/step_completion/up_front_physical_landings: 3.5000
Curriculum/step_completion/up_front_transition_successes: 0.0000
Curriculum/step_completion/up_front_skipped_riser_events: 1.0000
Curriculum/step_completion/up_front_unsafe_events: 2.5000
Curriculum/step_completion/up_front_skip_fraction: 0.0588
Curriculum/step_completion/up_front_visited_intermediate_risers: 1.8333
Curriculum/step_completion/up_front_same_tread_fraction: 0.0455
Curriculum/step_completion/up_front_longest_strict_run: 0.1667
Curriculum/step_completion/up_front_six_step_strict_fraction: 0.0000
Curriculum/step_completion/fl_stable_treads: 2.1667
Curriculum/step_completion/fr_stable_treads: 3.0000
Curriculum/step_completion/up_rear_registered_intermediate_risers: 2.3333
Curriculum/step_completion/up_rear_landing_coverage: 0.4921
Curriculum/step_completion/up_rear_strict_coverage: 0.0119
Curriculum/step_completion/up_rear_physical_landings: 4.0000
Curriculum/step_completion/up_rear_transition_successes: 0.0000
Curriculum/step_completion/up_rear_skipped_riser_events: 1.0000
Curriculum/step_completion/up_rear_unsafe_events: 3.0000
Curriculum/step_completion/up_rear_skip_fraction: 0.0500
Curriculum/step_completion/up_rear_visited_intermediate_risers: 2.1667
Curriculum/step_completion/up_rear_same_tread_fraction: 0.0641
Curriculum/step_completion/up_rear_longest_strict_run: 0.1667
Curriculum/step_completion/up_rear_six_step_strict_fraction: 0.0000
Curriculum/step_completion/hl_stable_treads: 2.3333
Curriculum/step_completion/hr_stable_treads: 3.3333
Curriculum/step_completion/up_rear_lift_credit: 0.8656
   Curriculum/gait_quality/turn_samples: 0.0000
Curriculum/gait_quality/descent_samples: 168.8333
Curriculum/gait_quality/rear_support_samples: 236.9167
Curriculum/gait_quality/turn_clearance_mean_m: 0.0000
Curriculum/gait_quality/turn_reach_mean_m: 0.0000
Curriculum/gait_quality/turn_yaw_error_mean: 0.0000
Curriculum/gait_quality/rear_extension_mean_m: 0.3811
Curriculum/gait_quality/rear_fold_support_fraction: 0.3091
 Curriculum/gait_quality/ascent_samples: 54.3333
Curriculum/gait_quality/front_support_samples: 43.0000
Curriculum/gait_quality/front_extension_mean_m: 0.2172
Curriculum/gait_quality/front_knee_abs_mean_rad: 0.6069
Curriculum/gait_quality/front_fold_support_fraction: 0.1040
Curriculum/gait_quality/front_swing_samples: 65.6667
Curriculum/gait_quality/front_extreme_swing_fold_fraction: 0.0812
Curriculum/gait_quality/front_loaded_a_mean_deg: 55.2279
Curriculum/gait_quality/front_loaded_a_low_fraction: 0.1040
Curriculum/gait_quality/front_loaded_a_min_deg: 31.1448
Curriculum/gait_quality/fl_loaded_samples: 24.6667
Curriculum/gait_quality/fl_loaded_a_mean_deg: 52.1268
Curriculum/gait_quality/fl_loaded_a_low_fraction: 0.1484
Curriculum/gait_quality/fr_loaded_samples: 18.3333
Curriculum/gait_quality/fr_loaded_a_mean_deg: 59.6423
Curriculum/gait_quality/fr_loaded_a_low_fraction: 0.0429
Curriculum/gait_quality/front_swing_a_mean_deg: 53.7456
Curriculum/gait_quality/front_swing_a_low_fraction: 0.0812
Curriculum/gait_quality/front_swing_a_min_deg: 26.1736
Curriculum/gait_quality/fl_swing_samples: 29.6667
Curriculum/gait_quality/fl_swing_a_mean_deg: 47.7302
Curriculum/gait_quality/fl_swing_a_low_fraction: 0.1147
Curriculum/gait_quality/fr_swing_samples: 36.0000
Curriculum/gait_quality/fr_swing_a_mean_deg: 58.3284
Curriculum/gait_quality/fr_swing_a_low_fraction: 0.0540
Curriculum/gait_quality/rear_forward_samples: 236.9167
Curriculum/gait_quality/rear_forward_excess_fraction: 0.0554
Curriculum/gait_quality/rear_body_b_mean_deg: -1.2196
Curriculum/gait_quality/rear_gravity_g_mean_deg: -9.2131
 Curriculum/gait_quality/rear_b_max_deg: 41.5445
 Curriculum/gait_quality/rear_g_max_deg: 29.5652
Curriculum/gait_quality/hl_loaded_samples: 111.1667
Curriculum/gait_quality/hl_body_b_mean_deg: -0.4376
Curriculum/gait_quality/hl_gravity_g_mean_deg: -8.7055
Curriculum/gait_quality/hl_forward_excess_fraction: 0.0640
Curriculum/gait_quality/hr_loaded_samples: 125.7500
Curriculum/gait_quality/hr_body_b_mean_deg: -1.8910
Curriculum/gait_quality/hr_gravity_g_mean_deg: -9.6431
Curriculum/gait_quality/hr_forward_excess_fraction: 0.0478
Curriculum/gait_quality/rear_entry_samples: 81.0000
Curriculum/gait_quality/rear_entry_b_mean_deg: -0.8913
Curriculum/gait_quality/rear_entry_g_mean_deg: -4.7847
Curriculum/gait_quality/front_body_gap_samples: 54.3333
Curriculum/gait_quality/front_body_gap_mean_m: 0.1874
Curriculum/gait_quality/front_body_gap_low_fraction: 0.0031
Curriculum/gait_quality/loaded_without_local_map_samples: 0.0000
    Curriculum/ascent_direction/samples: 114.6667
Curriculum/ascent_direction/lateral_error_mean_m: 0.0887
Curriculum/ascent_direction/lateral_error_max_m: 0.2929
Curriculum/ascent_direction/lateral_speed_mean_m_s: 0.1016
Curriculum/ascent_direction/heading_error_mean_deg: 6.1598
Curriculum/ascent_direction/outside_tolerance_fraction: 0.2176
  Curriculum/ascent_direction/cost_mean: 0.2365
       Curriculum/terrain_level_overall: 0.1211
Curriculum/terrain_level_pyramid_stairs: 0.1214
Curriculum/terrain_level_pyramid_stairs_inv: 0.1345
         Curriculum/terrain_level_boxes: 0.0000
  Curriculum/terrain_level_random_rough: 0.3333
Curriculum/terrain_level_hf_pyramid_slope: 0.0000
Curriculum/terrain_level_hf_pyramid_slope_inv: 0.0000
          Curriculum/terrain_level_flat: 0.1667
     Metrics/base_velocity/error_vel_xy: 0.2798
    Metrics/base_velocity/error_vel_yaw: 0.2755
           Metrics/base_velocity/base_z: 0.7675
         Metrics/base_velocity/knee_pos: 0.9811
           Episode_Termination/time_out: 0.6888
Episode_Termination/terrain_out_of_bounds: 0.0000
  Episode_Termination/bad_orientation_2: 0.0000
--------------------------------------------------------------------------------
                         Iteration time: 2.70s
                           Time elapsed: 00:01:30
                                    ETA: 00:01:00

################################################################################
[1m                            Learning iteration 33/55                            [0m 

                               Run name: preservation_smoke
                            Total steps: 52224 
                       Steps per second: 523 
                        Collection time: 2.890s 
                          Learning time: 0.043s 
                        Mean value loss: 0.3805
                    Mean surrogate loss: 0.0000
                      Mean entropy loss: 6.2641
                       Mean anchor loss: 0.0000
                Mean critic_warmup loss: 1.0000
                            Mean reward: 59.98
                    Mean episode length: 478.54
                        Mean action std: 0.37
            Episode_Reward/lin_vel_z_l2: -0.0650
           Episode_Reward/ang_vel_xy_l2: -0.0201
        Episode_Reward/joint_torques_l2: -0.0007
            Episode_Reward/joint_acc_l2: -0.0671
  Episode_Reward/hipx_joint_pos_penalty: -0.2282
  Episode_Reward/hipy_joint_pos_penalty: -0.1306
  Episode_Reward/knee_joint_pos_penalty: -0.1354
            Episode_Reward/joint_mirror: -0.0009
          Episode_Reward/action_rate_l2: -0.0008
        Episode_Reward/action_smooth_l2: -0.0037
      Episode_Reward/undesired_contacts: -0.0115
          Episode_Reward/contact_forces: -0.0004
    Episode_Reward/track_lin_vel_xy_exp: 3.4877
     Episode_Reward/track_ang_vel_z_exp: 2.1498
 Episode_Reward/feet_air_time_ang_z_M20: 0.0001
    Episode_Reward/feet_slide_ang_z_cmd: -0.0012
             Episode_Reward/stand_still: -0.0136
    Episode_Reward/rotation_gait_status: 0.0000
  Episode_Reward/rotation_gait_symmetry: 0.0007
 Episode_Reward/bad_orientation_penalty: 0.0000
      Episode_Reward/joint_acc_wheel_l2: -0.0582
  Episode_Reward/stair_orientation_cost: -0.1000
  Episode_Reward/stair_forward_progress: 0.0571
  Episode_Reward/stair_front_wheel_lift: 0.0214
Episode_Reward/stair_forward_motion_cost: -0.0183
Episode_Reward/stair_ascent_direction_cost: -0.2203
Episode_Reward/stair_front_wheel_touchdown: 0.0161
Episode_Reward/stair_front_single_support: 0.0030
Episode_Reward/stair_diagonal_support_symmetry: 0.0009
 Episode_Reward/stair_front_alternation: 0.0000
Episode_Reward/stair_up_step_completion: 0.0000
  Episode_Reward/stair_up_task_crossing: 0.0000
Episode_Reward/stair_up_rear_step_completion: 0.0000
   Episode_Reward/stair_rear_wheel_lift: 0.0107
Episode_Reward/stair_descent_rear_forward_cost: -0.0023
Episode_Reward/stair_ascent_front_body_clearance_cost: -0.0011
Episode_Reward/stair_up_order_violation_cost: -0.0490
Episode_Reward/stair_up_same_tread_cost: 0.0000
Episode_Reward/stair_up_same_tread_dwell_cost: 0.0000
Episode_Reward/stair_descent_rear_fold_cost: -0.0018
Episode_Reward/stair_ascent_front_fold_cost: -0.0032
    Episode_Reward/turn_swing_size_cost: 0.0000
Episode_Reward/stair_down_step_completion: 0.0813
Episode_Reward/stair_front_riser_face_cost: 0.0000
Episode_Reward/stair_descent_rear_support: 0.0190
       Episode_Reward/stair_impact_cost: -0.0023
Episode_Reward/stair_non_wheel_contact_cost: -0.0011
Episode_Reward/stair_non_wheel_scrape_cost: -0.0009
 Episode_Reward/stair_joint_effort_cost: -0.0015
Episode_Reward/stair_joint_acceleration_cost: -0.0036
Episode_Reward/stair_mechanical_power_cost: -0.0006
              Curriculum/terrain_levels: 0.1374
                  Curriculum/gait_level: 0.0571
 Curriculum/step_completion/up_attempts: 1.4167
Curriculum/step_completion/up_successes: 0.2083
Curriculum/step_completion/up_success_rate: 0.1042
Curriculum/step_completion/up_rear_successes: 0.3333
Curriculum/step_completion/up_front_violations: 1.2083
Curriculum/step_completion/up_rear_violations: 0.7500
Curriculum/step_completion/up_front_same_tread_events: 0.0000
Curriculum/step_completion/up_front_same_tread_dwell_s: 0.0000
Curriculum/step_completion/up_rear_same_tread_events: 0.0000
Curriculum/step_completion/up_rear_same_tread_dwell_s: 0.0000
Curriculum/step_completion/up_targets_started: 2.2083
Curriculum/step_completion/up_lift_credit: 0.8559
  Curriculum/step_completion/up_retries: 0.0000
Curriculum/step_completion/up_abandoned_targets: 0.0000
Curriculum/step_completion/up_retreat_fraction: 0.1492
Curriculum/step_completion/up_stationary_fraction: 0.0140
Curriculum/step_completion/down_attempts: 1.0833
Curriculum/step_completion/down_successes: 0.5417
Curriculum/step_completion/down_success_rate: 0.4375
Curriculum/step_completion/forward_gate_fraction: 0.1352
Curriculum/step_completion/nearby_gate_fraction: 0.3856
Curriculum/step_completion/registered_risers: 2.0833
Curriculum/step_completion/up_whole_body_crossings: 0.0000
Curriculum/step_completion/up_whole_body_crossing_coverage: 0.0000
Curriculum/step_completion/up_front_registered_intermediate_risers: 1.3333
Curriculum/step_completion/up_front_landing_coverage: 0.6083
Curriculum/step_completion/up_front_strict_coverage: 0.0000
Curriculum/step_completion/up_front_physical_landings: 1.4167
Curriculum/step_completion/up_front_transition_successes: 0.0000
Curriculum/step_completion/up_front_skipped_riser_events: 0.0000
Curriculum/step_completion/up_front_unsafe_events: 1.2083
Curriculum/step_completion/up_front_skip_fraction: 0.0000
Curriculum/step_completion/up_front_visited_intermediate_risers: 1.3333
Curriculum/step_completion/up_front_same_tread_fraction: 0.0000
Curriculum/step_completion/up_front_longest_strict_run: 0.0000
Curriculum/step_completion/up_front_six_step_strict_fraction: 0.0000
Curriculum/step_completion/fl_stable_treads: 1.0833
Curriculum/step_completion/fr_stable_treads: 0.5417
Curriculum/step_completion/up_rear_registered_intermediate_risers: 1.3333
Curriculum/step_completion/up_rear_landing_coverage: 0.4750
Curriculum/step_completion/up_rear_strict_coverage: 0.0000
Curriculum/step_completion/up_rear_physical_landings: 1.0833
Curriculum/step_completion/up_rear_transition_successes: 0.0000
Curriculum/step_completion/up_rear_skipped_riser_events: 0.0000
Curriculum/step_completion/up_rear_unsafe_events: 0.7500
Curriculum/step_completion/up_rear_skip_fraction: 0.0000
Curriculum/step_completion/up_rear_visited_intermediate_risers: 0.6667
Curriculum/step_completion/up_rear_same_tread_fraction: 0.0000
Curriculum/step_completion/up_rear_longest_strict_run: 0.0000
Curriculum/step_completion/up_rear_six_step_strict_fraction: 0.0000
Curriculum/step_completion/hl_stable_treads: 0.7500
Curriculum/step_completion/hr_stable_treads: 0.3333
Curriculum/step_completion/up_rear_lift_credit: 0.4272
   Curriculum/gait_quality/turn_samples: 39.2500
Curriculum/gait_quality/descent_samples: 146.4583
Curriculum/gait_quality/rear_support_samples: 166.5000
Curriculum/gait_quality/turn_clearance_mean_m: 0.0003
Curriculum/gait_quality/turn_reach_mean_m: 0.0205
Curriculum/gait_quality/turn_yaw_error_mean: 0.0199
Curriculum/gait_quality/rear_extension_mean_m: 0.3772
Curriculum/gait_quality/rear_fold_support_fraction: 0.0921
 Curriculum/gait_quality/ascent_samples: 95.2083
Curriculum/gait_quality/front_support_samples: 66.4167
Curriculum/gait_quality/front_extension_mean_m: 0.3956
Curriculum/gait_quality/front_knee_abs_mean_rad: 0.9044
Curriculum/gait_quality/front_fold_support_fraction: 0.1081
Curriculum/gait_quality/front_swing_samples: 124.0000
Curriculum/gait_quality/front_extreme_swing_fold_fraction: 0.1471
Curriculum/gait_quality/front_loaded_a_mean_deg: 105.6807
Curriculum/gait_quality/front_loaded_a_low_fraction: 0.1081
Curriculum/gait_quality/front_loaded_a_min_deg: 39.7181
Curriculum/gait_quality/fl_loaded_samples: 40.2500
Curriculum/gait_quality/fl_loaded_a_mean_deg: 109.7760
Curriculum/gait_quality/fl_loaded_a_low_fraction: 0.0347
Curriculum/gait_quality/fr_loaded_samples: 26.1667
Curriculum/gait_quality/fr_loaded_a_mean_deg: 99.2913
Curriculum/gait_quality/fr_loaded_a_low_fraction: 0.2222
Curriculum/gait_quality/front_swing_a_mean_deg: 86.9500
Curriculum/gait_quality/front_swing_a_low_fraction: 0.1471
Curriculum/gait_quality/front_swing_a_min_deg: 26.7031
Curriculum/gait_quality/fl_swing_samples: 54.9583
Curriculum/gait_quality/fl_swing_a_mean_deg: 97.4665
Curriculum/gait_quality/fl_swing_a_low_fraction: 0.0425
Curriculum/gait_quality/fr_swing_samples: 69.0417
Curriculum/gait_quality/fr_swing_a_mean_deg: 78.2734
Curriculum/gait_quality/fr_swing_a_low_fraction: 0.2319
Curriculum/gait_quality/rear_forward_samples: 166.5000
Curriculum/gait_quality/rear_forward_excess_fraction: 0.1750
Curriculum/gait_quality/rear_body_b_mean_deg: 8.5221
Curriculum/gait_quality/rear_gravity_g_mean_deg: 3.2753
 Curriculum/gait_quality/rear_b_max_deg: 44.8497
 Curriculum/gait_quality/rear_g_max_deg: 36.8665
Curriculum/gait_quality/hl_loaded_samples: 94.7917
Curriculum/gait_quality/hl_body_b_mean_deg: 10.4346
Curriculum/gait_quality/hl_gravity_g_mean_deg: 6.2066
Curriculum/gait_quality/hl_forward_excess_fraction: 0.2362
Curriculum/gait_quality/hr_loaded_samples: 71.7083
Curriculum/gait_quality/hr_body_b_mean_deg: 5.4715
Curriculum/gait_quality/hr_gravity_g_mean_deg: -1.3778
Curriculum/gait_quality/hr_forward_excess_fraction: 0.0740
Curriculum/gait_quality/rear_entry_samples: 51.7083
Curriculum/gait_quality/rear_entry_b_mean_deg: 18.0560
Curriculum/gait_quality/rear_entry_g_mean_deg: 9.8905
Curriculum/gait_quality/front_body_gap_samples: 95.2083
Curriculum/gait_quality/front_body_gap_mean_m: 0.3225
Curriculum/gait_quality/front_body_gap_low_fraction: 0.1280
Curriculum/gait_quality/loaded_without_local_map_samples: 0.0000
    Curriculum/ascent_direction/samples: 265.7500
Curriculum/ascent_direction/lateral_error_mean_m: 0.3929
Curriculum/ascent_direction/lateral_error_max_m: 0.6499
Curriculum/ascent_direction/lateral_speed_mean_m_s: 0.1652
Curriculum/ascent_direction/heading_error_mean_deg: 4.9506
Curriculum/ascent_direction/outside_tolerance_fraction: 0.7052
  Curriculum/ascent_direction/cost_mean: 0.6369
       Curriculum/terrain_level_overall: 0.1374
Curriculum/terrain_level_pyramid_stairs: 0.1649
Curriculum/terrain_level_pyramid_stairs_inv: 0.1364
         Curriculum/terrain_level_boxes: 0.0000
  Curriculum/terrain_level_random_rough: 0.3333
Curriculum/terrain_level_hf_pyramid_slope: 0.0000
Curriculum/terrain_level_hf_pyramid_slope_inv: 0.0000
          Curriculum/terrain_level_flat: 0.1667
     Metrics/base_velocity/error_vel_xy: 0.3636
    Metrics/base_velocity/error_vel_yaw: 0.3106
           Metrics/base_velocity/base_z: 0.7708
         Metrics/base_velocity/knee_pos: 0.6952
           Episode_Termination/time_out: 0.7298
Episode_Termination/terrain_out_of_bounds: 0.0000
  Episode_Termination/bad_orientation_2: 0.0000
--------------------------------------------------------------------------------
                         Iteration time: 2.93s
                           Time elapsed: 00:01:33
                                    ETA: 00:00:57

################################################################################
[1m                            Learning iteration 34/55                            [0m 

                               Run name: preservation_smoke
                            Total steps: 53760 
                       Steps per second: 574 
                        Collection time: 2.630s 
                          Learning time: 0.042s 
                        Mean value loss: 0.1077
                    Mean surrogate loss: -0.0000
                      Mean entropy loss: 6.2641
                       Mean anchor loss: 0.0000
                Mean critic_warmup loss: 1.0000
                            Mean reward: 61.14
                    Mean episode length: 492.18
                        Mean action std: 0.37
            Episode_Reward/lin_vel_z_l2: -0.0290
           Episode_Reward/ang_vel_xy_l2: -0.0145
        Episode_Reward/joint_torques_l2: -0.0013
            Episode_Reward/joint_acc_l2: -0.0472
  Episode_Reward/hipx_joint_pos_penalty: -0.2192
  Episode_Reward/hipy_joint_pos_penalty: -0.1112
  Episode_Reward/knee_joint_pos_penalty: -0.1392
            Episode_Reward/joint_mirror: -0.0010
          Episode_Reward/action_rate_l2: -0.0014
        Episode_Reward/action_smooth_l2: -0.0049
      Episode_Reward/undesired_contacts: -0.0021
          Episode_Reward/contact_forces: -0.0006
    Episode_Reward/track_lin_vel_xy_exp: 3.7694
     Episode_Reward/track_ang_vel_z_exp: 2.3044
 Episode_Reward/feet_air_time_ang_z_M20: 0.0000
    Episode_Reward/feet_slide_ang_z_cmd: 0.0000
             Episode_Reward/stand_still: 0.0000
    Episode_Reward/rotation_gait_status: 0.0000
  Episode_Reward/rotation_gait_symmetry: 0.0000
 Episode_Reward/bad_orientation_penalty: 0.0000
      Episode_Reward/joint_acc_wheel_l2: -0.0390
  Episode_Reward/stair_orientation_cost: -0.0455
  Episode_Reward/stair_forward_progress: 0.0259
  Episode_Reward/stair_front_wheel_lift: 0.0216
Episode_Reward/stair_forward_motion_cost: -0.0016
Episode_Reward/stair_ascent_direction_cost: -0.1412
Episode_Reward/stair_front_wheel_touchdown: 0.0026
Episode_Reward/stair_front_single_support: 0.0019
Episode_Reward/stair_diagonal_support_symmetry: 0.0008
 Episode_Reward/stair_front_alternation: 0.0026
Episode_Reward/stair_up_step_completion: 0.0312
  Episode_Reward/stair_up_task_crossing: 0.0417
Episode_Reward/stair_up_rear_step_completion: 0.0000
   Episode_Reward/stair_rear_wheel_lift: 0.0355
Episode_Reward/stair_descent_rear_forward_cost: 0.0000
Episode_Reward/stair_ascent_front_body_clearance_cost: -0.0000
Episode_Reward/stair_up_order_violation_cost: -0.2917
Episode_Reward/stair_up_same_tread_cost: -0.1094
Episode_Reward/stair_up_same_tread_dwell_cost: 0.0000
Episode_Reward/stair_descent_rear_fold_cost: 0.0000
Episode_Reward/stair_ascent_front_fold_cost: -0.0061
    Episode_Reward/turn_swing_size_cost: 0.0000
Episode_Reward/stair_down_step_completion: 0.0000
Episode_Reward/stair_front_riser_face_cost: 0.0000
Episode_Reward/stair_descent_rear_support: 0.0000
       Episode_Reward/stair_impact_cost: -0.0004
Episode_Reward/stair_non_wheel_contact_cost: -0.0002
Episode_Reward/stair_non_wheel_scrape_cost: -0.0002
 Episode_Reward/stair_joint_effort_cost: -0.0006
Episode_Reward/stair_joint_acceleration_cost: -0.0017
Episode_Reward/stair_mechanical_power_cost: -0.0002
              Curriculum/terrain_levels: 0.1530
                  Curriculum/gait_level: 0.0580
 Curriculum/step_completion/up_attempts: 8.1250
Curriculum/step_completion/up_successes: 1.0417
Curriculum/step_completion/up_success_rate: 0.0267
Curriculum/step_completion/up_rear_successes: 1.2500
Curriculum/step_completion/up_front_violations: 7.0833
Curriculum/step_completion/up_rear_violations: 4.5833
Curriculum/step_completion/up_front_same_tread_events: 0.4167
Curriculum/step_completion/up_front_same_tread_dwell_s: 0.0000
Curriculum/step_completion/up_rear_same_tread_events: 1.0417
Curriculum/step_completion/up_rear_same_tread_dwell_s: 0.0000
Curriculum/step_completion/up_targets_started: 3.3333
Curriculum/step_completion/up_lift_credit: 0.8631
  Curriculum/step_completion/up_retries: 0.2083
Curriculum/step_completion/up_abandoned_targets: 0.0000
Curriculum/step_completion/up_retreat_fraction: 0.0000
Curriculum/step_completion/up_stationary_fraction: 0.0000
Curriculum/step_completion/down_attempts: 0.2083
Curriculum/step_completion/down_successes: 0.0000
Curriculum/step_completion/down_success_rate: 0.0000
Curriculum/step_completion/forward_gate_fraction: 0.0862
Curriculum/step_completion/nearby_gate_fraction: 0.2247
Curriculum/step_completion/registered_risers: 13.3333
Curriculum/step_completion/up_whole_body_crossings: 0.4167
Curriculum/step_completion/up_whole_body_crossing_coverage: 0.0065
Curriculum/step_completion/up_front_registered_intermediate_risers: 7.9167
Curriculum/step_completion/up_front_landing_coverage: 0.1270
Curriculum/step_completion/up_front_strict_coverage: 0.0110
Curriculum/step_completion/up_front_physical_landings: 8.1250
Curriculum/step_completion/up_front_transition_successes: 0.2083
Curriculum/step_completion/up_front_skipped_riser_events: 3.5417
Curriculum/step_completion/up_front_unsafe_events: 5.6250
Curriculum/step_completion/up_front_skip_fraction: 0.0908
Curriculum/step_completion/up_front_visited_intermediate_risers: 2.7083
Curriculum/step_completion/up_front_same_tread_fraction: 0.0321
Curriculum/step_completion/up_front_longest_strict_run: 0.2083
Curriculum/step_completion/up_front_six_step_strict_fraction: 0.0000
Curriculum/step_completion/fl_stable_treads: 5.8333
Curriculum/step_completion/fr_stable_treads: 4.1667
Curriculum/step_completion/up_rear_registered_intermediate_risers: 7.9167
Curriculum/step_completion/up_rear_landing_coverage: 0.0911
Curriculum/step_completion/up_rear_strict_coverage: 0.0164
Curriculum/step_completion/up_rear_physical_landings: 5.8333
Curriculum/step_completion/up_rear_transition_successes: 0.0000
Curriculum/step_completion/up_rear_skipped_riser_events: 1.8750
Curriculum/step_completion/up_rear_unsafe_events: 4.5833
Curriculum/step_completion/up_rear_skip_fraction: 0.0670
Curriculum/step_completion/up_rear_visited_intermediate_risers: 4.3750
Curriculum/step_completion/up_rear_same_tread_fraction: 0.0496
Curriculum/step_completion/up_rear_longest_strict_run: 0.2083
Curriculum/step_completion/up_rear_six_step_strict_fraction: 0.0000
Curriculum/step_completion/hl_stable_treads: 3.7500
Curriculum/step_completion/hr_stable_treads: 3.9583
Curriculum/step_completion/up_rear_lift_credit: 1.4202
   Curriculum/gait_quality/turn_samples: 0.0000
Curriculum/gait_quality/descent_samples: 0.4167
Curriculum/gait_quality/rear_support_samples: 0.4167
Curriculum/gait_quality/turn_clearance_mean_m: 0.0000
Curriculum/gait_quality/turn_reach_mean_m: 0.0000
Curriculum/gait_quality/turn_yaw_error_mean: 0.0000
Curriculum/gait_quality/rear_extension_mean_m: 0.1043
Curriculum/gait_quality/rear_fold_support_fraction: 0.0000
 Curriculum/gait_quality/ascent_samples: 82.5000
Curriculum/gait_quality/front_support_samples: 72.7083
Curriculum/gait_quality/front_extension_mean_m: 0.0862
Curriculum/gait_quality/front_knee_abs_mean_rad: 0.2822
Curriculum/gait_quality/front_fold_support_fraction: 0.0704
Curriculum/gait_quality/front_swing_samples: 92.2917
Curriculum/gait_quality/front_extreme_swing_fold_fraction: 0.0546
Curriculum/gait_quality/front_loaded_a_mean_deg: 21.3333
Curriculum/gait_quality/front_loaded_a_low_fraction: 0.0704
Curriculum/gait_quality/front_loaded_a_min_deg: 9.3326
Curriculum/gait_quality/fl_loaded_samples: 37.2917
Curriculum/gait_quality/fl_loaded_a_mean_deg: 18.7078
Curriculum/gait_quality/fl_loaded_a_low_fraction: 0.1234
Curriculum/gait_quality/fr_loaded_samples: 35.4167
Curriculum/gait_quality/fr_loaded_a_mean_deg: 24.0978
Curriculum/gait_quality/fr_loaded_a_low_fraction: 0.0147
Curriculum/gait_quality/front_swing_a_mean_deg: 19.3229
Curriculum/gait_quality/front_swing_a_low_fraction: 0.0546
Curriculum/gait_quality/front_swing_a_min_deg: 6.3077
Curriculum/gait_quality/fl_swing_samples: 45.2083
Curriculum/gait_quality/fl_swing_a_mean_deg: 17.6491
Curriculum/gait_quality/fl_swing_a_low_fraction: 0.0816
Curriculum/gait_quality/fr_swing_samples: 47.0833
Curriculum/gait_quality/fr_swing_a_mean_deg: 20.9300
Curriculum/gait_quality/fr_swing_a_low_fraction: 0.0286
Curriculum/gait_quality/rear_forward_samples: 0.4167
Curriculum/gait_quality/rear_forward_excess_fraction: 0.0000
Curriculum/gait_quality/rear_body_b_mean_deg: -0.6741
Curriculum/gait_quality/rear_gravity_g_mean_deg: -0.2838
 Curriculum/gait_quality/rear_b_max_deg: -0.1244
 Curriculum/gait_quality/rear_g_max_deg: 0.2586
Curriculum/gait_quality/hl_loaded_samples: 0.2083
Curriculum/gait_quality/hl_body_b_mean_deg: -1.2239
Curriculum/gait_quality/hl_gravity_g_mean_deg: -0.8262
Curriculum/gait_quality/hl_forward_excess_fraction: 0.0000
Curriculum/gait_quality/hr_loaded_samples: 0.2083
Curriculum/gait_quality/hr_body_b_mean_deg: -0.1244
Curriculum/gait_quality/hr_gravity_g_mean_deg: 0.2586
Curriculum/gait_quality/hr_forward_excess_fraction: 0.0000
Curriculum/gait_quality/rear_entry_samples: 0.0000
Curriculum/gait_quality/rear_entry_b_mean_deg: 0.0000
Curriculum/gait_quality/rear_entry_g_mean_deg: 0.0000
Curriculum/gait_quality/front_body_gap_samples: 82.5000
Curriculum/gait_quality/front_body_gap_mean_m: 0.0738
Curriculum/gait_quality/front_body_gap_low_fraction: 0.0011
Curriculum/gait_quality/loaded_without_local_map_samples: 0.0000
    Curriculum/ascent_direction/samples: 106.0417
Curriculum/ascent_direction/lateral_error_mean_m: 0.0949
Curriculum/ascent_direction/lateral_error_max_m: 0.4815
Curriculum/ascent_direction/lateral_speed_mean_m_s: 0.0619
Curriculum/ascent_direction/heading_error_mean_deg: 3.6353
Curriculum/ascent_direction/outside_tolerance_fraction: 0.1265
  Curriculum/ascent_direction/cost_mean: 0.1387
       Curriculum/terrain_level_overall: 0.1530
Curriculum/terrain_level_pyramid_stairs: 0.2083
Curriculum/terrain_level_pyramid_stairs_inv: 0.1364
         Curriculum/terrain_level_boxes: 0.0000
  Curriculum/terrain_level_random_rough: 0.3333
Curriculum/terrain_level_hf_pyramid_slope: 0.0000
Curriculum/terrain_level_hf_pyramid_slope_inv: 0.0000
          Curriculum/terrain_level_flat: 0.1667
     Metrics/base_velocity/error_vel_xy: 0.3031
    Metrics/base_velocity/error_vel_yaw: 0.2425
           Metrics/base_velocity/base_z: 0.5920
         Metrics/base_velocity/knee_pos: 0.4580
           Episode_Termination/time_out: 0.7780
Episode_Termination/terrain_out_of_bounds: 0.0000
  Episode_Termination/bad_orientation_2: 0.0000
--------------------------------------------------------------------------------
                         Iteration time: 2.67s
                           Time elapsed: 00:01:36
                                    ETA: 00:00:54

################################################################################
[1m                            Learning iteration 35/55                            [0m 

                               Run name: preservation_smoke
                            Total steps: 55296 
                       Steps per second: 565 
                        Collection time: 2.659s 
                          Learning time: 0.058s 
                        Mean value loss: 0.1364
                    Mean surrogate loss: -0.0000
                      Mean entropy loss: 6.2641
                       Mean anchor loss: 0.0000
                Mean critic_warmup loss: 1.0000
                            Mean reward: 61.29
                    Mean episode length: 506.19
                        Mean action std: 0.37
            Episode_Reward/lin_vel_z_l2: -0.0945
           Episode_Reward/ang_vel_xy_l2: -0.0301
        Episode_Reward/joint_torques_l2: -0.0017
            Episode_Reward/joint_acc_l2: -0.1340
  Episode_Reward/hipx_joint_pos_penalty: -0.2747
  Episode_Reward/hipy_joint_pos_penalty: -0.1095
  Episode_Reward/knee_joint_pos_penalty: -0.1370
            Episode_Reward/joint_mirror: -0.0026
          Episode_Reward/action_rate_l2: -0.0022
        Episode_Reward/action_smooth_l2: -0.0085
      Episode_Reward/undesired_contacts: -0.0125
          Episode_Reward/contact_forces: -0.0008
    Episode_Reward/track_lin_vel_xy_exp: 3.7356
     Episode_Reward/track_ang_vel_z_exp: 2.2066
 Episode_Reward/feet_air_time_ang_z_M20: 0.0000
    Episode_Reward/feet_slide_ang_z_cmd: 0.0000
             Episode_Reward/stand_still: 0.0000
    Episode_Reward/rotation_gait_status: 0.0000
  Episode_Reward/rotation_gait_symmetry: 0.0000
 Episode_Reward/bad_orientation_penalty: 0.0000
      Episode_Reward/joint_acc_wheel_l2: -0.0941
  Episode_Reward/stair_orientation_cost: -0.1240
  Episode_Reward/stair_forward_progress: 0.0623
  Episode_Reward/stair_front_wheel_lift: 0.1250
Episode_Reward/stair_forward_motion_cost: -0.0524
Episode_Reward/stair_ascent_direction_cost: -1.6510
Episode_Reward/stair_front_wheel_touchdown: 0.0312
Episode_Reward/stair_front_single_support: 0.0039
Episode_Reward/stair_diagonal_support_symmetry: 0.0018
 Episode_Reward/stair_front_alternation: 0.0078
Episode_Reward/stair_up_step_completion: 0.0938
  Episode_Reward/stair_up_task_crossing: 0.0625
Episode_Reward/stair_up_rear_step_completion: 0.0000
   Episode_Reward/stair_rear_wheel_lift: 0.0625
Episode_Reward/stair_descent_rear_forward_cost: -0.0002
Episode_Reward/stair_ascent_front_body_clearance_cost: -0.0002
Episode_Reward/stair_up_order_violation_cost: -1.1719
Episode_Reward/stair_up_same_tread_cost: -0.0938
Episode_Reward/stair_up_same_tread_dwell_cost: 0.0000
Episode_Reward/stair_descent_rear_fold_cost: -0.0176
Episode_Reward/stair_ascent_front_fold_cost: -0.0225
    Episode_Reward/turn_swing_size_cost: 0.0000
Episode_Reward/stair_down_step_completion: 0.0938
Episode_Reward/stair_front_riser_face_cost: -0.0156
Episode_Reward/stair_descent_rear_support: 0.0219
       Episode_Reward/stair_impact_cost: -0.0031
Episode_Reward/stair_non_wheel_contact_cost: -0.0014
Episode_Reward/stair_non_wheel_scrape_cost: -0.0010
 Episode_Reward/stair_joint_effort_cost: -0.0027
Episode_Reward/stair_joint_acceleration_cost: -0.0066
Episode_Reward/stair_mechanical_power_cost: -0.0011
              Curriculum/terrain_levels: 0.1562
                  Curriculum/gait_level: 0.0582
 Curriculum/step_completion/up_attempts: 26.8750
Curriculum/step_completion/up_successes: 5.0000
Curriculum/step_completion/up_success_rate: 0.1163
Curriculum/step_completion/up_rear_successes: 1.8750
Curriculum/step_completion/up_front_violations: 21.8750
Curriculum/step_completion/up_rear_violations: 25.0000
Curriculum/step_completion/up_front_same_tread_events: 1.2500
Curriculum/step_completion/up_front_same_tread_dwell_s: 0.0000
Curriculum/step_completion/up_rear_same_tread_events: 0.0000
Curriculum/step_completion/up_rear_same_tread_dwell_s: 0.0000
Curriculum/step_completion/up_targets_started: 15.6250
Curriculum/step_completion/up_lift_credit: 5.0000
  Curriculum/step_completion/up_retries: 0.0000
Curriculum/step_completion/up_abandoned_targets: 0.0000
Curriculum/step_completion/up_retreat_fraction: 0.0000
Curriculum/step_completion/up_stationary_fraction: 0.0000
Curriculum/step_completion/down_attempts: 1.8750
Curriculum/step_completion/down_successes: 0.6250
Curriculum/step_completion/down_success_rate: 0.2083
Curriculum/step_completion/forward_gate_fraction: 0.4181
Curriculum/step_completion/nearby_gate_fraction: 0.5533
Curriculum/step_completion/registered_risers: 40.0000
Curriculum/step_completion/up_whole_body_crossings: 0.6250
Curriculum/step_completion/up_whole_body_crossing_coverage: 0.0098
Curriculum/step_completion/up_front_registered_intermediate_risers: 32.5000
Curriculum/step_completion/up_front_landing_coverage: 0.4199
Curriculum/step_completion/up_front_strict_coverage: 0.0361
Curriculum/step_completion/up_front_physical_landings: 26.8750
Curriculum/step_completion/up_front_transition_successes: 0.6250
Curriculum/step_completion/up_front_skipped_riser_events: 12.5000
Curriculum/step_completion/up_front_unsafe_events: 13.7500
Curriculum/step_completion/up_front_skip_fraction: 0.2907
Curriculum/step_completion/up_front_visited_intermediate_risers: 19.3750
Curriculum/step_completion/up_front_same_tread_fraction: 0.0403
Curriculum/step_completion/up_front_longest_strict_run: 0.6250
Curriculum/step_completion/up_front_six_step_strict_fraction: 0.0000
Curriculum/step_completion/fl_stable_treads: 10.6250
Curriculum/step_completion/fr_stable_treads: 24.3750
Curriculum/step_completion/up_rear_registered_intermediate_risers: 32.5000
Curriculum/step_completion/up_rear_landing_coverage: 0.4199
Curriculum/step_completion/up_rear_strict_coverage: 0.0240
Curriculum/step_completion/up_rear_physical_landings: 26.8750
Curriculum/step_completion/up_rear_transition_successes: 0.0000
Curriculum/step_completion/up_rear_skipped_riser_events: 16.8750
Curriculum/step_completion/up_rear_unsafe_events: 15.6250
Curriculum/step_completion/up_rear_skip_fraction: 0.3924
Curriculum/step_completion/up_rear_visited_intermediate_risers: 20.0000
Curriculum/step_completion/up_rear_same_tread_fraction: 0.0000
Curriculum/step_completion/up_rear_longest_strict_run: 0.6250
Curriculum/step_completion/up_rear_six_step_strict_fraction: 0.0000
Curriculum/step_completion/hl_stable_treads: 6.2500
Curriculum/step_completion/hr_stable_treads: 26.8750
Curriculum/step_completion/up_rear_lift_credit: 2.5000
   Curriculum/gait_quality/turn_samples: 0.0000
Curriculum/gait_quality/descent_samples: 228.1250
Curriculum/gait_quality/rear_support_samples: 243.1250
Curriculum/gait_quality/turn_clearance_mean_m: 0.0000
Curriculum/gait_quality/turn_reach_mean_m: 0.0000
Curriculum/gait_quality/turn_yaw_error_mean: 0.0000
Curriculum/gait_quality/rear_extension_mean_m: 0.2406
Curriculum/gait_quality/rear_fold_support_fraction: 0.2314
 Curriculum/gait_quality/ascent_samples: 172.5000
Curriculum/gait_quality/front_support_samples: 111.2500
Curriculum/gait_quality/front_extension_mean_m: 0.2579
Curriculum/gait_quality/front_knee_abs_mean_rad: 0.8493
Curriculum/gait_quality/front_fold_support_fraction: 0.1510
Curriculum/gait_quality/front_swing_samples: 233.7500
Curriculum/gait_quality/front_extreme_swing_fold_fraction: 0.2674
Curriculum/gait_quality/front_loaded_a_mean_deg: 63.8411
Curriculum/gait_quality/front_loaded_a_low_fraction: 0.1510
Curriculum/gait_quality/front_loaded_a_min_deg: 26.9287
Curriculum/gait_quality/fl_loaded_samples: 46.8750
Curriculum/gait_quality/fl_loaded_a_mean_deg: 62.4122
Curriculum/gait_quality/fl_loaded_a_low_fraction: 0.1917
Curriculum/gait_quality/fr_loaded_samples: 64.3750
Curriculum/gait_quality/fr_loaded_a_mean_deg: 64.8816
Curriculum/gait_quality/fr_loaded_a_low_fraction: 0.1214
Curriculum/gait_quality/front_swing_a_mean_deg: 50.5438
Curriculum/gait_quality/front_swing_a_low_fraction: 0.2674
Curriculum/gait_quality/front_swing_a_min_deg: 12.6018
Curriculum/gait_quality/fl_swing_samples: 125.6250
Curriculum/gait_quality/fl_swing_a_mean_deg: 48.0294
Curriculum/gait_quality/fl_swing_a_low_fraction: 0.2923
Curriculum/gait_quality/fr_swing_samples: 108.1250
Curriculum/gait_quality/fr_swing_a_mean_deg: 53.4650
Curriculum/gait_quality/fr_swing_a_low_fraction: 0.2384
Curriculum/gait_quality/rear_forward_samples: 243.1250
Curriculum/gait_quality/rear_forward_excess_fraction: 0.0080
Curriculum/gait_quality/rear_body_b_mean_deg: -1.5951
Curriculum/gait_quality/rear_gravity_g_mean_deg: -4.8876
 Curriculum/gait_quality/rear_b_max_deg: 23.2250
 Curriculum/gait_quality/rear_g_max_deg: 21.1776
Curriculum/gait_quality/hl_loaded_samples: 109.3750
Curriculum/gait_quality/hl_body_b_mean_deg: -6.4856
Curriculum/gait_quality/hl_gravity_g_mean_deg: -9.7432
Curriculum/gait_quality/hl_forward_excess_fraction: 0.0000
Curriculum/gait_quality/hr_loaded_samples: 133.7500
Curriculum/gait_quality/hr_body_b_mean_deg: 2.4041
Curriculum/gait_quality/hr_gravity_g_mean_deg: -0.9169
Curriculum/gait_quality/hr_forward_excess_fraction: 0.0146
Curriculum/gait_quality/rear_entry_samples: 181.2500
Curriculum/gait_quality/rear_entry_b_mean_deg: -1.0680
Curriculum/gait_quality/rear_entry_g_mean_deg: -5.0981
Curriculum/gait_quality/front_body_gap_samples: 172.5000
Curriculum/gait_quality/front_body_gap_mean_m: 0.2039
Curriculum/gait_quality/front_body_gap_low_fraction: 0.0362
Curriculum/gait_quality/loaded_without_local_map_samples: 0.0000
    Curriculum/ascent_direction/samples: 508.1250
Curriculum/ascent_direction/lateral_error_mean_m: 3.4231
Curriculum/ascent_direction/lateral_error_max_m: 7.4462
Curriculum/ascent_direction/lateral_speed_mean_m_s: 0.4606
Curriculum/ascent_direction/heading_error_mean_deg: 20.9802
Curriculum/ascent_direction/outside_tolerance_fraction: 0.5858
  Curriculum/ascent_direction/cost_mean: 1.0154
       Curriculum/terrain_level_overall: 0.1562
Curriculum/terrain_level_pyramid_stairs: 0.2174
Curriculum/terrain_level_pyramid_stairs_inv: 0.1364
         Curriculum/terrain_level_boxes: 0.0000
  Curriculum/terrain_level_random_rough: 0.3333
Curriculum/terrain_level_hf_pyramid_slope: 0.0000
Curriculum/terrain_level_hf_pyramid_slope_inv: 0.0000
          Curriculum/terrain_level_flat: 0.1667
     Metrics/base_velocity/error_vel_xy: 0.3685
    Metrics/base_velocity/error_vel_yaw: 0.3682
           Metrics/base_velocity/base_z: 0.2884
         Metrics/base_velocity/knee_pos: 1.0852
           Episode_Termination/time_out: 0.7923
Episode_Termination/terrain_out_of_bounds: 0.0000
  Episode_Termination/bad_orientation_2: 0.0000
--------------------------------------------------------------------------------
                         Iteration time: 2.72s
                           Time elapsed: 00:01:38
                                    ETA: 00:00:52

################################################################################
[1m                            Learning iteration 36/55                            [0m 

                               Run name: preservation_smoke
                            Total steps: 56832 
                       Steps per second: 585 
                        Collection time: 2.571s 
                          Learning time: 0.053s 
                        Mean value loss: 0.1934
                    Mean surrogate loss: 0.0000
                      Mean entropy loss: 6.2641
                       Mean anchor loss: 0.0000
                Mean critic_warmup loss: 1.0000
                            Mean reward: 61.29
                    Mean episode length: 506.19
                        Mean action std: 0.37
            Episode_Reward/lin_vel_z_l2: -0.0120
           Episode_Reward/ang_vel_xy_l2: -0.0136
        Episode_Reward/joint_torques_l2: -0.0015
            Episode_Reward/joint_acc_l2: -0.0339
  Episode_Reward/hipx_joint_pos_penalty: -0.2643
  Episode_Reward/hipy_joint_pos_penalty: -0.1266
  Episode_Reward/knee_joint_pos_penalty: -0.1160
            Episode_Reward/joint_mirror: -0.0007
          Episode_Reward/action_rate_l2: -0.0015
        Episode_Reward/action_smooth_l2: -0.0051
      Episode_Reward/undesired_contacts: 0.0000
          Episode_Reward/contact_forces: -0.0006
    Episode_Reward/track_lin_vel_xy_exp: 4.0551
     Episode_Reward/track_ang_vel_z_exp: 2.4610
 Episode_Reward/feet_air_time_ang_z_M20: 0.0000
    Episode_Reward/feet_slide_ang_z_cmd: 0.0000
             Episode_Reward/stand_still: 0.0000
    Episode_Reward/rotation_gait_status: 0.0000
  Episode_Reward/rotation_gait_symmetry: 0.0000
 Episode_Reward/bad_orientation_penalty: 0.0000
      Episode_Reward/joint_acc_wheel_l2: -0.0300
  Episode_Reward/stair_orientation_cost: -0.0318
  Episode_Reward/stair_forward_progress: 0.0000
  Episode_Reward/stair_front_wheel_lift: 0.0000
Episode_Reward/stair_forward_motion_cost: 0.0000
Episode_Reward/stair_ascent_direction_cost: 0.0000
Episode_Reward/stair_front_wheel_touchdown: 0.0000
Episode_Reward/stair_front_single_support: 0.0000
Episode_Reward/stair_diagonal_support_symmetry: 0.0000
 Episode_Reward/stair_front_alternation: 0.0000
Episode_Reward/stair_up_step_completion: 0.0000
  Episode_Reward/stair_up_task_crossing: 0.0000
Episode_Reward/stair_up_rear_step_completion: 0.0000
   Episode_Reward/stair_rear_wheel_lift: 0.0000
Episode_Reward/stair_descent_rear_forward_cost: 0.0000
Episode_Reward/stair_ascent_front_body_clearance_cost: 0.0000
Episode_Reward/stair_up_order_violation_cost: 0.0000
Episode_Reward/stair_up_same_tread_cost: 0.0000
Episode_Reward/stair_up_same_tread_dwell_cost: 0.0000
Episode_Reward/stair_descent_rear_fold_cost: 0.0000
Episode_Reward/stair_ascent_front_fold_cost: 0.0000
    Episode_Reward/turn_swing_size_cost: 0.0000
Episode_Reward/stair_down_step_completion: 0.0000
Episode_Reward/stair_front_riser_face_cost: 0.0000
Episode_Reward/stair_descent_rear_support: 0.0000
       Episode_Reward/stair_impact_cost: 0.0000
Episode_Reward/stair_non_wheel_contact_cost: 0.0000
Episode_Reward/stair_non_wheel_scrape_cost: 0.0000
 Episode_Reward/stair_joint_effort_cost: 0.0000
Episode_Reward/stair_joint_acceleration_cost: 0.0000
Episode_Reward/stair_mechanical_power_cost: 0.0000
              Curriculum/terrain_levels: 0.1562
                  Curriculum/gait_level: 0.0582
 Curriculum/step_completion/up_attempts: 0.0000
Curriculum/step_completion/up_successes: 0.0000
Curriculum/step_completion/up_success_rate: 0.0000
Curriculum/step_completion/up_rear_successes: 0.0000
Curriculum/step_completion/up_front_violations: 0.0000
Curriculum/step_completion/up_rear_violations: 0.0000
Curriculum/step_completion/up_front_same_tread_events: 0.0000
Curriculum/step_completion/up_front_same_tread_dwell_s: 0.0000
Curriculum/step_completion/up_rear_same_tread_events: 0.0000
Curriculum/step_completion/up_rear_same_tread_dwell_s: 0.0000
Curriculum/step_completion/up_targets_started: 0.0000
Curriculum/step_completion/up_lift_credit: 0.0000
  Curriculum/step_completion/up_retries: 0.0000
Curriculum/step_completion/up_abandoned_targets: 0.0000
Curriculum/step_completion/up_retreat_fraction: 0.0000
Curriculum/step_completion/up_stationary_fraction: 0.0000
Curriculum/step_completion/down_attempts: 0.0000
Curriculum/step_completion/down_successes: 0.0000
Curriculum/step_completion/down_success_rate: 0.0000
Curriculum/step_completion/forward_gate_fraction: 0.0000
Curriculum/step_completion/nearby_gate_fraction: 0.0000
Curriculum/step_completion/registered_risers: 0.0000
Curriculum/step_completion/up_whole_body_crossings: 0.0000
Curriculum/step_completion/up_whole_body_crossing_coverage: 0.0000
Curriculum/step_completion/up_front_registered_intermediate_risers: 0.0000
Curriculum/step_completion/up_front_landing_coverage: 0.0000
Curriculum/step_completion/up_front_strict_coverage: 0.0000
Curriculum/step_completion/up_front_physical_landings: 0.0000
Curriculum/step_completion/up_front_transition_successes: 0.0000
Curriculum/step_completion/up_front_skipped_riser_events: 0.0000
Curriculum/step_completion/up_front_unsafe_events: 0.0000
Curriculum/step_completion/up_front_skip_fraction: 0.0000
Curriculum/step_completion/up_front_visited_intermediate_risers: 0.0000
Curriculum/step_completion/up_front_same_tread_fraction: 0.0000
Curriculum/step_completion/up_front_longest_strict_run: 0.0000
Curriculum/step_completion/up_front_six_step_strict_fraction: 0.0000
Curriculum/step_completion/fl_stable_treads: 0.0000
Curriculum/step_completion/fr_stable_treads: 0.0000
Curriculum/step_completion/up_rear_registered_intermediate_risers: 0.0000
Curriculum/step_completion/up_rear_landing_coverage: 0.0000
Curriculum/step_completion/up_rear_strict_coverage: 0.0000
Curriculum/step_completion/up_rear_physical_landings: 0.0000
Curriculum/step_completion/up_rear_transition_successes: 0.0000
Curriculum/step_completion/up_rear_skipped_riser_events: 0.0000
Curriculum/step_completion/up_rear_unsafe_events: 0.0000
Curriculum/step_completion/up_rear_skip_fraction: 0.0000
Curriculum/step_completion/up_rear_visited_intermediate_risers: 0.0000
Curriculum/step_completion/up_rear_same_tread_fraction: 0.0000
Curriculum/step_completion/up_rear_longest_strict_run: 0.0000
Curriculum/step_completion/up_rear_six_step_strict_fraction: 0.0000
Curriculum/step_completion/hl_stable_treads: 0.0000
Curriculum/step_completion/hr_stable_treads: 0.0000
Curriculum/step_completion/up_rear_lift_credit: 0.0000
   Curriculum/gait_quality/turn_samples: 0.0000
Curriculum/gait_quality/descent_samples: 0.0000
Curriculum/gait_quality/rear_support_samples: 0.0000
Curriculum/gait_quality/turn_clearance_mean_m: 0.0000
Curriculum/gait_quality/turn_reach_mean_m: 0.0000
Curriculum/gait_quality/turn_yaw_error_mean: 0.0000
Curriculum/gait_quality/rear_extension_mean_m: 0.0000
Curriculum/gait_quality/rear_fold_support_fraction: 0.0000
 Curriculum/gait_quality/ascent_samples: 0.0000
Curriculum/gait_quality/front_support_samples: 0.0000
Curriculum/gait_quality/front_extension_mean_m: 0.0000
Curriculum/gait_quality/front_knee_abs_mean_rad: 0.0000
Curriculum/gait_quality/front_fold_support_fraction: 0.0000
Curriculum/gait_quality/front_swing_samples: 0.0000
Curriculum/gait_quality/front_extreme_swing_fold_fraction: 0.0000
Curriculum/gait_quality/front_loaded_a_mean_deg: 0.0000
Curriculum/gait_quality/front_loaded_a_low_fraction: 0.0000
Curriculum/gait_quality/front_loaded_a_min_deg: 0.0000
Curriculum/gait_quality/fl_loaded_samples: 0.0000
Curriculum/gait_quality/fl_loaded_a_mean_deg: 0.0000
Curriculum/gait_quality/fl_loaded_a_low_fraction: 0.0000
Curriculum/gait_quality/fr_loaded_samples: 0.0000
Curriculum/gait_quality/fr_loaded_a_mean_deg: 0.0000
Curriculum/gait_quality/fr_loaded_a_low_fraction: 0.0000
Curriculum/gait_quality/front_swing_a_mean_deg: 0.0000
Curriculum/gait_quality/front_swing_a_low_fraction: 0.0000
Curriculum/gait_quality/front_swing_a_min_deg: 0.0000
Curriculum/gait_quality/fl_swing_samples: 0.0000
Curriculum/gait_quality/fl_swing_a_mean_deg: 0.0000
Curriculum/gait_quality/fl_swing_a_low_fraction: 0.0000
Curriculum/gait_quality/fr_swing_samples: 0.0000
Curriculum/gait_quality/fr_swing_a_mean_deg: 0.0000
Curriculum/gait_quality/fr_swing_a_low_fraction: 0.0000
Curriculum/gait_quality/rear_forward_samples: 0.0000
Curriculum/gait_quality/rear_forward_excess_fraction: 0.0000
Curriculum/gait_quality/rear_body_b_mean_deg: 0.0000
Curriculum/gait_quality/rear_gravity_g_mean_deg: 0.0000
 Curriculum/gait_quality/rear_b_max_deg: 0.0000
 Curriculum/gait_quality/rear_g_max_deg: 0.0000
Curriculum/gait_quality/hl_loaded_samples: 0.0000
Curriculum/gait_quality/hl_body_b_mean_deg: 0.0000
Curriculum/gait_quality/hl_gravity_g_mean_deg: 0.0000
Curriculum/gait_quality/hl_forward_excess_fraction: 0.0000
Curriculum/gait_quality/hr_loaded_samples: 0.0000
Curriculum/gait_quality/hr_body_b_mean_deg: 0.0000
Curriculum/gait_quality/hr_gravity_g_mean_deg: 0.0000
Curriculum/gait_quality/hr_forward_excess_fraction: 0.0000
Curriculum/gait_quality/rear_entry_samples: 0.0000
Curriculum/gait_quality/rear_entry_b_mean_deg: 0.0000
Curriculum/gait_quality/rear_entry_g_mean_deg: 0.0000
Curriculum/gait_quality/front_body_gap_samples: 0.0000
Curriculum/gait_quality/front_body_gap_mean_m: 0.0000
Curriculum/gait_quality/front_body_gap_low_fraction: 0.0000
Curriculum/gait_quality/loaded_without_local_map_samples: 0.0000
    Curriculum/ascent_direction/samples: 0.0000
Curriculum/ascent_direction/lateral_error_mean_m: 0.0000
Curriculum/ascent_direction/lateral_error_max_m: 0.0000
Curriculum/ascent_direction/lateral_speed_mean_m_s: 0.0000
Curriculum/ascent_direction/heading_error_mean_deg: 0.0000
Curriculum/ascent_direction/outside_tolerance_fraction: 0.0000
  Curriculum/ascent_direction/cost_mean: 0.0000
       Curriculum/terrain_level_overall: 0.1562
Curriculum/terrain_level_pyramid_stairs: 0.2174
Curriculum/terrain_level_pyramid_stairs_inv: 0.1364
         Curriculum/terrain_level_boxes: 0.0000
  Curriculum/terrain_level_random_rough: 0.3333
Curriculum/terrain_level_hf_pyramid_slope: 0.0000
Curriculum/terrain_level_hf_pyramid_slope_inv: 0.0000
          Curriculum/terrain_level_flat: 0.1667
     Metrics/base_velocity/error_vel_xy: 0.2751
    Metrics/base_velocity/error_vel_yaw: 0.2291
           Metrics/base_velocity/base_z: 0.5697
         Metrics/base_velocity/knee_pos: 0.1789
           Episode_Termination/time_out: 0.8125
Episode_Termination/terrain_out_of_bounds: 0.0000
  Episode_Termination/bad_orientation_2: 0.0000
--------------------------------------------------------------------------------
                         Iteration time: 2.62s
                           Time elapsed: 00:01:41
                                    ETA: 00:00:49

################################################################################
[1m                            Learning iteration 37/55                            [0m 

                               Run name: preservation_smoke
                            Total steps: 58368 
                       Steps per second: 572 
                        Collection time: 2.644s 
                          Learning time: 0.040s 
                        Mean value loss: 0.5677
                    Mean surrogate loss: 0.0000
                      Mean entropy loss: 6.2641
                       Mean anchor loss: 0.0000
                Mean critic_warmup loss: 1.0000
                            Mean reward: 63.67
                    Mean episode length: 527.44
                        Mean action std: 0.37
            Episode_Reward/lin_vel_z_l2: -0.0518
           Episode_Reward/ang_vel_xy_l2: -0.0189
        Episode_Reward/joint_torques_l2: -0.0010
            Episode_Reward/joint_acc_l2: -0.0590
  Episode_Reward/hipx_joint_pos_penalty: -0.2670
  Episode_Reward/hipy_joint_pos_penalty: -0.1319
  Episode_Reward/knee_joint_pos_penalty: -0.1568
            Episode_Reward/joint_mirror: -0.0008
          Episode_Reward/action_rate_l2: -0.0014
        Episode_Reward/action_smooth_l2: -0.0055
      Episode_Reward/undesired_contacts: -0.0010
          Episode_Reward/contact_forces: -0.0006
    Episode_Reward/track_lin_vel_xy_exp: 4.1084
     Episode_Reward/track_ang_vel_z_exp: 2.5198
 Episode_Reward/feet_air_time_ang_z_M20: 0.0000
    Episode_Reward/feet_slide_ang_z_cmd: 0.0000
             Episode_Reward/stand_still: 0.0000
    Episode_Reward/rotation_gait_status: 0.0000
  Episode_Reward/rotation_gait_symmetry: 0.0000
 Episode_Reward/bad_orientation_penalty: 0.0000
      Episode_Reward/joint_acc_wheel_l2: -0.0529
  Episode_Reward/stair_orientation_cost: -0.1004
  Episode_Reward/stair_forward_progress: 0.0916
  Episode_Reward/stair_front_wheel_lift: 0.0542
Episode_Reward/stair_forward_motion_cost: -0.0080
Episode_Reward/stair_ascent_direction_cost: -0.1488
Episode_Reward/stair_front_wheel_touchdown: 0.0104
Episode_Reward/stair_front_single_support: 0.0052
Episode_Reward/stair_diagonal_support_symmetry: 0.0017
 Episode_Reward/stair_front_alternation: 0.0021
Episode_Reward/stair_up_step_completion: 0.0250
  Episode_Reward/stair_up_task_crossing: 0.0333
Episode_Reward/stair_up_rear_step_completion: 0.0000
   Episode_Reward/stair_rear_wheel_lift: 0.0245
Episode_Reward/stair_descent_rear_forward_cost: -0.0021
Episode_Reward/stair_ascent_front_body_clearance_cost: -0.0029
Episode_Reward/stair_up_order_violation_cost: -0.2167
Episode_Reward/stair_up_same_tread_cost: -0.2875
Episode_Reward/stair_up_same_tread_dwell_cost: 0.0000
Episode_Reward/stair_descent_rear_fold_cost: -0.0022
Episode_Reward/stair_ascent_front_fold_cost: -0.0157
    Episode_Reward/turn_swing_size_cost: 0.0000
Episode_Reward/stair_down_step_completion: 0.0500
Episode_Reward/stair_front_riser_face_cost: -0.0042
Episode_Reward/stair_descent_rear_support: 0.0117
       Episode_Reward/stair_impact_cost: -0.0013
Episode_Reward/stair_non_wheel_contact_cost: -0.0000
Episode_Reward/stair_non_wheel_scrape_cost: -0.0001
 Episode_Reward/stair_joint_effort_cost: -0.0011
Episode_Reward/stair_joint_acceleration_cost: -0.0026
Episode_Reward/stair_mechanical_power_cost: -0.0004
              Curriculum/terrain_levels: 0.1901
                  Curriculum/gait_level: 0.0602
 Curriculum/step_completion/up_attempts: 4.3333
Curriculum/step_completion/up_successes: 1.6667
Curriculum/step_completion/up_success_rate: 0.1587
Curriculum/step_completion/up_rear_successes: 0.8333
Curriculum/step_completion/up_front_violations: 2.6667
Curriculum/step_completion/up_rear_violations: 6.0000
Curriculum/step_completion/up_front_same_tread_events: 0.5000
Curriculum/step_completion/up_front_same_tread_dwell_s: 0.0000
Curriculum/step_completion/up_rear_same_tread_events: 3.3333
Curriculum/step_completion/up_rear_same_tread_dwell_s: 0.0000
Curriculum/step_completion/up_targets_started: 4.5000
Curriculum/step_completion/up_lift_credit: 2.1667
  Curriculum/step_completion/up_retries: 1.0000
Curriculum/step_completion/up_abandoned_targets: 0.0000
Curriculum/step_completion/up_retreat_fraction: 0.0000
Curriculum/step_completion/up_stationary_fraction: 0.0000
Curriculum/step_completion/down_attempts: 0.6667
Curriculum/step_completion/down_successes: 0.3333
Curriculum/step_completion/down_success_rate: 0.1667
Curriculum/step_completion/forward_gate_fraction: 0.1321
Curriculum/step_completion/nearby_gate_fraction: 0.2323
Curriculum/step_completion/registered_risers: 8.6667
Curriculum/step_completion/up_whole_body_crossings: 0.3333
Curriculum/step_completion/up_whole_body_crossing_coverage: 0.0238
Curriculum/step_completion/up_front_registered_intermediate_risers: 6.8333
Curriculum/step_completion/up_front_landing_coverage: 0.2500
Curriculum/step_completion/up_front_strict_coverage: 0.0376
Curriculum/step_completion/up_front_physical_landings: 4.3333
Curriculum/step_completion/up_front_transition_successes: 0.1667
Curriculum/step_completion/up_front_skipped_riser_events: 1.0000
Curriculum/step_completion/up_front_unsafe_events: 0.6667
Curriculum/step_completion/up_front_skip_fraction: 0.1230
Curriculum/step_completion/up_front_visited_intermediate_risers: 2.5000
Curriculum/step_completion/up_front_same_tread_fraction: 0.1000
Curriculum/step_completion/up_front_longest_strict_run: 0.5000
Curriculum/step_completion/up_front_six_step_strict_fraction: 0.0000
Curriculum/step_completion/fl_stable_treads: 2.1667
Curriculum/step_completion/fr_stable_treads: 4.0000
Curriculum/step_completion/up_rear_registered_intermediate_risers: 6.8333
Curriculum/step_completion/up_rear_landing_coverage: 0.4236
Curriculum/step_completion/up_rear_strict_coverage: 0.0376
Curriculum/step_completion/up_rear_physical_landings: 6.8333
Curriculum/step_completion/up_rear_transition_successes: 0.0000
Curriculum/step_completion/up_rear_skipped_riser_events: 3.3333
Curriculum/step_completion/up_rear_unsafe_events: 4.3333
Curriculum/step_completion/up_rear_skip_fraction: 0.2436
Curriculum/step_completion/up_rear_visited_intermediate_risers: 6.0000
Curriculum/step_completion/up_rear_same_tread_fraction: 0.2778
Curriculum/step_completion/up_rear_longest_strict_run: 0.5000
Curriculum/step_completion/up_rear_six_step_strict_fraction: 0.0000
Curriculum/step_completion/hl_stable_treads: 5.0000
Curriculum/step_completion/hr_stable_treads: 5.8333
Curriculum/step_completion/up_rear_lift_credit: 0.9786
   Curriculum/gait_quality/turn_samples: 0.0000
Curriculum/gait_quality/descent_samples: 60.0000
Curriculum/gait_quality/rear_support_samples: 69.3333
Curriculum/gait_quality/turn_clearance_mean_m: 0.0000
Curriculum/gait_quality/turn_reach_mean_m: 0.0000
Curriculum/gait_quality/turn_yaw_error_mean: 0.0000
Curriculum/gait_quality/rear_extension_mean_m: 0.1361
Curriculum/gait_quality/rear_fold_support_fraction: 0.0817
 Curriculum/gait_quality/ascent_samples: 74.1667
Curriculum/gait_quality/front_support_samples: 50.5000
Curriculum/gait_quality/front_extension_mean_m: 0.1792
Curriculum/gait_quality/front_knee_abs_mean_rad: 0.8494
Curriculum/gait_quality/front_fold_support_fraction: 0.2501
Curriculum/gait_quality/front_swing_samples: 97.8333
Curriculum/gait_quality/front_extreme_swing_fold_fraction: 0.2628
Curriculum/gait_quality/front_loaded_a_mean_deg: 41.3337
Curriculum/gait_quality/front_loaded_a_low_fraction: 0.2501
Curriculum/gait_quality/front_loaded_a_min_deg: 19.3993
Curriculum/gait_quality/fl_loaded_samples: 21.3333
Curriculum/gait_quality/fl_loaded_a_mean_deg: 35.7142
Curriculum/gait_quality/fl_loaded_a_low_fraction: 0.3083
Curriculum/gait_quality/fr_loaded_samples: 29.1667
Curriculum/gait_quality/fr_loaded_a_mean_deg: 44.8498
Curriculum/gait_quality/fr_loaded_a_low_fraction: 0.2121
Curriculum/gait_quality/front_swing_a_mean_deg: 32.5941
Curriculum/gait_quality/front_swing_a_low_fraction: 0.2628
Curriculum/gait_quality/front_swing_a_min_deg: 12.4803
Curriculum/gait_quality/fl_swing_samples: 52.8333
Curriculum/gait_quality/fl_swing_a_mean_deg: 33.0026
Curriculum/gait_quality/fl_swing_a_low_fraction: 0.2417
Curriculum/gait_quality/fr_swing_samples: 45.0000
Curriculum/gait_quality/fr_swing_a_mean_deg: 32.1397
Curriculum/gait_quality/fr_swing_a_low_fraction: 0.2873
Curriculum/gait_quality/rear_forward_samples: 69.3333
Curriculum/gait_quality/rear_forward_excess_fraction: 0.0401
Curriculum/gait_quality/rear_body_b_mean_deg: 2.5819
Curriculum/gait_quality/rear_gravity_g_mean_deg: -1.1587
 Curriculum/gait_quality/rear_b_max_deg: 20.7509
 Curriculum/gait_quality/rear_g_max_deg: 15.0889
Curriculum/gait_quality/hl_loaded_samples: 40.0000
Curriculum/gait_quality/hl_body_b_mean_deg: 1.7621
Curriculum/gait_quality/hl_gravity_g_mean_deg: -2.1045
Curriculum/gait_quality/hl_forward_excess_fraction: 0.0444
Curriculum/gait_quality/hr_loaded_samples: 29.3333
Curriculum/gait_quality/hr_body_b_mean_deg: 3.6999
Curriculum/gait_quality/hr_gravity_g_mean_deg: 0.1311
Curriculum/gait_quality/hr_forward_excess_fraction: 0.0341
Curriculum/gait_quality/rear_entry_samples: 7.0000
Curriculum/gait_quality/rear_entry_b_mean_deg: 9.2930
Curriculum/gait_quality/rear_entry_g_mean_deg: 6.2666
Curriculum/gait_quality/front_body_gap_samples: 74.1667
Curriculum/gait_quality/front_body_gap_mean_m: 0.1439
Curriculum/gait_quality/front_body_gap_low_fraction: 0.1756
Curriculum/gait_quality/loaded_without_local_map_samples: 0.0000
    Curriculum/ascent_direction/samples: 172.1667
Curriculum/ascent_direction/lateral_error_mean_m: 0.1136
Curriculum/ascent_direction/lateral_error_max_m: 0.3526
Curriculum/ascent_direction/lateral_speed_mean_m_s: 0.0811
Curriculum/ascent_direction/heading_error_mean_deg: 3.2145
Curriculum/ascent_direction/outside_tolerance_fraction: 0.2787
  Curriculum/ascent_direction/cost_mean: 0.2068
       Curriculum/terrain_level_overall: 0.1901
Curriculum/terrain_level_pyramid_stairs: 0.2681
Curriculum/terrain_level_pyramid_stairs_inv: 0.1818
         Curriculum/terrain_level_boxes: 0.0000
  Curriculum/terrain_level_random_rough: 0.3333
Curriculum/terrain_level_hf_pyramid_slope: 0.0000
Curriculum/terrain_level_hf_pyramid_slope_inv: 0.0000
          Curriculum/terrain_level_flat: 0.1667
     Metrics/base_velocity/error_vel_xy: 0.3346
    Metrics/base_velocity/error_vel_yaw: 0.2577
           Metrics/base_velocity/base_z: 0.7376
         Metrics/base_velocity/knee_pos: 0.5583
           Episode_Termination/time_out: 0.8464
Episode_Termination/terrain_out_of_bounds: 0.0000
  Episode_Termination/bad_orientation_2: 0.0000
--------------------------------------------------------------------------------
                         Iteration time: 2.68s
                           Time elapsed: 00:01:44
                                    ETA: 00:00:46

################################################################################
[1m                            Learning iteration 38/55                            [0m 

                               Run name: preservation_smoke
                            Total steps: 59904 
                       Steps per second: 542 
                        Collection time: 2.789s 
                          Learning time: 0.040s 
                        Mean value loss: 0.3544
                    Mean surrogate loss: -0.0000
                      Mean entropy loss: 6.2641
                       Mean anchor loss: 0.0000
                Mean critic_warmup loss: 1.0000
                            Mean reward: 65.42
                    Mean episode length: 543.07
                        Mean action std: 0.37
            Episode_Reward/lin_vel_z_l2: -0.0570
           Episode_Reward/ang_vel_xy_l2: -0.0205
        Episode_Reward/joint_torques_l2: -0.0014
            Episode_Reward/joint_acc_l2: -0.0678
  Episode_Reward/hipx_joint_pos_penalty: -0.2594
  Episode_Reward/hipy_joint_pos_penalty: -0.1485
  Episode_Reward/knee_joint_pos_penalty: -0.1525
            Episode_Reward/joint_mirror: -0.0010
          Episode_Reward/action_rate_l2: -0.0016
        Episode_Reward/action_smooth_l2: -0.0063
      Episode_Reward/undesired_contacts: -0.0003
          Episode_Reward/contact_forces: -0.0006
    Episode_Reward/track_lin_vel_xy_exp: 3.5130
     Episode_Reward/track_ang_vel_z_exp: 2.1909
 Episode_Reward/feet_air_time_ang_z_M20: 0.0001
    Episode_Reward/feet_slide_ang_z_cmd: -0.0006
             Episode_Reward/stand_still: -0.0086
    Episode_Reward/rotation_gait_status: 0.0000
  Episode_Reward/rotation_gait_symmetry: 0.0004
 Episode_Reward/bad_orientation_penalty: 0.0000
      Episode_Reward/joint_acc_wheel_l2: -0.0588
  Episode_Reward/stair_orientation_cost: -0.1241
  Episode_Reward/stair_forward_progress: 0.1310
  Episode_Reward/stair_front_wheel_lift: 0.0347
Episode_Reward/stair_forward_motion_cost: -0.0047
Episode_Reward/stair_ascent_direction_cost: -0.1334
Episode_Reward/stair_front_wheel_touchdown: 0.0141
Episode_Reward/stair_front_single_support: 0.0074
Episode_Reward/stair_diagonal_support_symmetry: 0.0024
 Episode_Reward/stair_front_alternation: 0.0005
Episode_Reward/stair_up_step_completion: 0.0063
  Episode_Reward/stair_up_task_crossing: 0.0500
Episode_Reward/stair_up_rear_step_completion: 0.0000
   Episode_Reward/stair_rear_wheel_lift: 0.0162
Episode_Reward/stair_descent_rear_forward_cost: -0.0034
Episode_Reward/stair_ascent_front_body_clearance_cost: -0.0044
Episode_Reward/stair_up_order_violation_cost: -0.2510
Episode_Reward/stair_up_same_tread_cost: -0.3563
Episode_Reward/stair_up_same_tread_dwell_cost: 0.0000
Episode_Reward/stair_descent_rear_fold_cost: -0.0033
Episode_Reward/stair_ascent_front_fold_cost: -0.0208
    Episode_Reward/turn_swing_size_cost: 0.0000
Episode_Reward/stair_down_step_completion: 0.0813
Episode_Reward/stair_front_riser_face_cost: 0.0000
Episode_Reward/stair_descent_rear_support: 0.0190
       Episode_Reward/stair_impact_cost: -0.0012
Episode_Reward/stair_non_wheel_contact_cost: -0.0000
Episode_Reward/stair_non_wheel_scrape_cost: -0.0000
 Episode_Reward/stair_joint_effort_cost: -0.0012
Episode_Reward/stair_joint_acceleration_cost: -0.0029
Episode_Reward/stair_mechanical_power_cost: -0.0005
              Curriculum/terrain_levels: 0.2096
                  Curriculum/gait_level: 0.0614
 Curriculum/step_completion/up_attempts: 4.0833
Curriculum/step_completion/up_successes: 0.9167
Curriculum/step_completion/up_success_rate: 0.1012
Curriculum/step_completion/up_rear_successes: 0.5833
Curriculum/step_completion/up_front_violations: 3.1667
Curriculum/step_completion/up_rear_violations: 6.8750
Curriculum/step_completion/up_front_same_tread_events: 0.2083
Curriculum/step_completion/up_front_same_tread_dwell_s: 0.0000
Curriculum/step_completion/up_rear_same_tread_events: 4.5417
Curriculum/step_completion/up_rear_same_tread_dwell_s: 0.0000
Curriculum/step_completion/up_targets_started: 3.5000
Curriculum/step_completion/up_lift_credit: 1.3896
  Curriculum/step_completion/up_retries: 0.1667
Curriculum/step_completion/up_abandoned_targets: 0.0000
Curriculum/step_completion/up_retreat_fraction: 0.0000
Curriculum/step_completion/up_stationary_fraction: 0.0000
Curriculum/step_completion/down_attempts: 1.0833
Curriculum/step_completion/down_successes: 0.5417
Curriculum/step_completion/down_success_rate: 0.2708
Curriculum/step_completion/forward_gate_fraction: 0.1600
Curriculum/step_completion/nearby_gate_fraction: 0.2398
Curriculum/step_completion/registered_risers: 7.7917
Curriculum/step_completion/up_whole_body_crossings: 0.5000
Curriculum/step_completion/up_whole_body_crossing_coverage: 0.0357
Curriculum/step_completion/up_front_registered_intermediate_risers: 6.4167
Curriculum/step_completion/up_front_landing_coverage: 0.2807
Curriculum/step_completion/up_front_strict_coverage: 0.0458
Curriculum/step_completion/up_front_physical_landings: 4.0833
Curriculum/step_completion/up_front_transition_successes: 0.0417
Curriculum/step_completion/up_front_skipped_riser_events: 1.0000
Curriculum/step_completion/up_front_unsafe_events: 0.6667
Curriculum/step_completion/up_front_skip_fraction: 0.1429
Curriculum/step_completion/up_front_visited_intermediate_risers: 2.7500
Curriculum/step_completion/up_front_same_tread_fraction: 0.0347
Curriculum/step_completion/up_front_longest_strict_run: 0.5417
Curriculum/step_completion/up_front_six_step_strict_fraction: 0.0000
Curriculum/step_completion/fl_stable_treads: 1.8333
Curriculum/step_completion/fr_stable_treads: 3.5833
Curriculum/step_completion/up_rear_registered_intermediate_risers: 6.4167
Curriculum/step_completion/up_rear_landing_coverage: 0.5241
Curriculum/step_completion/up_rear_strict_coverage: 0.0458
Curriculum/step_completion/up_rear_physical_landings: 7.4583
Curriculum/step_completion/up_rear_transition_successes: 0.0000
Curriculum/step_completion/up_rear_skipped_riser_events: 3.6250
Curriculum/step_completion/up_rear_unsafe_events: 4.7917
Curriculum/step_completion/up_rear_skip_fraction: 0.2614
Curriculum/step_completion/up_rear_visited_intermediate_risers: 6.3333
Curriculum/step_completion/up_rear_same_tread_fraction: 0.3802
Curriculum/step_completion/up_rear_longest_strict_run: 0.5417
Curriculum/step_completion/up_rear_six_step_strict_fraction: 0.0000
Curriculum/step_completion/hl_stable_treads: 6.6250
Curriculum/step_completion/hr_stable_treads: 6.5417
Curriculum/step_completion/up_rear_lift_credit: 0.6471
   Curriculum/gait_quality/turn_samples: 17.7083
Curriculum/gait_quality/descent_samples: 97.1667
Curriculum/gait_quality/rear_support_samples: 113.9583
Curriculum/gait_quality/turn_clearance_mean_m: 0.0001
Curriculum/gait_quality/turn_reach_mean_m: 0.0067
Curriculum/gait_quality/turn_yaw_error_mean: 0.0076
Curriculum/gait_quality/rear_extension_mean_m: 0.2215
Curriculum/gait_quality/rear_fold_support_fraction: 0.1331
 Curriculum/gait_quality/ascent_samples: 66.7917
Curriculum/gait_quality/front_support_samples: 40.7083
Curriculum/gait_quality/front_extension_mean_m: 0.1823
Curriculum/gait_quality/front_knee_abs_mean_rad: 0.9906
Curriculum/gait_quality/front_fold_support_fraction: 0.3102
Curriculum/gait_quality/front_swing_samples: 92.8750
Curriculum/gait_quality/front_extreme_swing_fold_fraction: 0.3394
Curriculum/gait_quality/front_loaded_a_mean_deg: 40.7417
Curriculum/gait_quality/front_loaded_a_low_fraction: 0.3102
Curriculum/gait_quality/front_loaded_a_min_deg: 17.2197
Curriculum/gait_quality/fl_loaded_samples: 16.0833
Curriculum/gait_quality/fl_loaded_a_mean_deg: 32.1593
Curriculum/gait_quality/fl_loaded_a_low_fraction: 0.3869
Curriculum/gait_quality/fr_loaded_samples: 24.6250
Curriculum/gait_quality/fr_loaded_a_mean_deg: 46.1500
Curriculum/gait_quality/fr_loaded_a_low_fraction: 0.2617
Curriculum/gait_quality/front_swing_a_mean_deg: 30.3337
Curriculum/gait_quality/front_swing_a_low_fraction: 0.3394
Curriculum/gait_quality/front_swing_a_min_deg: 10.7166
Curriculum/gait_quality/fl_swing_samples: 50.7083
Curriculum/gait_quality/fl_swing_a_mean_deg: 29.8051
Curriculum/gait_quality/fl_swing_a_low_fraction: 0.3337
Curriculum/gait_quality/fr_swing_samples: 42.1667
Curriculum/gait_quality/fr_swing_a_mean_deg: 30.9337
Curriculum/gait_quality/fr_swing_a_low_fraction: 0.3465
Curriculum/gait_quality/rear_forward_samples: 113.9583
Curriculum/gait_quality/rear_forward_excess_fraction: 0.0653
Curriculum/gait_quality/rear_body_b_mean_deg: 4.2157
Curriculum/gait_quality/rear_gravity_g_mean_deg: -1.7247
 Curriculum/gait_quality/rear_b_max_deg: 33.4058
 Curriculum/gait_quality/rear_g_max_deg: 24.3048
Curriculum/gait_quality/hl_loaded_samples: 64.2083
Curriculum/gait_quality/hl_body_b_mean_deg: 2.9643
Curriculum/gait_quality/hl_gravity_g_mean_deg: -3.2002
Curriculum/gait_quality/hl_forward_excess_fraction: 0.0745
Curriculum/gait_quality/hr_loaded_samples: 49.7500
Curriculum/gait_quality/hr_body_b_mean_deg: 5.9085
Curriculum/gait_quality/hr_gravity_g_mean_deg: 0.2515
Curriculum/gait_quality/hr_forward_excess_fraction: 0.0545
Curriculum/gait_quality/rear_entry_samples: 12.0833
Curriculum/gait_quality/rear_entry_b_mean_deg: 15.3480
Curriculum/gait_quality/rear_entry_g_mean_deg: 10.3980
Curriculum/gait_quality/front_body_gap_samples: 66.7917
Curriculum/gait_quality/front_body_gap_mean_m: 0.1410
Curriculum/gait_quality/front_body_gap_low_fraction: 0.2634
Curriculum/gait_quality/loaded_without_local_map_samples: 0.0000
    Curriculum/ascent_direction/samples: 158.8333
Curriculum/ascent_direction/lateral_error_mean_m: 0.1250
Curriculum/ascent_direction/lateral_error_max_m: 0.3767
Curriculum/ascent_direction/lateral_speed_mean_m_s: 0.0841
Curriculum/ascent_direction/heading_error_mean_deg: 3.5479
Curriculum/ascent_direction/outside_tolerance_fraction: 0.2953
  Curriculum/ascent_direction/cost_mean: 0.2164
       Curriculum/terrain_level_overall: 0.2096
Curriculum/terrain_level_pyramid_stairs: 0.3043
Curriculum/terrain_level_pyramid_stairs_inv: 0.1818
         Curriculum/terrain_level_boxes: 0.0000
  Curriculum/terrain_level_random_rough: 0.4722
Curriculum/terrain_level_hf_pyramid_slope: 0.0000
Curriculum/terrain_level_hf_pyramid_slope_inv: 0.0000
          Curriculum/terrain_level_flat: 0.1667
     Metrics/base_velocity/error_vel_xy: 0.3738
    Metrics/base_velocity/error_vel_yaw: 0.2681
           Metrics/base_velocity/base_z: 0.6973
         Metrics/base_velocity/knee_pos: 0.6396
           Episode_Termination/time_out: 0.8678
Episode_Termination/terrain_out_of_bounds: 0.0065
  Episode_Termination/bad_orientation_2: 0.0000
--------------------------------------------------------------------------------
                         Iteration time: 2.83s
                           Time elapsed: 00:01:46
                                    ETA: 00:00:43

################################################################################
[1m                            Learning iteration 39/55                            [0m 

                               Run name: preservation_smoke
                            Total steps: 61440 
                       Steps per second: 564 
                        Collection time: 2.680s 
                          Learning time: 0.041s 
                        Mean value loss: 0.3128
                    Mean surrogate loss: 0.0000
                      Mean entropy loss: 6.2641
                       Mean anchor loss: 0.0000
                Mean critic_warmup loss: 1.0000
                            Mean reward: 65.90
                    Mean episode length: 563.30
                        Mean action std: 0.37
            Episode_Reward/lin_vel_z_l2: -0.0337
           Episode_Reward/ang_vel_xy_l2: -0.0180
        Episode_Reward/joint_torques_l2: -0.0018
            Episode_Reward/joint_acc_l2: -0.0623
  Episode_Reward/hipx_joint_pos_penalty: -0.2639
  Episode_Reward/hipy_joint_pos_penalty: -0.1522
  Episode_Reward/knee_joint_pos_penalty: -0.1616
            Episode_Reward/joint_mirror: -0.0013
          Episode_Reward/action_rate_l2: -0.0020
        Episode_Reward/action_smooth_l2: -0.0073
      Episode_Reward/undesired_contacts: -0.0018
          Episode_Reward/contact_forces: -0.0008
    Episode_Reward/track_lin_vel_xy_exp: 3.5301
     Episode_Reward/track_ang_vel_z_exp: 2.1647
 Episode_Reward/feet_air_time_ang_z_M20: 0.0000
    Episode_Reward/feet_slide_ang_z_cmd: 0.0000
             Episode_Reward/stand_still: -0.0304
    Episode_Reward/rotation_gait_status: 0.0000
  Episode_Reward/rotation_gait_symmetry: 0.0000
 Episode_Reward/bad_orientation_penalty: 0.0000
      Episode_Reward/joint_acc_wheel_l2: -0.0552
  Episode_Reward/stair_orientation_cost: -0.0785
  Episode_Reward/stair_forward_progress: 0.0237
  Episode_Reward/stair_front_wheel_lift: 0.0796
Episode_Reward/stair_forward_motion_cost: -0.0211
Episode_Reward/stair_ascent_direction_cost: -0.8365
Episode_Reward/stair_front_wheel_touchdown: 0.0135
Episode_Reward/stair_front_single_support: 0.0014
Episode_Reward/stair_diagonal_support_symmetry: 0.0005
 Episode_Reward/stair_front_alternation: 0.0063
Episode_Reward/stair_up_step_completion: 0.0750
  Episode_Reward/stair_up_task_crossing: 0.0083
Episode_Reward/stair_up_rear_step_completion: 0.0000
   Episode_Reward/stair_rear_wheel_lift: 0.0250
Episode_Reward/stair_descent_rear_forward_cost: -0.0003
Episode_Reward/stair_ascent_front_body_clearance_cost: -0.0003
Episode_Reward/stair_up_order_violation_cost: -0.2875
Episode_Reward/stair_up_same_tread_cost: -0.3063
Episode_Reward/stair_up_same_tread_dwell_cost: 0.0000
Episode_Reward/stair_descent_rear_fold_cost: -0.0012
Episode_Reward/stair_ascent_front_fold_cost: -0.0145
    Episode_Reward/turn_swing_size_cost: 0.0000
Episode_Reward/stair_down_step_completion: 0.0438
Episode_Reward/stair_front_riser_face_cost: -0.0052
Episode_Reward/stair_descent_rear_support: 0.0102
       Episode_Reward/stair_impact_cost: -0.0009
Episode_Reward/stair_non_wheel_contact_cost: -0.0002
Episode_Reward/stair_non_wheel_scrape_cost: -0.0002
 Episode_Reward/stair_joint_effort_cost: -0.0008
Episode_Reward/stair_joint_acceleration_cost: -0.0018
Episode_Reward/stair_mechanical_power_cost: -0.0003
              Curriculum/terrain_levels: 0.2188
                  Curriculum/gait_level: 0.0620
 Curriculum/step_completion/up_attempts: 6.3750
Curriculum/step_completion/up_successes: 3.0833
Curriculum/step_completion/up_success_rate: 0.1434
Curriculum/step_completion/up_rear_successes: 0.7083
Curriculum/step_completion/up_front_violations: 3.2917
Curriculum/step_completion/up_rear_violations: 8.2083
Curriculum/step_completion/up_front_same_tread_events: 1.6250
Curriculum/step_completion/up_front_same_tread_dwell_s: 0.0000
Curriculum/step_completion/up_rear_same_tread_events: 2.4583
Curriculum/step_completion/up_rear_same_tread_dwell_s: 0.0000
Curriculum/step_completion/up_targets_started: 7.1250
Curriculum/step_completion/up_lift_credit: 3.1846
  Curriculum/step_completion/up_retries: 4.6667
Curriculum/step_completion/up_abandoned_targets: 0.0000
Curriculum/step_completion/up_retreat_fraction: 0.0042
Curriculum/step_completion/up_stationary_fraction: 0.0072
Curriculum/step_completion/down_attempts: 0.5833
Curriculum/step_completion/down_successes: 0.2917
Curriculum/step_completion/down_success_rate: 0.1458
Curriculum/step_completion/forward_gate_fraction: 0.1358
Curriculum/step_completion/nearby_gate_fraction: 0.1544
Curriculum/step_completion/registered_risers: 10.2083
Curriculum/step_completion/up_whole_body_crossings: 0.0833
Curriculum/step_completion/up_whole_body_crossing_coverage: 0.0028
Curriculum/step_completion/up_front_registered_intermediate_risers: 6.3750
Curriculum/step_completion/up_front_landing_coverage: 0.1849
Curriculum/step_completion/up_front_strict_coverage: 0.0417
Curriculum/step_completion/up_front_physical_landings: 6.3750
Curriculum/step_completion/up_front_transition_successes: 0.5000
Curriculum/step_completion/up_front_skipped_riser_events: 1.6250
Curriculum/step_completion/up_front_unsafe_events: 1.9583
Curriculum/step_completion/up_front_skip_fraction: 0.0764
Curriculum/step_completion/up_front_visited_intermediate_risers: 3.1250
Curriculum/step_completion/up_front_same_tread_fraction: 0.1455
Curriculum/step_completion/up_front_longest_strict_run: 0.2917
Curriculum/step_completion/up_front_six_step_strict_fraction: 0.0000
Curriculum/step_completion/fl_stable_treads: 4.9167
Curriculum/step_completion/fr_stable_treads: 5.2083
Curriculum/step_completion/up_rear_registered_intermediate_risers: 6.3750
Curriculum/step_completion/up_rear_landing_coverage: 0.2526
Curriculum/step_completion/up_rear_strict_coverage: 0.0093
Curriculum/step_completion/up_rear_physical_landings: 8.9167
Curriculum/step_completion/up_rear_transition_successes: 0.0000
Curriculum/step_completion/up_rear_skipped_riser_events: 3.3333
Curriculum/step_completion/up_rear_unsafe_events: 7.2917
Curriculum/step_completion/up_rear_skip_fraction: 0.0980
Curriculum/step_completion/up_rear_visited_intermediate_risers: 5.6667
Curriculum/step_completion/up_rear_same_tread_fraction: 0.1163
Curriculum/step_completion/up_rear_longest_strict_run: 0.0833
Curriculum/step_completion/up_rear_six_step_strict_fraction: 0.0000
Curriculum/step_completion/hl_stable_treads: 4.5833
Curriculum/step_completion/hr_stable_treads: 8.2500
Curriculum/step_completion/up_rear_lift_credit: 1.0000
   Curriculum/gait_quality/turn_samples: 83.3333
Curriculum/gait_quality/descent_samples: 59.8750
Curriculum/gait_quality/rear_support_samples: 76.5417
Curriculum/gait_quality/turn_clearance_mean_m: 0.0005
Curriculum/gait_quality/turn_reach_mean_m: 0.0272
Curriculum/gait_quality/turn_yaw_error_mean: 0.0266
Curriculum/gait_quality/rear_extension_mean_m: 0.1205
Curriculum/gait_quality/rear_fold_support_fraction: 0.0472
 Curriculum/gait_quality/ascent_samples: 92.0000
Curriculum/gait_quality/front_support_samples: 59.8750
Curriculum/gait_quality/front_extension_mean_m: 0.1177
Curriculum/gait_quality/front_knee_abs_mean_rad: 0.4041
Curriculum/gait_quality/front_fold_support_fraction: 0.1179
Curriculum/gait_quality/front_swing_samples: 124.1250
Curriculum/gait_quality/front_extreme_swing_fold_fraction: 0.1234
Curriculum/gait_quality/front_loaded_a_mean_deg: 29.3496
Curriculum/gait_quality/front_loaded_a_low_fraction: 0.1179
Curriculum/gait_quality/front_loaded_a_min_deg: 12.5264
Curriculum/gait_quality/fl_loaded_samples: 25.0000
Curriculum/gait_quality/fl_loaded_a_mean_deg: 32.9855
Curriculum/gait_quality/fl_loaded_a_low_fraction: 0.0517
Curriculum/gait_quality/fr_loaded_samples: 34.8750
Curriculum/gait_quality/fr_loaded_a_mean_deg: 26.6811
Curriculum/gait_quality/fr_loaded_a_low_fraction: 0.1658
Curriculum/gait_quality/front_swing_a_mean_deg: 23.5874
Curriculum/gait_quality/front_swing_a_low_fraction: 0.1234
Curriculum/gait_quality/front_swing_a_min_deg: 7.4970
Curriculum/gait_quality/fl_swing_samples: 67.0000
Curriculum/gait_quality/fl_swing_a_mean_deg: 26.2854
Curriculum/gait_quality/fl_swing_a_low_fraction: 0.0767
Curriculum/gait_quality/fr_swing_samples: 57.1250
Curriculum/gait_quality/fr_swing_a_mean_deg: 20.4395
Curriculum/gait_quality/fr_swing_a_low_fraction: 0.1781
Curriculum/gait_quality/rear_forward_samples: 76.5417
Curriculum/gait_quality/rear_forward_excess_fraction: 0.0146
Curriculum/gait_quality/rear_body_b_mean_deg: 0.6984
Curriculum/gait_quality/rear_gravity_g_mean_deg: -1.8226
 Curriculum/gait_quality/rear_b_max_deg: 11.2336
 Curriculum/gait_quality/rear_g_max_deg: 8.4280
Curriculum/gait_quality/hl_loaded_samples: 42.1667
Curriculum/gait_quality/hl_body_b_mean_deg: 0.1934
Curriculum/gait_quality/hl_gravity_g_mean_deg: -2.4166
Curriculum/gait_quality/hl_forward_excess_fraction: 0.0289
Curriculum/gait_quality/hr_loaded_samples: 34.3750
Curriculum/gait_quality/hr_body_b_mean_deg: 1.3110
Curriculum/gait_quality/hr_gravity_g_mean_deg: -1.1214
Curriculum/gait_quality/hr_forward_excess_fraction: 0.0000
Curriculum/gait_quality/rear_entry_samples: 29.1250
Curriculum/gait_quality/rear_entry_b_mean_deg: 5.2743
Curriculum/gait_quality/rear_entry_g_mean_deg: 2.5494
Curriculum/gait_quality/front_body_gap_samples: 92.0000
Curriculum/gait_quality/front_body_gap_mean_m: 0.0983
Curriculum/gait_quality/front_body_gap_low_fraction: 0.0167
Curriculum/gait_quality/loaded_without_local_map_samples: 0.0000
    Curriculum/ascent_direction/samples: 261.7083
Curriculum/ascent_direction/lateral_error_mean_m: 1.3948
Curriculum/ascent_direction/lateral_error_max_m: 3.3245
Curriculum/ascent_direction/lateral_speed_mean_m_s: 0.1901
Curriculum/ascent_direction/heading_error_mean_deg: 11.1274
Curriculum/ascent_direction/outside_tolerance_fraction: 0.2744
  Curriculum/ascent_direction/cost_mean: 0.4633
       Curriculum/terrain_level_overall: 0.2188
Curriculum/terrain_level_pyramid_stairs: 0.3043
Curriculum/terrain_level_pyramid_stairs_inv: 0.1818
         Curriculum/terrain_level_boxes: 0.0000
  Curriculum/terrain_level_random_rough: 0.6667
Curriculum/terrain_level_hf_pyramid_slope: 0.0000
Curriculum/terrain_level_hf_pyramid_slope_inv: 0.0000
          Curriculum/terrain_level_flat: 0.1667
     Metrics/base_velocity/error_vel_xy: 0.3199
    Metrics/base_velocity/error_vel_yaw: 0.2587
           Metrics/base_velocity/base_z: 0.5504
         Metrics/base_velocity/knee_pos: 0.5303
           Episode_Termination/time_out: 0.8880
Episode_Termination/terrain_out_of_bounds: 0.0156
  Episode_Termination/bad_orientation_2: 0.0000
--------------------------------------------------------------------------------
                         Iteration time: 2.72s
                           Time elapsed: 00:01:49
                                    ETA: 00:00:41

################################################################################
[1m                            Learning iteration 40/55                            [0m 

                               Run name: preservation_smoke
                            Total steps: 62976 
                       Steps per second: 575 
                        Collection time: 2.626s 
                          Learning time: 0.042s 
                        Mean value loss: 0.1512
                    Mean surrogate loss: 0.0000
                      Mean entropy loss: 6.2641
                       Mean anchor loss: 0.0000
                Mean critic_warmup loss: 1.0000
                            Mean reward: 67.67
                    Mean episode length: 576.21
                        Mean action std: 0.37
            Episode_Reward/lin_vel_z_l2: -0.0844
           Episode_Reward/ang_vel_xy_l2: -0.0282
        Episode_Reward/joint_torques_l2: -0.0015
            Episode_Reward/joint_acc_l2: -0.0901
  Episode_Reward/hipx_joint_pos_penalty: -0.3166
  Episode_Reward/hipy_joint_pos_penalty: -0.1246
  Episode_Reward/knee_joint_pos_penalty: -0.0908
            Episode_Reward/joint_mirror: -0.0019
          Episode_Reward/action_rate_l2: -0.0016
        Episode_Reward/action_smooth_l2: -0.0072
      Episode_Reward/undesired_contacts: -0.0097
          Episode_Reward/contact_forces: -0.0007
    Episode_Reward/track_lin_vel_xy_exp: 4.3569
     Episode_Reward/track_ang_vel_z_exp: 2.5992
 Episode_Reward/feet_air_time_ang_z_M20: 0.0000
    Episode_Reward/feet_slide_ang_z_cmd: 0.0000
             Episode_Reward/stand_still: -0.0275
    Episode_Reward/rotation_gait_status: 0.0000
  Episode_Reward/rotation_gait_symmetry: 0.0000
 Episode_Reward/bad_orientation_penalty: 0.0000
      Episode_Reward/joint_acc_wheel_l2: -0.1215
  Episode_Reward/stair_orientation_cost: -0.1017
  Episode_Reward/stair_forward_progress: 0.0000
  Episode_Reward/stair_front_wheel_lift: 0.0000
Episode_Reward/stair_forward_motion_cost: 0.0000
Episode_Reward/stair_ascent_direction_cost: 0.0000
Episode_Reward/stair_front_wheel_touchdown: 0.0000
Episode_Reward/stair_front_single_support: 0.0000
Episode_Reward/stair_diagonal_support_symmetry: 0.0000
 Episode_Reward/stair_front_alternation: 0.0000
Episode_Reward/stair_up_step_completion: 0.0000
  Episode_Reward/stair_up_task_crossing: 0.0000
Episode_Reward/stair_up_rear_step_completion: 0.0000
   Episode_Reward/stair_rear_wheel_lift: 0.0000
Episode_Reward/stair_descent_rear_forward_cost: 0.0000
Episode_Reward/stair_ascent_front_body_clearance_cost: 0.0000
Episode_Reward/stair_up_order_violation_cost: 0.0000
Episode_Reward/stair_up_same_tread_cost: 0.0000
Episode_Reward/stair_up_same_tread_dwell_cost: 0.0000
Episode_Reward/stair_descent_rear_fold_cost: 0.0000
Episode_Reward/stair_ascent_front_fold_cost: 0.0000
    Episode_Reward/turn_swing_size_cost: 0.0000
Episode_Reward/stair_down_step_completion: 0.0000
Episode_Reward/stair_front_riser_face_cost: 0.0000
Episode_Reward/stair_descent_rear_support: 0.0000
       Episode_Reward/stair_impact_cost: -0.0013
Episode_Reward/stair_non_wheel_contact_cost: -0.0006
Episode_Reward/stair_non_wheel_scrape_cost: -0.0004
 Episode_Reward/stair_joint_effort_cost: -0.0028
Episode_Reward/stair_joint_acceleration_cost: -0.0060
Episode_Reward/stair_mechanical_power_cost: -0.0012
              Curriculum/terrain_levels: 0.2344
                  Curriculum/gait_level: 0.0629
 Curriculum/step_completion/up_attempts: 0.0000
Curriculum/step_completion/up_successes: 0.0000
Curriculum/step_completion/up_success_rate: 0.0000
Curriculum/step_completion/up_rear_successes: 0.0000
Curriculum/step_completion/up_front_violations: 0.0000
Curriculum/step_completion/up_rear_violations: 0.0000
Curriculum/step_completion/up_front_same_tread_events: 0.0000
Curriculum/step_completion/up_front_same_tread_dwell_s: 0.0000
Curriculum/step_completion/up_rear_same_tread_events: 0.0000
Curriculum/step_completion/up_rear_same_tread_dwell_s: 0.0000
Curriculum/step_completion/up_targets_started: 0.0000
Curriculum/step_completion/up_lift_credit: 0.0000
  Curriculum/step_completion/up_retries: 0.0000
Curriculum/step_completion/up_abandoned_targets: 0.0000
Curriculum/step_completion/up_retreat_fraction: 0.0000
Curriculum/step_completion/up_stationary_fraction: 0.0000
Curriculum/step_completion/down_attempts: 0.0000
Curriculum/step_completion/down_successes: 0.0000
Curriculum/step_completion/down_success_rate: 0.0000
Curriculum/step_completion/forward_gate_fraction: 0.0000
Curriculum/step_completion/nearby_gate_fraction: 0.5007
Curriculum/step_completion/registered_risers: 0.0000
Curriculum/step_completion/up_whole_body_crossings: 0.0000
Curriculum/step_completion/up_whole_body_crossing_coverage: 0.0000
Curriculum/step_completion/up_front_registered_intermediate_risers: 0.0000
Curriculum/step_completion/up_front_landing_coverage: 0.0000
Curriculum/step_completion/up_front_strict_coverage: 0.0000
Curriculum/step_completion/up_front_physical_landings: 0.0000
Curriculum/step_completion/up_front_transition_successes: 0.0000
Curriculum/step_completion/up_front_skipped_riser_events: 0.0000
Curriculum/step_completion/up_front_unsafe_events: 0.0000
Curriculum/step_completion/up_front_skip_fraction: 0.0000
Curriculum/step_completion/up_front_visited_intermediate_risers: 0.0000
Curriculum/step_completion/up_front_same_tread_fraction: 0.0000
Curriculum/step_completion/up_front_longest_strict_run: 0.0000
Curriculum/step_completion/up_front_six_step_strict_fraction: 0.0000
Curriculum/step_completion/fl_stable_treads: 0.0000
Curriculum/step_completion/fr_stable_treads: 0.0000
Curriculum/step_completion/up_rear_registered_intermediate_risers: 0.0000
Curriculum/step_completion/up_rear_landing_coverage: 0.0000
Curriculum/step_completion/up_rear_strict_coverage: 0.0000
Curriculum/step_completion/up_rear_physical_landings: 0.0000
Curriculum/step_completion/up_rear_transition_successes: 0.0000
Curriculum/step_completion/up_rear_skipped_riser_events: 0.0000
Curriculum/step_completion/up_rear_unsafe_events: 0.0000
Curriculum/step_completion/up_rear_skip_fraction: 0.0000
Curriculum/step_completion/up_rear_visited_intermediate_risers: 0.0000
Curriculum/step_completion/up_rear_same_tread_fraction: 0.0000
Curriculum/step_completion/up_rear_longest_strict_run: 0.0000
Curriculum/step_completion/up_rear_six_step_strict_fraction: 0.0000
Curriculum/step_completion/hl_stable_treads: 0.0000
Curriculum/step_completion/hr_stable_treads: 0.0000
Curriculum/step_completion/up_rear_lift_credit: 0.0000
   Curriculum/gait_quality/turn_samples: 0.0000
Curriculum/gait_quality/descent_samples: 0.0000
Curriculum/gait_quality/rear_support_samples: 0.0000
Curriculum/gait_quality/turn_clearance_mean_m: 0.0000
Curriculum/gait_quality/turn_reach_mean_m: 0.0000
Curriculum/gait_quality/turn_yaw_error_mean: 0.0000
Curriculum/gait_quality/rear_extension_mean_m: 0.0000
Curriculum/gait_quality/rear_fold_support_fraction: 0.0000
 Curriculum/gait_quality/ascent_samples: 0.0000
Curriculum/gait_quality/front_support_samples: 0.0000
Curriculum/gait_quality/front_extension_mean_m: 0.0000
Curriculum/gait_quality/front_knee_abs_mean_rad: 0.0000
Curriculum/gait_quality/front_fold_support_fraction: 0.0000
Curriculum/gait_quality/front_swing_samples: 0.0000
Curriculum/gait_quality/front_extreme_swing_fold_fraction: 0.0000
Curriculum/gait_quality/front_loaded_a_mean_deg: 0.0000
Curriculum/gait_quality/front_loaded_a_low_fraction: 0.0000
Curriculum/gait_quality/front_loaded_a_min_deg: 0.0000
Curriculum/gait_quality/fl_loaded_samples: 0.0000
Curriculum/gait_quality/fl_loaded_a_mean_deg: 0.0000
Curriculum/gait_quality/fl_loaded_a_low_fraction: 0.0000
Curriculum/gait_quality/fr_loaded_samples: 0.0000
Curriculum/gait_quality/fr_loaded_a_mean_deg: 0.0000
Curriculum/gait_quality/fr_loaded_a_low_fraction: 0.0000
Curriculum/gait_quality/front_swing_a_mean_deg: 0.0000
Curriculum/gait_quality/front_swing_a_low_fraction: 0.0000
Curriculum/gait_quality/front_swing_a_min_deg: 0.0000
Curriculum/gait_quality/fl_swing_samples: 0.0000
Curriculum/gait_quality/fl_swing_a_mean_deg: 0.0000
Curriculum/gait_quality/fl_swing_a_low_fraction: 0.0000
Curriculum/gait_quality/fr_swing_samples: 0.0000
Curriculum/gait_quality/fr_swing_a_mean_deg: 0.0000
Curriculum/gait_quality/fr_swing_a_low_fraction: 0.0000
Curriculum/gait_quality/rear_forward_samples: 0.0000
Curriculum/gait_quality/rear_forward_excess_fraction: 0.0000
Curriculum/gait_quality/rear_body_b_mean_deg: 0.0000
Curriculum/gait_quality/rear_gravity_g_mean_deg: 0.0000
 Curriculum/gait_quality/rear_b_max_deg: 0.0000
 Curriculum/gait_quality/rear_g_max_deg: 0.0000
Curriculum/gait_quality/hl_loaded_samples: 0.0000
Curriculum/gait_quality/hl_body_b_mean_deg: 0.0000
Curriculum/gait_quality/hl_gravity_g_mean_deg: 0.0000
Curriculum/gait_quality/hl_forward_excess_fraction: 0.0000
Curriculum/gait_quality/hr_loaded_samples: 0.0000
Curriculum/gait_quality/hr_body_b_mean_deg: 0.0000
Curriculum/gait_quality/hr_gravity_g_mean_deg: 0.0000
Curriculum/gait_quality/hr_forward_excess_fraction: 0.0000
Curriculum/gait_quality/rear_entry_samples: 0.0000
Curriculum/gait_quality/rear_entry_b_mean_deg: 0.0000
Curriculum/gait_quality/rear_entry_g_mean_deg: 0.0000
Curriculum/gait_quality/front_body_gap_samples: 0.0000
Curriculum/gait_quality/front_body_gap_mean_m: 0.0000
Curriculum/gait_quality/front_body_gap_low_fraction: 0.0000
Curriculum/gait_quality/loaded_without_local_map_samples: 0.0000
    Curriculum/ascent_direction/samples: 0.0000
Curriculum/ascent_direction/lateral_error_mean_m: 0.0000
Curriculum/ascent_direction/lateral_error_max_m: 0.0000
Curriculum/ascent_direction/lateral_speed_mean_m_s: 0.0000
Curriculum/ascent_direction/heading_error_mean_deg: 0.0000
Curriculum/ascent_direction/outside_tolerance_fraction: 0.0000
  Curriculum/ascent_direction/cost_mean: 0.0000
       Curriculum/terrain_level_overall: 0.2344
Curriculum/terrain_level_pyramid_stairs: 0.3043
Curriculum/terrain_level_pyramid_stairs_inv: 0.2273
         Curriculum/terrain_level_boxes: 0.0000
  Curriculum/terrain_level_random_rough: 0.6667
Curriculum/terrain_level_hf_pyramid_slope: 0.0000
Curriculum/terrain_level_hf_pyramid_slope_inv: 0.0000
          Curriculum/terrain_level_flat: 0.1667
     Metrics/base_velocity/error_vel_xy: 0.3708
    Metrics/base_velocity/error_vel_yaw: 0.3739
           Metrics/base_velocity/base_z: 0.6293
         Metrics/base_velocity/knee_pos: 0.7205
           Episode_Termination/time_out: 0.9414
Episode_Termination/terrain_out_of_bounds: 0.0156
  Episode_Termination/bad_orientation_2: 0.0000
--------------------------------------------------------------------------------
                         Iteration time: 2.67s
                           Time elapsed: 00:01:52
                                    ETA: 00:00:38

################################################################################
[1m                            Learning iteration 41/55                            [0m 

                               Run name: preservation_smoke
                            Total steps: 64512 
                       Steps per second: 565 
                        Collection time: 2.673s 
                          Learning time: 0.042s 
                        Mean value loss: 0.2230
                    Mean surrogate loss: -0.0000
                      Mean entropy loss: 6.2641
                       Mean anchor loss: 0.0000
                Mean critic_warmup loss: 1.0000
                            Mean reward: 69.74
                    Mean episode length: 589.05
                        Mean action std: 0.37
            Episode_Reward/lin_vel_z_l2: -0.0162
           Episode_Reward/ang_vel_xy_l2: -0.0150
        Episode_Reward/joint_torques_l2: -0.0015
            Episode_Reward/joint_acc_l2: -0.0325
  Episode_Reward/hipx_joint_pos_penalty: -0.2980
  Episode_Reward/hipy_joint_pos_penalty: -0.1733
  Episode_Reward/knee_joint_pos_penalty: -0.1852
            Episode_Reward/joint_mirror: -0.0012
          Episode_Reward/action_rate_l2: -0.0019
        Episode_Reward/action_smooth_l2: -0.0076
      Episode_Reward/undesired_contacts: 0.0000
          Episode_Reward/contact_forces: -0.0007
    Episode_Reward/track_lin_vel_xy_exp: 4.6625
     Episode_Reward/track_ang_vel_z_exp: 2.8087
 Episode_Reward/feet_air_time_ang_z_M20: 0.0000
    Episode_Reward/feet_slide_ang_z_cmd: 0.0000
             Episode_Reward/stand_still: -0.0092
    Episode_Reward/rotation_gait_status: 0.0000
  Episode_Reward/rotation_gait_symmetry: 0.0000
 Episode_Reward/bad_orientation_penalty: 0.0000
      Episode_Reward/joint_acc_wheel_l2: -0.0374
  Episode_Reward/stair_orientation_cost: -0.0670
  Episode_Reward/stair_forward_progress: 0.0000
  Episode_Reward/stair_front_wheel_lift: 0.0000
Episode_Reward/stair_forward_motion_cost: 0.0000
Episode_Reward/stair_ascent_direction_cost: 0.0000
Episode_Reward/stair_front_wheel_touchdown: 0.0000
Episode_Reward/stair_front_single_support: 0.0000
Episode_Reward/stair_diagonal_support_symmetry: 0.0000
 Episode_Reward/stair_front_alternation: 0.0000
Episode_Reward/stair_up_step_completion: 0.0000
  Episode_Reward/stair_up_task_crossing: 0.0000
Episode_Reward/stair_up_rear_step_completion: 0.0000
   Episode_Reward/stair_rear_wheel_lift: 0.0000
Episode_Reward/stair_descent_rear_forward_cost: 0.0000
Episode_Reward/stair_ascent_front_body_clearance_cost: 0.0000
Episode_Reward/stair_up_order_violation_cost: 0.0000
Episode_Reward/stair_up_same_tread_cost: 0.0000
Episode_Reward/stair_up_same_tread_dwell_cost: 0.0000
Episode_Reward/stair_descent_rear_fold_cost: 0.0000
Episode_Reward/stair_ascent_front_fold_cost: 0.0000
    Episode_Reward/turn_swing_size_cost: 0.0000
Episode_Reward/stair_down_step_completion: 0.0000
Episode_Reward/stair_front_riser_face_cost: 0.0000
Episode_Reward/stair_descent_rear_support: 0.0000
       Episode_Reward/stair_impact_cost: -0.0000
Episode_Reward/stair_non_wheel_contact_cost: 0.0000
Episode_Reward/stair_non_wheel_scrape_cost: 0.0000
 Episode_Reward/stair_joint_effort_cost: -0.0000
Episode_Reward/stair_joint_acceleration_cost: -0.0001
Episode_Reward/stair_mechanical_power_cost: -0.0000
              Curriculum/terrain_levels: 0.2344
                  Curriculum/gait_level: 0.0629
 Curriculum/step_completion/up_attempts: 0.0000
Curriculum/step_completion/up_successes: 0.0000
Curriculum/step_completion/up_success_rate: 0.0000
Curriculum/step_completion/up_rear_successes: 0.0000
Curriculum/step_completion/up_front_violations: 0.0000
Curriculum/step_completion/up_rear_violations: 0.0000
Curriculum/step_completion/up_front_same_tread_events: 0.0000
Curriculum/step_completion/up_front_same_tread_dwell_s: 0.0000
Curriculum/step_completion/up_rear_same_tread_events: 0.0000
Curriculum/step_completion/up_rear_same_tread_dwell_s: 0.0000
Curriculum/step_completion/up_targets_started: 0.0000
Curriculum/step_completion/up_lift_credit: 0.0000
  Curriculum/step_completion/up_retries: 0.0000
Curriculum/step_completion/up_abandoned_targets: 0.0000
Curriculum/step_completion/up_retreat_fraction: 0.0000
Curriculum/step_completion/up_stationary_fraction: 0.0000
Curriculum/step_completion/down_attempts: 0.0000
Curriculum/step_completion/down_successes: 0.0000
Curriculum/step_completion/down_success_rate: 0.0000
Curriculum/step_completion/forward_gate_fraction: 0.0000
Curriculum/step_completion/nearby_gate_fraction: 0.0100
Curriculum/step_completion/registered_risers: 0.0000
Curriculum/step_completion/up_whole_body_crossings: 0.0000
Curriculum/step_completion/up_whole_body_crossing_coverage: 0.0000
Curriculum/step_completion/up_front_registered_intermediate_risers: 0.0000
Curriculum/step_completion/up_front_landing_coverage: 0.0000
Curriculum/step_completion/up_front_strict_coverage: 0.0000
Curriculum/step_completion/up_front_physical_landings: 0.0000
Curriculum/step_completion/up_front_transition_successes: 0.0000
Curriculum/step_completion/up_front_skipped_riser_events: 0.0000
Curriculum/step_completion/up_front_unsafe_events: 0.0000
Curriculum/step_completion/up_front_skip_fraction: 0.0000
Curriculum/step_completion/up_front_visited_intermediate_risers: 0.0000
Curriculum/step_completion/up_front_same_tread_fraction: 0.0000
Curriculum/step_completion/up_front_longest_strict_run: 0.0000
Curriculum/step_completion/up_front_six_step_strict_fraction: 0.0000
Curriculum/step_completion/fl_stable_treads: 0.0000
Curriculum/step_completion/fr_stable_treads: 0.0000
Curriculum/step_completion/up_rear_registered_intermediate_risers: 0.0000
Curriculum/step_completion/up_rear_landing_coverage: 0.0000
Curriculum/step_completion/up_rear_strict_coverage: 0.0000
Curriculum/step_completion/up_rear_physical_landings: 0.0000
Curriculum/step_completion/up_rear_transition_successes: 0.0000
Curriculum/step_completion/up_rear_skipped_riser_events: 0.0000
Curriculum/step_completion/up_rear_unsafe_events: 0.0000
Curriculum/step_completion/up_rear_skip_fraction: 0.0000
Curriculum/step_completion/up_rear_visited_intermediate_risers: 0.0000
Curriculum/step_completion/up_rear_same_tread_fraction: 0.0000
Curriculum/step_completion/up_rear_longest_strict_run: 0.0000
Curriculum/step_completion/up_rear_six_step_strict_fraction: 0.0000
Curriculum/step_completion/hl_stable_treads: 0.0000
Curriculum/step_completion/hr_stable_treads: 0.0000
Curriculum/step_completion/up_rear_lift_credit: 0.0000
   Curriculum/gait_quality/turn_samples: 0.0000
Curriculum/gait_quality/descent_samples: 0.0000
Curriculum/gait_quality/rear_support_samples: 0.0000
Curriculum/gait_quality/turn_clearance_mean_m: 0.0000
Curriculum/gait_quality/turn_reach_mean_m: 0.0000
Curriculum/gait_quality/turn_yaw_error_mean: 0.0000
Curriculum/gait_quality/rear_extension_mean_m: 0.0000
Curriculum/gait_quality/rear_fold_support_fraction: 0.0000
 Curriculum/gait_quality/ascent_samples: 0.0000
Curriculum/gait_quality/front_support_samples: 0.0000
Curriculum/gait_quality/front_extension_mean_m: 0.0000
Curriculum/gait_quality/front_knee_abs_mean_rad: 0.0000
Curriculum/gait_quality/front_fold_support_fraction: 0.0000
Curriculum/gait_quality/front_swing_samples: 0.0000
Curriculum/gait_quality/front_extreme_swing_fold_fraction: 0.0000
Curriculum/gait_quality/front_loaded_a_mean_deg: 0.0000
Curriculum/gait_quality/front_loaded_a_low_fraction: 0.0000
Curriculum/gait_quality/front_loaded_a_min_deg: 0.0000
Curriculum/gait_quality/fl_loaded_samples: 0.0000
Curriculum/gait_quality/fl_loaded_a_mean_deg: 0.0000
Curriculum/gait_quality/fl_loaded_a_low_fraction: 0.0000
Curriculum/gait_quality/fr_loaded_samples: 0.0000
Curriculum/gait_quality/fr_loaded_a_mean_deg: 0.0000
Curriculum/gait_quality/fr_loaded_a_low_fraction: 0.0000
Curriculum/gait_quality/front_swing_a_mean_deg: 0.0000
Curriculum/gait_quality/front_swing_a_low_fraction: 0.0000
Curriculum/gait_quality/front_swing_a_min_deg: 0.0000
Curriculum/gait_quality/fl_swing_samples: 0.0000
Curriculum/gait_quality/fl_swing_a_mean_deg: 0.0000
Curriculum/gait_quality/fl_swing_a_low_fraction: 0.0000
Curriculum/gait_quality/fr_swing_samples: 0.0000
Curriculum/gait_quality/fr_swing_a_mean_deg: 0.0000
Curriculum/gait_quality/fr_swing_a_low_fraction: 0.0000
Curriculum/gait_quality/rear_forward_samples: 0.0000
Curriculum/gait_quality/rear_forward_excess_fraction: 0.0000
Curriculum/gait_quality/rear_body_b_mean_deg: 0.0000
Curriculum/gait_quality/rear_gravity_g_mean_deg: 0.0000
 Curriculum/gait_quality/rear_b_max_deg: 0.0000
 Curriculum/gait_quality/rear_g_max_deg: 0.0000
Curriculum/gait_quality/hl_loaded_samples: 0.0000
Curriculum/gait_quality/hl_body_b_mean_deg: 0.0000
Curriculum/gait_quality/hl_gravity_g_mean_deg: 0.0000
Curriculum/gait_quality/hl_forward_excess_fraction: 0.0000
Curriculum/gait_quality/hr_loaded_samples: 0.0000
Curriculum/gait_quality/hr_body_b_mean_deg: 0.0000
Curriculum/gait_quality/hr_gravity_g_mean_deg: 0.0000
Curriculum/gait_quality/hr_forward_excess_fraction: 0.0000
Curriculum/gait_quality/rear_entry_samples: 0.0000
Curriculum/gait_quality/rear_entry_b_mean_deg: 0.0000
Curriculum/gait_quality/rear_entry_g_mean_deg: 0.0000
Curriculum/gait_quality/front_body_gap_samples: 0.0000
Curriculum/gait_quality/front_body_gap_mean_m: 0.0000
Curriculum/gait_quality/front_body_gap_low_fraction: 0.0000
Curriculum/gait_quality/loaded_without_local_map_samples: 0.0000
    Curriculum/ascent_direction/samples: 0.0000
Curriculum/ascent_direction/lateral_error_mean_m: 0.0000
Curriculum/ascent_direction/lateral_error_max_m: 0.0000
Curriculum/ascent_direction/lateral_speed_mean_m_s: 0.0000
Curriculum/ascent_direction/heading_error_mean_deg: 0.0000
Curriculum/ascent_direction/outside_tolerance_fraction: 0.0000
  Curriculum/ascent_direction/cost_mean: 0.0000
       Curriculum/terrain_level_overall: 0.2344
Curriculum/terrain_level_pyramid_stairs: 0.3043
Curriculum/terrain_level_pyramid_stairs_inv: 0.2273
         Curriculum/terrain_level_boxes: 0.0000
  Curriculum/terrain_level_random_rough: 0.6667
Curriculum/terrain_level_hf_pyramid_slope: 0.0000
Curriculum/terrain_level_hf_pyramid_slope_inv: 0.0000
          Curriculum/terrain_level_flat: 0.1667
     Metrics/base_velocity/error_vel_xy: 0.2759
    Metrics/base_velocity/error_vel_yaw: 0.2709
           Metrics/base_velocity/base_z: 0.5457
         Metrics/base_velocity/knee_pos: 0.2609
           Episode_Termination/time_out: 0.9733
Episode_Termination/terrain_out_of_bounds: 0.0156
  Episode_Termination/bad_orientation_2: 0.0000
--------------------------------------------------------------------------------
                         Iteration time: 2.72s
                           Time elapsed: 00:01:55
                                    ETA: 00:00:35

################################################################################
[1m                            Learning iteration 42/55                            [0m 

                               Run name: preservation_smoke
                            Total steps: 66048 
                       Steps per second: 559 
                        Collection time: 2.705s 
                          Learning time: 0.040s 
                        Mean value loss: 0.2248
                    Mean surrogate loss: 0.0000
                      Mean entropy loss: 6.2641
                       Mean anchor loss: 0.0000
                Mean critic_warmup loss: 1.0000
                            Mean reward: 69.57
                    Mean episode length: 595.27
                        Mean action std: 0.37
            Episode_Reward/lin_vel_z_l2: -0.0330
           Episode_Reward/ang_vel_xy_l2: -0.0168
        Episode_Reward/joint_torques_l2: -0.0016
            Episode_Reward/joint_acc_l2: -0.0484
  Episode_Reward/hipx_joint_pos_penalty: -0.2166
  Episode_Reward/hipy_joint_pos_penalty: -0.1045
  Episode_Reward/knee_joint_pos_penalty: -0.1018
            Episode_Reward/joint_mirror: -0.0021
          Episode_Reward/action_rate_l2: -0.0019
        Episode_Reward/action_smooth_l2: -0.0084
      Episode_Reward/undesired_contacts: -0.0050
          Episode_Reward/contact_forces: -0.0008
    Episode_Reward/track_lin_vel_xy_exp: 4.6647
     Episode_Reward/track_ang_vel_z_exp: 2.7616
 Episode_Reward/feet_air_time_ang_z_M20: 0.0000
    Episode_Reward/feet_slide_ang_z_cmd: 0.0000
             Episode_Reward/stand_still: 0.0000
    Episode_Reward/rotation_gait_status: 0.0000
  Episode_Reward/rotation_gait_symmetry: 0.0000
 Episode_Reward/bad_orientation_penalty: 0.0000
      Episode_Reward/joint_acc_wheel_l2: -0.0417
  Episode_Reward/stair_orientation_cost: -0.0626
  Episode_Reward/stair_forward_progress: 0.0254
  Episode_Reward/stair_front_wheel_lift: 0.0312
Episode_Reward/stair_forward_motion_cost: -0.0187
Episode_Reward/stair_ascent_direction_cost: -0.8167
Episode_Reward/stair_front_wheel_touchdown: 0.0104
Episode_Reward/stair_front_single_support: 0.0018
Episode_Reward/stair_diagonal_support_symmetry: 0.0008
 Episode_Reward/stair_front_alternation: 0.0000
Episode_Reward/stair_up_step_completion: 0.0000
  Episode_Reward/stair_up_task_crossing: 0.0000
Episode_Reward/stair_up_rear_step_completion: 0.0000
   Episode_Reward/stair_rear_wheel_lift: 0.0625
Episode_Reward/stair_descent_rear_forward_cost: -0.0001
Episode_Reward/stair_ascent_front_body_clearance_cost: 0.0000
Episode_Reward/stair_up_order_violation_cost: -0.6250
Episode_Reward/stair_up_same_tread_cost: 0.0000
Episode_Reward/stair_up_same_tread_dwell_cost: 0.0000
Episode_Reward/stair_descent_rear_fold_cost: -0.0043
Episode_Reward/stair_ascent_front_fold_cost: -0.0168
    Episode_Reward/turn_swing_size_cost: 0.0000
Episode_Reward/stair_down_step_completion: 0.0625
Episode_Reward/stair_front_riser_face_cost: -0.0625
Episode_Reward/stair_descent_rear_support: 0.0146
       Episode_Reward/stair_impact_cost: -0.0004
Episode_Reward/stair_non_wheel_contact_cost: -0.0004
Episode_Reward/stair_non_wheel_scrape_cost: -0.0002
 Episode_Reward/stair_joint_effort_cost: -0.0010
Episode_Reward/stair_joint_acceleration_cost: -0.0023
Episode_Reward/stair_mechanical_power_cost: -0.0003
              Curriculum/terrain_levels: 0.2409
                  Curriculum/gait_level: 0.0633
 Curriculum/step_completion/up_attempts: 15.4167
Curriculum/step_completion/up_successes: 0.8333
Curriculum/step_completion/up_success_rate: 0.0225
Curriculum/step_completion/up_rear_successes: 2.0833
Curriculum/step_completion/up_front_violations: 14.5833
Curriculum/step_completion/up_rear_violations: 10.4167
Curriculum/step_completion/up_front_same_tread_events: 0.0000
Curriculum/step_completion/up_front_same_tread_dwell_s: 0.0000
Curriculum/step_completion/up_rear_same_tread_events: 0.0000
Curriculum/step_completion/up_rear_same_tread_dwell_s: 0.0000
Curriculum/step_completion/up_targets_started: 11.6667
Curriculum/step_completion/up_lift_credit: 1.2500
  Curriculum/step_completion/up_retries: 2.5000
Curriculum/step_completion/up_abandoned_targets: 0.0000
Curriculum/step_completion/up_retreat_fraction: 0.0000
Curriculum/step_completion/up_stationary_fraction: 0.0076
Curriculum/step_completion/down_attempts: 0.8333
Curriculum/step_completion/down_successes: 0.4167
Curriculum/step_completion/down_success_rate: 0.2083
Curriculum/step_completion/forward_gate_fraction: 0.1942
Curriculum/step_completion/nearby_gate_fraction: 0.2133
Curriculum/step_completion/registered_risers: 25.4167
Curriculum/step_completion/up_whole_body_crossings: 0.0000
Curriculum/step_completion/up_whole_body_crossing_coverage: 0.0000
Curriculum/step_completion/up_front_registered_intermediate_risers: 21.6667
Curriculum/step_completion/up_front_landing_coverage: 0.2527
Curriculum/step_completion/up_front_strict_coverage: 0.0160
Curriculum/step_completion/up_front_physical_landings: 15.4167
Curriculum/step_completion/up_front_transition_successes: 0.0000
Curriculum/step_completion/up_front_skipped_riser_events: 12.9167
Curriculum/step_completion/up_front_unsafe_events: 10.4167
Curriculum/step_completion/up_front_skip_fraction: 0.3491
Curriculum/step_completion/up_front_visited_intermediate_risers: 11.6667
Curriculum/step_completion/up_front_same_tread_fraction: 0.0000
Curriculum/step_completion/up_front_longest_strict_run: 0.8333
Curriculum/step_completion/up_front_six_step_strict_fraction: 0.0000
Curriculum/step_completion/fl_stable_treads: 3.7500
Curriculum/step_completion/fr_stable_treads: 15.4167
Curriculum/step_completion/up_rear_registered_intermediate_risers: 21.6667
Curriculum/step_completion/up_rear_landing_coverage: 0.2049
Curriculum/step_completion/up_rear_strict_coverage: 0.0401
Curriculum/step_completion/up_rear_physical_landings: 12.5000
Curriculum/step_completion/up_rear_transition_successes: 0.0000
Curriculum/step_completion/up_rear_skipped_riser_events: 4.5833
Curriculum/step_completion/up_rear_unsafe_events: 9.5833
Curriculum/step_completion/up_rear_skip_fraction: 0.1528
Curriculum/step_completion/up_rear_visited_intermediate_risers: 8.7500
Curriculum/step_completion/up_rear_same_tread_fraction: 0.0000
Curriculum/step_completion/up_rear_longest_strict_run: 0.8333
Curriculum/step_completion/up_rear_six_step_strict_fraction: 0.0000
Curriculum/step_completion/hl_stable_treads: 2.5000
Curriculum/step_completion/hr_stable_treads: 12.5000
Curriculum/step_completion/up_rear_lift_credit: 2.5000
   Curriculum/gait_quality/turn_samples: 0.0000
Curriculum/gait_quality/descent_samples: 61.6667
Curriculum/gait_quality/rear_support_samples: 66.2500
Curriculum/gait_quality/turn_clearance_mean_m: 0.0000
Curriculum/gait_quality/turn_reach_mean_m: 0.0000
Curriculum/gait_quality/turn_yaw_error_mean: 0.0000
Curriculum/gait_quality/rear_extension_mean_m: 0.1608
Curriculum/gait_quality/rear_fold_support_fraction: 0.1520
 Curriculum/gait_quality/ascent_samples: 182.5000
Curriculum/gait_quality/front_support_samples: 165.0000
Curriculum/gait_quality/front_extension_mean_m: 0.1814
Curriculum/gait_quality/front_knee_abs_mean_rad: 0.4836
Curriculum/gait_quality/front_fold_support_fraction: 0.1210
Curriculum/gait_quality/front_swing_samples: 200.0000
Curriculum/gait_quality/front_extreme_swing_fold_fraction: 0.1137
Curriculum/gait_quality/front_loaded_a_mean_deg: 47.2944
Curriculum/gait_quality/front_loaded_a_low_fraction: 0.1210
Curriculum/gait_quality/front_loaded_a_min_deg: 22.4958
Curriculum/gait_quality/fl_loaded_samples: 81.2500
Curriculum/gait_quality/fl_loaded_a_mean_deg: 40.5788
Curriculum/gait_quality/fl_loaded_a_low_fraction: 0.2393
Curriculum/gait_quality/fr_loaded_samples: 83.7500
Curriculum/gait_quality/fr_loaded_a_mean_deg: 53.8096
Curriculum/gait_quality/fr_loaded_a_low_fraction: 0.0062
Curriculum/gait_quality/front_swing_a_mean_deg: 40.9436
Curriculum/gait_quality/front_swing_a_low_fraction: 0.1137
Curriculum/gait_quality/front_swing_a_min_deg: 10.7065
Curriculum/gait_quality/fl_swing_samples: 101.2500
Curriculum/gait_quality/fl_swing_a_mean_deg: 35.7446
Curriculum/gait_quality/fl_swing_a_low_fraction: 0.2092
Curriculum/gait_quality/fr_swing_samples: 98.7500
Curriculum/gait_quality/fr_swing_a_mean_deg: 46.2743
Curriculum/gait_quality/fr_swing_a_low_fraction: 0.0158
Curriculum/gait_quality/rear_forward_samples: 66.2500
Curriculum/gait_quality/rear_forward_excess_fraction: 0.0131
Curriculum/gait_quality/rear_body_b_mean_deg: -1.1996
Curriculum/gait_quality/rear_gravity_g_mean_deg: -3.3186
 Curriculum/gait_quality/rear_b_max_deg: 17.1770
 Curriculum/gait_quality/rear_g_max_deg: 12.5035
Curriculum/gait_quality/hl_loaded_samples: 31.2500
Curriculum/gait_quality/hl_body_b_mean_deg: -4.2124
Curriculum/gait_quality/hl_gravity_g_mean_deg: -6.8424
Curriculum/gait_quality/hl_forward_excess_fraction: 0.0167
Curriculum/gait_quality/hr_loaded_samples: 35.0000
Curriculum/gait_quality/hr_body_b_mean_deg: 1.4905
Curriculum/gait_quality/hr_gravity_g_mean_deg: -0.1724
Curriculum/gait_quality/hr_forward_excess_fraction: 0.0099
Curriculum/gait_quality/rear_entry_samples: 22.5000
Curriculum/gait_quality/rear_entry_b_mean_deg: 2.1721
Curriculum/gait_quality/rear_entry_g_mean_deg: -1.5610
Curriculum/gait_quality/front_body_gap_samples: 182.5000
Curriculum/gait_quality/front_body_gap_mean_m: 0.1506
Curriculum/gait_quality/front_body_gap_low_fraction: 0.0000
Curriculum/gait_quality/loaded_without_local_map_samples: 0.0000
    Curriculum/ascent_direction/samples: 354.1667
Curriculum/ascent_direction/lateral_error_mean_m: 0.4397
Curriculum/ascent_direction/lateral_error_max_m: 2.2587
Curriculum/ascent_direction/lateral_speed_mean_m_s: 0.1902
Curriculum/ascent_direction/heading_error_mean_deg: 10.2197
Curriculum/ascent_direction/outside_tolerance_fraction: 0.3583
  Curriculum/ascent_direction/cost_mean: 0.4804
       Curriculum/terrain_level_overall: 0.2409
Curriculum/terrain_level_pyramid_stairs: 0.3043
Curriculum/terrain_level_pyramid_stairs_inv: 0.2462
         Curriculum/terrain_level_boxes: 0.0000
  Curriculum/terrain_level_random_rough: 0.6667
Curriculum/terrain_level_hf_pyramid_slope: 0.0000
Curriculum/terrain_level_hf_pyramid_slope_inv: 0.0000
          Curriculum/terrain_level_flat: 0.1667
     Metrics/base_velocity/error_vel_xy: 0.3018
    Metrics/base_velocity/error_vel_yaw: 0.3344
           Metrics/base_velocity/base_z: 0.3733
         Metrics/base_velocity/knee_pos: 0.4410
           Episode_Termination/time_out: 0.9844
Episode_Termination/terrain_out_of_bounds: 0.0156
  Episode_Termination/bad_orientation_2: 0.0000
--------------------------------------------------------------------------------
                         Iteration time: 2.74s
                           Time elapsed: 00:01:57
                                    ETA: 00:00:32

################################################################################
[1m                            Learning iteration 43/55                            [0m 

                               Run name: preservation_smoke
                            Total steps: 67584 
                       Steps per second: 569 
                        Collection time: 2.648s 
                          Learning time: 0.047s 
                        Mean value loss: 0.5853
                    Mean surrogate loss: 0.0000
                      Mean entropy loss: 6.2641
                       Mean anchor loss: 0.0000
                Mean critic_warmup loss: 1.0000
                            Mean reward: 69.90
                    Mean episode length: 601.31
                        Mean action std: 0.37
            Episode_Reward/lin_vel_z_l2: -0.0680
           Episode_Reward/ang_vel_xy_l2: -0.0246
        Episode_Reward/joint_torques_l2: -0.0025
            Episode_Reward/joint_acc_l2: -0.0842
  Episode_Reward/hipx_joint_pos_penalty: -0.3026
  Episode_Reward/hipy_joint_pos_penalty: -0.1037
  Episode_Reward/knee_joint_pos_penalty: -0.1189
            Episode_Reward/joint_mirror: -0.0029
          Episode_Reward/action_rate_l2: -0.0027
        Episode_Reward/action_smooth_l2: -0.0105
      Episode_Reward/undesired_contacts: -0.0090
          Episode_Reward/contact_forces: -0.0012
    Episode_Reward/track_lin_vel_xy_exp: 4.4058
     Episode_Reward/track_ang_vel_z_exp: 2.7225
 Episode_Reward/feet_air_time_ang_z_M20: 0.0002
    Episode_Reward/feet_slide_ang_z_cmd: -0.0083
             Episode_Reward/stand_still: -0.1296
    Episode_Reward/rotation_gait_status: 0.0000
  Episode_Reward/rotation_gait_symmetry: 0.0013
 Episode_Reward/bad_orientation_penalty: 0.0000
      Episode_Reward/joint_acc_wheel_l2: -0.0700
  Episode_Reward/stair_orientation_cost: -0.1331
  Episode_Reward/stair_forward_progress: 0.0693
  Episode_Reward/stair_front_wheel_lift: 0.0875
Episode_Reward/stair_forward_motion_cost: -0.0380
Episode_Reward/stair_ascent_direction_cost: -1.7036
Episode_Reward/stair_front_wheel_touchdown: 0.0281
Episode_Reward/stair_front_single_support: 0.0051
Episode_Reward/stair_diagonal_support_symmetry: 0.0020
 Episode_Reward/stair_front_alternation: 0.0000
Episode_Reward/stair_up_step_completion: 0.0000
  Episode_Reward/stair_up_task_crossing: 0.0000
Episode_Reward/stair_up_rear_step_completion: 0.0000
   Episode_Reward/stair_rear_wheel_lift: 0.1188
Episode_Reward/stair_descent_rear_forward_cost: -0.0029
Episode_Reward/stair_ascent_front_body_clearance_cost: 0.0000
Episode_Reward/stair_up_order_violation_cost: -1.3000
Episode_Reward/stair_up_same_tread_cost: 0.0000
Episode_Reward/stair_up_same_tread_dwell_cost: 0.0000
Episode_Reward/stair_descent_rear_fold_cost: -0.0083
Episode_Reward/stair_ascent_front_fold_cost: -0.0370
    Episode_Reward/turn_swing_size_cost: -0.0016
Episode_Reward/stair_down_step_completion: 0.1500
Episode_Reward/stair_front_riser_face_cost: -0.1125
Episode_Reward/stair_descent_rear_support: 0.0350
       Episode_Reward/stair_impact_cost: -0.0008
Episode_Reward/stair_non_wheel_contact_cost: -0.0008
Episode_Reward/stair_non_wheel_scrape_cost: -0.0004
 Episode_Reward/stair_joint_effort_cost: -0.0023
Episode_Reward/stair_joint_acceleration_cost: -0.0052
Episode_Reward/stair_mechanical_power_cost: -0.0007
              Curriculum/terrain_levels: 0.2500
                  Curriculum/gait_level: 0.0639
 Curriculum/step_completion/up_attempts: 32.0000
Curriculum/step_completion/up_successes: 2.5000
Curriculum/step_completion/up_success_rate: 0.0994
Curriculum/step_completion/up_rear_successes: 3.7500
Curriculum/step_completion/up_front_violations: 29.5000
Curriculum/step_completion/up_rear_violations: 22.5000
Curriculum/step_completion/up_front_same_tread_events: 0.0000
Curriculum/step_completion/up_front_same_tread_dwell_s: 0.0000
Curriculum/step_completion/up_rear_same_tread_events: 0.0000
Curriculum/step_completion/up_rear_same_tread_dwell_s: 0.0000
Curriculum/step_completion/up_targets_started: 23.0000
Curriculum/step_completion/up_lift_credit: 3.5000
  Curriculum/step_completion/up_retries: 4.5000
Curriculum/step_completion/up_abandoned_targets: 0.0000
Curriculum/step_completion/up_retreat_fraction: 0.0000
Curriculum/step_completion/up_stationary_fraction: 0.0136
Curriculum/step_completion/down_attempts: 2.0000
Curriculum/step_completion/down_successes: 1.0000
Curriculum/step_completion/down_success_rate: 0.5000
Curriculum/step_completion/forward_gate_fraction: 0.4200
Curriculum/step_completion/nearby_gate_fraction: 0.5093
Curriculum/step_completion/registered_risers: 52.0000
Curriculum/step_completion/up_whole_body_crossings: 0.0000
Curriculum/step_completion/up_whole_body_crossing_coverage: 0.0000
Curriculum/step_completion/up_front_registered_intermediate_risers: 44.2500
Curriculum/step_completion/up_front_landing_coverage: 0.6249
Curriculum/step_completion/up_front_strict_coverage: 0.0765
Curriculum/step_completion/up_front_physical_landings: 32.0000
Curriculum/step_completion/up_front_transition_successes: 0.0000
Curriculum/step_completion/up_front_skipped_riser_events: 24.2500
Curriculum/step_completion/up_front_unsafe_events: 21.2500
Curriculum/step_completion/up_front_skip_fraction: 0.6872
Curriculum/step_completion/up_front_visited_intermediate_risers: 24.2500
Curriculum/step_completion/up_front_same_tread_fraction: 0.0000
Curriculum/step_completion/up_front_longest_strict_run: 2.2500
Curriculum/step_completion/up_front_six_step_strict_fraction: 0.0000
Curriculum/step_completion/fl_stable_treads: 7.7500
Curriculum/step_completion/fr_stable_treads: 32.0000
Curriculum/step_completion/up_rear_registered_intermediate_risers: 44.2500
Curriculum/step_completion/up_rear_landing_coverage: 0.5189
Curriculum/step_completion/up_rear_strict_coverage: 0.0721
Curriculum/step_completion/up_rear_physical_landings: 26.2500
Curriculum/step_completion/up_rear_transition_successes: 0.0000
Curriculum/step_completion/up_rear_skipped_riser_events: 10.0000
Curriculum/step_completion/up_rear_unsafe_events: 20.5000
Curriculum/step_completion/up_rear_skip_fraction: 0.3917
Curriculum/step_completion/up_rear_visited_intermediate_risers: 18.5000
Curriculum/step_completion/up_rear_same_tread_fraction: 0.0000
Curriculum/step_completion/up_rear_longest_strict_run: 1.5000
Curriculum/step_completion/up_rear_six_step_strict_fraction: 0.0000
Curriculum/step_completion/hl_stable_treads: 5.2500
Curriculum/step_completion/hr_stable_treads: 26.2500
Curriculum/step_completion/up_rear_lift_credit: 4.7500
   Curriculum/gait_quality/turn_samples: 114.2500
Curriculum/gait_quality/descent_samples: 137.2500
Curriculum/gait_quality/rear_support_samples: 158.2500
Curriculum/gait_quality/turn_clearance_mean_m: 0.0059
Curriculum/gait_quality/turn_reach_mean_m: 0.0495
Curriculum/gait_quality/turn_yaw_error_mean: 0.0413
Curriculum/gait_quality/rear_extension_mean_m: 0.3965
Curriculum/gait_quality/rear_fold_support_fraction: 0.3136
 Curriculum/gait_quality/ascent_samples: 383.2500
Curriculum/gait_quality/front_support_samples: 345.2500
Curriculum/gait_quality/front_extension_mean_m: 0.4299
Curriculum/gait_quality/front_knee_abs_mean_rad: 1.2066
Curriculum/gait_quality/front_fold_support_fraction: 0.2916
Curriculum/gait_quality/front_swing_samples: 421.2500
Curriculum/gait_quality/front_extreme_swing_fold_fraction: 0.3118
Curriculum/gait_quality/front_loaded_a_mean_deg: 110.8681
Curriculum/gait_quality/front_loaded_a_low_fraction: 0.2916
Curriculum/gait_quality/front_loaded_a_min_deg: 54.8912
Curriculum/gait_quality/fl_loaded_samples: 169.5000
Curriculum/gait_quality/fl_loaded_a_mean_deg: 96.3049
Curriculum/gait_quality/fl_loaded_a_low_fraction: 0.5732
Curriculum/gait_quality/fr_loaded_samples: 175.7500
Curriculum/gait_quality/fr_loaded_a_mean_deg: 124.8973
Curriculum/gait_quality/fr_loaded_a_low_fraction: 0.0212
Curriculum/gait_quality/front_swing_a_mean_deg: 95.0550
Curriculum/gait_quality/front_swing_a_low_fraction: 0.3118
Curriculum/gait_quality/front_swing_a_min_deg: 31.1893
Curriculum/gait_quality/fl_swing_samples: 213.7500
Curriculum/gait_quality/fl_swing_a_mean_deg: 83.6025
Curriculum/gait_quality/fl_swing_a_low_fraction: 0.5333
Curriculum/gait_quality/fr_swing_samples: 207.5000
Curriculum/gait_quality/fr_swing_a_mean_deg: 106.8676
Curriculum/gait_quality/fr_swing_a_low_fraction: 0.0831
Curriculum/gait_quality/rear_forward_samples: 158.2500
Curriculum/gait_quality/rear_forward_excess_fraction: 0.0893
Curriculum/gait_quality/rear_body_b_mean_deg: 1.9111
Curriculum/gait_quality/rear_gravity_g_mean_deg: -2.7648
 Curriculum/gait_quality/rear_b_max_deg: 43.6933
 Curriculum/gait_quality/rear_g_max_deg: 34.0495
Curriculum/gait_quality/hl_loaded_samples: 76.0000
Curriculum/gait_quality/hl_body_b_mean_deg: -3.6849
Curriculum/gait_quality/hl_gravity_g_mean_deg: -9.5642
Curriculum/gait_quality/hl_forward_excess_fraction: 0.0806
Curriculum/gait_quality/hr_loaded_samples: 82.2500
Curriculum/gait_quality/hr_body_b_mean_deg: 6.9304
Curriculum/gait_quality/hr_gravity_g_mean_deg: 3.3668
Curriculum/gait_quality/hr_forward_excess_fraction: 0.0990
Curriculum/gait_quality/rear_entry_samples: 55.7500
Curriculum/gait_quality/rear_entry_b_mean_deg: 8.4949
Curriculum/gait_quality/rear_entry_g_mean_deg: 0.7389
Curriculum/gait_quality/front_body_gap_samples: 383.2500
Curriculum/gait_quality/front_body_gap_mean_m: 0.3545
Curriculum/gait_quality/front_body_gap_low_fraction: 0.0000
Curriculum/gait_quality/loaded_without_local_map_samples: 0.0000
    Curriculum/ascent_direction/samples: 739.0000
Curriculum/ascent_direction/lateral_error_mean_m: 0.9741
Curriculum/ascent_direction/lateral_error_max_m: 4.6061
Curriculum/ascent_direction/lateral_speed_mean_m_s: 0.4146
Curriculum/ascent_direction/heading_error_mean_deg: 26.3328
Curriculum/ascent_direction/outside_tolerance_fraction: 0.8267
  Curriculum/ascent_direction/cost_mean: 1.1522
       Curriculum/terrain_level_overall: 0.2500
Curriculum/terrain_level_pyramid_stairs: 0.3043
Curriculum/terrain_level_pyramid_stairs_inv: 0.2727
         Curriculum/terrain_level_boxes: 0.0000
  Curriculum/terrain_level_random_rough: 0.6667
Curriculum/terrain_level_hf_pyramid_slope: 0.0000
Curriculum/terrain_level_hf_pyramid_slope_inv: 0.0000
          Curriculum/terrain_level_flat: 0.1667
     Metrics/base_velocity/error_vel_xy: 0.4423
    Metrics/base_velocity/error_vel_yaw: 0.3674
           Metrics/base_velocity/base_z: 0.0557
         Metrics/base_velocity/knee_pos: 0.8565
           Episode_Termination/time_out: 0.9844
Episode_Termination/terrain_out_of_bounds: 0.0156
  Episode_Termination/bad_orientation_2: 0.0000
--------------------------------------------------------------------------------
                         Iteration time: 2.69s
                           Time elapsed: 00:02:00
                                    ETA: 00:00:30

################################################################################
[1m                            Learning iteration 44/55                            [0m 

                               Run name: preservation_smoke
                            Total steps: 69120 
                       Steps per second: 579 
                        Collection time: 2.605s 
                          Learning time: 0.046s 
                        Mean value loss: 0.1581
                    Mean surrogate loss: 0.0000
                      Mean entropy loss: 6.2641
                       Mean anchor loss: 0.0000
                Mean critic_warmup loss: 1.0000
                            Mean reward: 69.90
                    Mean episode length: 601.31
                        Mean action std: 0.37
            Episode_Reward/lin_vel_z_l2: -0.0609
           Episode_Reward/ang_vel_xy_l2: -0.0179
        Episode_Reward/joint_torques_l2: -0.0010
            Episode_Reward/joint_acc_l2: -0.0403
  Episode_Reward/hipx_joint_pos_penalty: -0.2232
  Episode_Reward/hipy_joint_pos_penalty: -0.0690
  Episode_Reward/knee_joint_pos_penalty: -0.0778
            Episode_Reward/joint_mirror: -0.0018
          Episode_Reward/action_rate_l2: -0.0014
        Episode_Reward/action_smooth_l2: -0.0091
      Episode_Reward/undesired_contacts: 0.0000
          Episode_Reward/contact_forces: -0.0006
    Episode_Reward/track_lin_vel_xy_exp: 4.3931
     Episode_Reward/track_ang_vel_z_exp: 2.7597
 Episode_Reward/feet_air_time_ang_z_M20: 0.0007
    Episode_Reward/feet_slide_ang_z_cmd: -0.0332
             Episode_Reward/stand_still: -0.5186
    Episode_Reward/rotation_gait_status: 0.0000
  Episode_Reward/rotation_gait_symmetry: 0.0054
 Episode_Reward/bad_orientation_penalty: 0.0000
      Episode_Reward/joint_acc_wheel_l2: -0.0385
  Episode_Reward/stair_orientation_cost: -0.2321
  Episode_Reward/stair_forward_progress: 0.0946
  Episode_Reward/stair_front_wheel_lift: 0.1250
Episode_Reward/stair_forward_motion_cost: -0.0176
Episode_Reward/stair_ascent_direction_cost: -0.9336
Episode_Reward/stair_front_wheel_touchdown: 0.0375
Episode_Reward/stair_front_single_support: 0.0074
Episode_Reward/stair_diagonal_support_symmetry: 0.0027
 Episode_Reward/stair_front_alternation: 0.0000
Episode_Reward/stair_up_step_completion: 0.0000
  Episode_Reward/stair_up_task_crossing: 0.0000
Episode_Reward/stair_up_rear_step_completion: 0.0000
   Episode_Reward/stair_rear_wheel_lift: 0.0250
Episode_Reward/stair_descent_rear_forward_cost: -0.0114
Episode_Reward/stair_ascent_front_body_clearance_cost: 0.0000
Episode_Reward/stair_up_order_violation_cost: -0.7000
Episode_Reward/stair_up_same_tread_cost: 0.0000
Episode_Reward/stair_up_same_tread_dwell_cost: 0.0000
Episode_Reward/stair_descent_rear_fold_cost: -0.0027
Episode_Reward/stair_ascent_front_fold_cost: -0.0270
    Episode_Reward/turn_swing_size_cost: -0.0065
Episode_Reward/stair_down_step_completion: 0.1500
Episode_Reward/stair_front_riser_face_cost: 0.0000
Episode_Reward/stair_descent_rear_support: 0.0350
       Episode_Reward/stair_impact_cost: -0.0007
Episode_Reward/stair_non_wheel_contact_cost: 0.0000
Episode_Reward/stair_non_wheel_scrape_cost: 0.0000
 Episode_Reward/stair_joint_effort_cost: -0.0018
Episode_Reward/stair_joint_acceleration_cost: -0.0045
Episode_Reward/stair_mechanical_power_cost: -0.0005
              Curriculum/terrain_levels: 0.2500
                  Curriculum/gait_level: 0.0639
 Curriculum/step_completion/up_attempts: 17.0000
Curriculum/step_completion/up_successes: 4.0000
Curriculum/step_completion/up_success_rate: 0.2353
Curriculum/step_completion/up_rear_successes: 0.0000
Curriculum/step_completion/up_front_violations: 13.0000
Curriculum/step_completion/up_rear_violations: 15.0000
Curriculum/step_completion/up_front_same_tread_events: 0.0000
Curriculum/step_completion/up_front_same_tread_dwell_s: 0.0000
Curriculum/step_completion/up_rear_same_tread_events: 0.0000
Curriculum/step_completion/up_rear_same_tread_dwell_s: 0.0000
Curriculum/step_completion/up_targets_started: 8.0000
Curriculum/step_completion/up_lift_credit: 5.0000
  Curriculum/step_completion/up_retries: 0.0000
Curriculum/step_completion/up_abandoned_targets: 0.0000
Curriculum/step_completion/up_retreat_fraction: 0.0000
Curriculum/step_completion/up_stationary_fraction: 0.0000
Curriculum/step_completion/down_attempts: 2.0000
Curriculum/step_completion/down_successes: 1.0000
Curriculum/step_completion/down_success_rate: 0.5000
Curriculum/step_completion/forward_gate_fraction: 0.2820
Curriculum/step_completion/nearby_gate_fraction: 0.5010
Curriculum/step_completion/registered_risers: 25.0000
Curriculum/step_completion/up_whole_body_crossings: 0.0000
Curriculum/step_completion/up_whole_body_crossing_coverage: 0.0000
Curriculum/step_completion/up_front_registered_intermediate_risers: 21.0000
Curriculum/step_completion/up_front_landing_coverage: 0.6800
Curriculum/step_completion/up_front_strict_coverage: 0.1905
Curriculum/step_completion/up_front_physical_landings: 17.0000
Curriculum/step_completion/up_front_transition_successes: 0.0000
Curriculum/step_completion/up_front_skipped_riser_events: 4.0000
Curriculum/step_completion/up_front_unsafe_events: 10.0000
Curriculum/step_completion/up_front_skip_fraction: 0.2353
Curriculum/step_completion/up_front_visited_intermediate_risers: 13.0000
Curriculum/step_completion/up_front_same_tread_fraction: 0.0000
Curriculum/step_completion/up_front_longest_strict_run: 3.0000
Curriculum/step_completion/up_front_six_step_strict_fraction: 0.0000
Curriculum/step_completion/fl_stable_treads: 4.0000
Curriculum/step_completion/fr_stable_treads: 17.0000
Curriculum/step_completion/up_rear_registered_intermediate_risers: 21.0000
Curriculum/step_completion/up_rear_landing_coverage: 0.6000
Curriculum/step_completion/up_rear_strict_coverage: 0.0000
Curriculum/step_completion/up_rear_physical_landings: 15.0000
Curriculum/step_completion/up_rear_transition_successes: 0.0000
Curriculum/step_completion/up_rear_skipped_riser_events: 7.0000
Curriculum/step_completion/up_rear_unsafe_events: 13.0000
Curriculum/step_completion/up_rear_skip_fraction: 0.4667
Curriculum/step_completion/up_rear_visited_intermediate_risers: 11.0000
Curriculum/step_completion/up_rear_same_tread_fraction: 0.0000
Curriculum/step_completion/up_rear_longest_strict_run: 0.0000
Curriculum/step_completion/up_rear_six_step_strict_fraction: 0.0000
Curriculum/step_completion/hl_stable_treads: 3.0000
Curriculum/step_completion/hr_stable_treads: 15.0000
Curriculum/step_completion/up_rear_lift_credit: 1.0000
   Curriculum/gait_quality/turn_samples: 457.0000
Curriculum/gait_quality/descent_samples: 105.0000
Curriculum/gait_quality/rear_support_samples: 156.0000
Curriculum/gait_quality/turn_clearance_mean_m: 0.0237
Curriculum/gait_quality/turn_reach_mean_m: 0.1979
Curriculum/gait_quality/turn_yaw_error_mean: 0.1653
Curriculum/gait_quality/rear_extension_mean_m: 0.4283
Curriculum/gait_quality/rear_fold_support_fraction: 0.1603
 Curriculum/gait_quality/ascent_samples: 219.0000
Curriculum/gait_quality/front_support_samples: 193.0000
Curriculum/gait_quality/front_extension_mean_m: 0.4137
Curriculum/gait_quality/front_knee_abs_mean_rad: 1.3447
Curriculum/gait_quality/front_fold_support_fraction: 0.2953
Curriculum/gait_quality/front_swing_samples: 245.0000
Curriculum/gait_quality/front_extreme_swing_fold_fraction: 0.4286
Curriculum/gait_quality/front_loaded_a_mean_deg: 102.9526
Curriculum/gait_quality/front_loaded_a_low_fraction: 0.2953
Curriculum/gait_quality/front_loaded_a_min_deg: 57.5951
Curriculum/gait_quality/fl_loaded_samples: 93.0000
Curriculum/gait_quality/fl_loaded_a_mean_deg: 93.0518
Curriculum/gait_quality/fl_loaded_a_low_fraction: 0.5699
Curriculum/gait_quality/fr_loaded_samples: 100.0000
Curriculum/gait_quality/fr_loaded_a_mean_deg: 112.1603
Curriculum/gait_quality/fr_loaded_a_low_fraction: 0.0400
Curriculum/gait_quality/front_swing_a_mean_deg: 85.4257
Curriculum/gait_quality/front_swing_a_low_fraction: 0.4286
Curriculum/gait_quality/front_swing_a_min_deg: 47.6701
Curriculum/gait_quality/fl_swing_samples: 126.0000
Curriculum/gait_quality/fl_swing_a_mean_deg: 77.0486
Curriculum/gait_quality/fl_swing_a_low_fraction: 0.6270
Curriculum/gait_quality/fr_swing_samples: 119.0000
Curriculum/gait_quality/fr_swing_a_mean_deg: 94.2956
Curriculum/gait_quality/fr_swing_a_low_fraction: 0.2185
Curriculum/gait_quality/rear_forward_samples: 156.0000
Curriculum/gait_quality/rear_forward_excess_fraction: 0.2628
Curriculum/gait_quality/rear_body_b_mean_deg: 16.2812
Curriculum/gait_quality/rear_gravity_g_mean_deg: 12.8346
 Curriculum/gait_quality/rear_b_max_deg: 51.0989
 Curriculum/gait_quality/rear_g_max_deg: 46.1725
Curriculum/gait_quality/hl_loaded_samples: 79.0000
Curriculum/gait_quality/hl_body_b_mean_deg: 15.5901
Curriculum/gait_quality/hl_gravity_g_mean_deg: 11.0083
Curriculum/gait_quality/hl_forward_excess_fraction: 0.2025
Curriculum/gait_quality/hr_loaded_samples: 77.0000
Curriculum/gait_quality/hr_body_b_mean_deg: 16.9903
Curriculum/gait_quality/hr_gravity_g_mean_deg: 14.7084
Curriculum/gait_quality/hr_forward_excess_fraction: 0.3247
Curriculum/gait_quality/rear_entry_samples: 61.0000
Curriculum/gait_quality/rear_entry_b_mean_deg: 18.3404
Curriculum/gait_quality/rear_entry_g_mean_deg: 14.1950
Curriculum/gait_quality/front_body_gap_samples: 219.0000
Curriculum/gait_quality/front_body_gap_mean_m: 0.3335
Curriculum/gait_quality/front_body_gap_low_fraction: 0.0000
Curriculum/gait_quality/loaded_without_local_map_samples: 0.0000
    Curriculum/ascent_direction/samples: 406.0000
Curriculum/ascent_direction/lateral_error_mean_m: 0.7302
Curriculum/ascent_direction/lateral_error_max_m: 2.1618
Curriculum/ascent_direction/lateral_speed_mean_m_s: 0.2891
Curriculum/ascent_direction/heading_error_mean_deg: 31.7490
Curriculum/ascent_direction/outside_tolerance_fraction: 0.7266
  Curriculum/ascent_direction/cost_mean: 1.1498
       Curriculum/terrain_level_overall: 0.2500
Curriculum/terrain_level_pyramid_stairs: 0.3043
Curriculum/terrain_level_pyramid_stairs_inv: 0.2727
         Curriculum/terrain_level_boxes: 0.0000
  Curriculum/terrain_level_random_rough: 0.6667
Curriculum/terrain_level_hf_pyramid_slope: 0.0000
Curriculum/terrain_level_hf_pyramid_slope_inv: 0.0000
          Curriculum/terrain_level_flat: 0.1667
     Metrics/base_velocity/error_vel_xy: 0.4284
    Metrics/base_velocity/error_vel_yaw: 0.3400
           Metrics/base_velocity/base_z: -0.2389
         Metrics/base_velocity/knee_pos: 0.6973
           Episode_Termination/time_out: 0.9844
Episode_Termination/terrain_out_of_bounds: 0.0156
  Episode_Termination/bad_orientation_2: 0.0000
--------------------------------------------------------------------------------
                         Iteration time: 2.65s
                           Time elapsed: 00:02:03
                                    ETA: 00:00:27

################################################################################
[1m                            Learning iteration 45/55                            [0m 

                               Run name: preservation_smoke
                            Total steps: 70656 
                       Steps per second: 596 
                        Collection time: 2.530s 
                          Learning time: 0.044s 
                        Mean value loss: 0.2669
                    Mean surrogate loss: 0.0000
                      Mean entropy loss: 6.2641
                       Mean anchor loss: 0.0000
                Mean critic_warmup loss: 1.0000
                            Mean reward: 70.24
                    Mean episode length: 607.18
                        Mean action std: 0.37
            Episode_Reward/lin_vel_z_l2: -0.0821
           Episode_Reward/ang_vel_xy_l2: -0.0293
        Episode_Reward/joint_torques_l2: -0.0021
            Episode_Reward/joint_acc_l2: -0.1111
  Episode_Reward/hipx_joint_pos_penalty: -0.3027
  Episode_Reward/hipy_joint_pos_penalty: -0.1172
  Episode_Reward/knee_joint_pos_penalty: -0.1178
            Episode_Reward/joint_mirror: -0.0034
          Episode_Reward/action_rate_l2: -0.0023
        Episode_Reward/action_smooth_l2: -0.0107
      Episode_Reward/undesired_contacts: -0.0103
          Episode_Reward/contact_forces: -0.0012
    Episode_Reward/track_lin_vel_xy_exp: 4.3745
     Episode_Reward/track_ang_vel_z_exp: 2.7128
 Episode_Reward/feet_air_time_ang_z_M20: 0.0003
    Episode_Reward/feet_slide_ang_z_cmd: -0.0152
             Episode_Reward/stand_still: -0.2377
    Episode_Reward/rotation_gait_status: 0.0000
  Episode_Reward/rotation_gait_symmetry: 0.0025
 Episode_Reward/bad_orientation_penalty: 0.0000
      Episode_Reward/joint_acc_wheel_l2: -0.0736
  Episode_Reward/stair_orientation_cost: -0.2057
  Episode_Reward/stair_forward_progress: 0.1052
  Episode_Reward/stair_front_wheel_lift: 0.1109
Episode_Reward/stair_forward_motion_cost: -0.0253
Episode_Reward/stair_ascent_direction_cost: -0.9971
Episode_Reward/stair_front_wheel_touchdown: 0.0307
Episode_Reward/stair_front_single_support: 0.0069
Episode_Reward/stair_diagonal_support_symmetry: 0.0027
 Episode_Reward/stair_front_alternation: 0.0000
Episode_Reward/stair_up_step_completion: 0.0000
  Episode_Reward/stair_up_task_crossing: 0.0000
Episode_Reward/stair_up_rear_step_completion: 0.1625
   Episode_Reward/stair_rear_wheel_lift: 0.0763
Episode_Reward/stair_descent_rear_forward_cost: -0.0052
Episode_Reward/stair_ascent_front_body_clearance_cost: -0.0001
Episode_Reward/stair_up_order_violation_cost: -0.5510
Episode_Reward/stair_up_same_tread_cost: -0.1625
Episode_Reward/stair_up_same_tread_dwell_cost: 0.0000
Episode_Reward/stair_descent_rear_fold_cost: -0.0036
Episode_Reward/stair_ascent_front_fold_cost: -0.0246
    Episode_Reward/turn_swing_size_cost: -0.0030
Episode_Reward/stair_down_step_completion: 0.1500
Episode_Reward/stair_front_riser_face_cost: -0.0271
Episode_Reward/stair_descent_rear_support: 0.0350
       Episode_Reward/stair_impact_cost: -0.0029
Episode_Reward/stair_non_wheel_contact_cost: -0.0009
Episode_Reward/stair_non_wheel_scrape_cost: -0.0010
 Episode_Reward/stair_joint_effort_cost: -0.0031
Episode_Reward/stair_joint_acceleration_cost: -0.0076
Episode_Reward/stair_mechanical_power_cost: -0.0011
              Curriculum/terrain_levels: 0.2585
                  Curriculum/gait_level: 0.0645
 Curriculum/step_completion/up_attempts: 12.6667
Curriculum/step_completion/up_successes: 4.0000
Curriculum/step_completion/up_success_rate: 0.3486
Curriculum/step_completion/up_rear_successes: 4.3333
Curriculum/step_completion/up_front_violations: 8.6667
Curriculum/step_completion/up_rear_violations: 13.3750
Curriculum/step_completion/up_front_same_tread_events: 1.0833
Curriculum/step_completion/up_front_same_tread_dwell_s: 0.0000
Curriculum/step_completion/up_rear_same_tread_events: 1.0833
Curriculum/step_completion/up_rear_same_tread_dwell_s: 0.0000
Curriculum/step_completion/up_targets_started: 8.0000
Curriculum/step_completion/up_lift_credit: 4.4351
  Curriculum/step_completion/up_retries: 0.0000
Curriculum/step_completion/up_abandoned_targets: 0.0000
Curriculum/step_completion/up_retreat_fraction: 0.0000
Curriculum/step_completion/up_stationary_fraction: 0.0000
Curriculum/step_completion/down_attempts: 2.0000
Curriculum/step_completion/down_successes: 1.0000
Curriculum/step_completion/down_success_rate: 0.5000
Curriculum/step_completion/forward_gate_fraction: 0.2750
Curriculum/step_completion/nearby_gate_fraction: 0.6061
Curriculum/step_completion/registered_risers: 23.3750
Curriculum/step_completion/up_whole_body_crossings: 0.0000
Curriculum/step_completion/up_whole_body_crossing_coverage: 0.0000
Curriculum/step_completion/up_front_registered_intermediate_risers: 16.1250
Curriculum/step_completion/up_front_landing_coverage: 0.5333
Curriculum/step_completion/up_front_strict_coverage: 0.1776
Curriculum/step_completion/up_front_physical_landings: 12.6667
Curriculum/step_completion/up_front_transition_successes: 0.0000
Curriculum/step_completion/up_front_skipped_riser_events: 2.9167
Curriculum/step_completion/up_front_unsafe_events: 5.6667
Curriculum/step_completion/up_front_skip_fraction: 0.2282
Curriculum/step_completion/up_front_visited_intermediate_risers: 9.7500
Curriculum/step_completion/up_front_same_tread_fraction: 0.1548
Curriculum/step_completion/up_front_longest_strict_run: 1.9167
Curriculum/step_completion/up_front_six_step_strict_fraction: 0.0000
Curriculum/step_completion/fl_stable_treads: 4.5417
Curriculum/step_completion/fr_stable_treads: 13.2083
Curriculum/step_completion/up_rear_registered_intermediate_risers: 16.1250
Curriculum/step_completion/up_rear_landing_coverage: 0.7674
Curriculum/step_completion/up_rear_strict_coverage: 0.1354
Curriculum/step_completion/up_rear_physical_landings: 17.7083
Curriculum/step_completion/up_rear_transition_successes: 1.0833
Curriculum/step_completion/up_rear_skipped_riser_events: 7.0000
Curriculum/step_completion/up_rear_unsafe_events: 9.2083
Curriculum/step_completion/up_rear_skip_fraction: 0.4035
Curriculum/step_completion/up_rear_visited_intermediate_risers: 11.5417
Curriculum/step_completion/up_rear_same_tread_fraction: 0.0903
Curriculum/step_completion/up_rear_longest_strict_run: 0.5417
Curriculum/step_completion/up_rear_six_step_strict_fraction: 0.0000
Curriculum/step_completion/hl_stable_treads: 3.5417
Curriculum/step_completion/hr_stable_treads: 18.7917
Curriculum/step_completion/up_rear_lift_credit: 3.0500
   Curriculum/gait_quality/turn_samples: 209.4583
Curriculum/gait_quality/descent_samples: 155.9167
Curriculum/gait_quality/rear_support_samples: 173.8750
Curriculum/gait_quality/turn_clearance_mean_m: 0.0109
Curriculum/gait_quality/turn_reach_mean_m: 0.0907
Curriculum/gait_quality/turn_yaw_error_mean: 0.0758
Curriculum/gait_quality/rear_extension_mean_m: 0.4202
Curriculum/gait_quality/rear_fold_support_fraction: 0.2339
 Curriculum/gait_quality/ascent_samples: 182.7083
Curriculum/gait_quality/front_support_samples: 134.5000
Curriculum/gait_quality/front_extension_mean_m: 0.4232
Curriculum/gait_quality/front_knee_abs_mean_rad: 1.2721
Curriculum/gait_quality/front_fold_support_fraction: 0.2756
Curriculum/gait_quality/front_swing_samples: 230.9167
Curriculum/gait_quality/front_extreme_swing_fold_fraction: 0.4067
Curriculum/gait_quality/front_loaded_a_mean_deg: 107.1115
Curriculum/gait_quality/front_loaded_a_low_fraction: 0.2756
Curriculum/gait_quality/front_loaded_a_min_deg: 56.3772
Curriculum/gait_quality/fl_loaded_samples: 57.2500
Curriculum/gait_quality/fl_loaded_a_mean_deg: 110.8936
Curriculum/gait_quality/fl_loaded_a_low_fraction: 0.2813
Curriculum/gait_quality/fr_loaded_samples: 77.2500
Curriculum/gait_quality/fr_loaded_a_mean_deg: 107.4586
Curriculum/gait_quality/fr_loaded_a_low_fraction: 0.2145
Curriculum/gait_quality/front_swing_a_mean_deg: 86.3346
Curriculum/gait_quality/front_swing_a_low_fraction: 0.4067
Curriculum/gait_quality/front_swing_a_min_deg: 36.0815
Curriculum/gait_quality/fl_swing_samples: 125.4583
Curriculum/gait_quality/fl_swing_a_mean_deg: 85.3434
Curriculum/gait_quality/fl_swing_a_low_fraction: 0.4564
Curriculum/gait_quality/fr_swing_samples: 105.4583
Curriculum/gait_quality/fr_swing_a_mean_deg: 86.6124
Curriculum/gait_quality/fr_swing_a_low_fraction: 0.3652
Curriculum/gait_quality/rear_forward_samples: 173.8750
Curriculum/gait_quality/rear_forward_excess_fraction: 0.1233
Curriculum/gait_quality/rear_body_b_mean_deg: 7.7646
Curriculum/gait_quality/rear_gravity_g_mean_deg: 2.6063
 Curriculum/gait_quality/rear_b_max_deg: 41.1302
 Curriculum/gait_quality/rear_g_max_deg: 36.1170
Curriculum/gait_quality/hl_loaded_samples: 83.8750
Curriculum/gait_quality/hl_body_b_mean_deg: 5.5970
Curriculum/gait_quality/hl_gravity_g_mean_deg: -0.7963
Curriculum/gait_quality/hl_forward_excess_fraction: 0.0928
Curriculum/gait_quality/hr_loaded_samples: 90.0000
Curriculum/gait_quality/hr_body_b_mean_deg: 9.7022
Curriculum/gait_quality/hr_gravity_g_mean_deg: 5.7003
Curriculum/gait_quality/hr_forward_excess_fraction: 0.1542
Curriculum/gait_quality/rear_entry_samples: 48.5417
Curriculum/gait_quality/rear_entry_b_mean_deg: 11.9660
Curriculum/gait_quality/rear_entry_g_mean_deg: 4.8807
Curriculum/gait_quality/front_body_gap_samples: 182.7083
Curriculum/gait_quality/front_body_gap_mean_m: 0.3434
Curriculum/gait_quality/front_body_gap_low_fraction: 0.0249
Curriculum/gait_quality/loaded_without_local_map_samples: 0.0000
    Curriculum/ascent_direction/samples: 383.7917
Curriculum/ascent_direction/lateral_error_mean_m: 1.5819
Curriculum/ascent_direction/lateral_error_max_m: 4.5152
Curriculum/ascent_direction/lateral_speed_mean_m_s: 0.6161
Curriculum/ascent_direction/heading_error_mean_deg: 32.6800
Curriculum/ascent_direction/outside_tolerance_fraction: 0.8272
  Curriculum/ascent_direction/cost_mean: 1.3067
       Curriculum/terrain_level_overall: 0.2585
Curriculum/terrain_level_pyramid_stairs: 0.3279
Curriculum/terrain_level_pyramid_stairs_inv: 0.2727
         Curriculum/terrain_level_boxes: 0.0000
  Curriculum/terrain_level_random_rough: 0.6667
Curriculum/terrain_level_hf_pyramid_slope: 0.0000
Curriculum/terrain_level_hf_pyramid_slope_inv: 0.0000
          Curriculum/terrain_level_flat: 0.1667
     Metrics/base_velocity/error_vel_xy: 0.4750
    Metrics/base_velocity/error_vel_yaw: 0.3733
           Metrics/base_velocity/base_z: 0.3775
         Metrics/base_velocity/knee_pos: 0.9205
           Episode_Termination/time_out: 0.9844
Episode_Termination/terrain_out_of_bounds: 0.0156
  Episode_Termination/bad_orientation_2: 0.0000
--------------------------------------------------------------------------------
                         Iteration time: 2.57s
                           Time elapsed: 00:02:05
                                    ETA: 00:00:24

################################################################################
[1m                            Learning iteration 46/55                            [0m 

                               Run name: preservation_smoke
                            Total steps: 72192 
                       Steps per second: 574 
                        Collection time: 2.620s 
                          Learning time: 0.053s 
                        Mean value loss: 0.1387
                    Mean surrogate loss: 0.0000
                      Mean entropy loss: 6.2641
                       Mean anchor loss: 0.0000
                Mean critic_warmup loss: 1.0000
                            Mean reward: 70.24
                    Mean episode length: 607.18
                        Mean action std: 0.37
            Episode_Reward/lin_vel_z_l2: -0.1001
           Episode_Reward/ang_vel_xy_l2: -0.0389
        Episode_Reward/joint_torques_l2: -0.0031
            Episode_Reward/joint_acc_l2: -0.1709
  Episode_Reward/hipx_joint_pos_penalty: -0.3699
  Episode_Reward/hipy_joint_pos_penalty: -0.1579
  Episode_Reward/knee_joint_pos_penalty: -0.1517
            Episode_Reward/joint_mirror: -0.0048
          Episode_Reward/action_rate_l2: -0.0030
        Episode_Reward/action_smooth_l2: -0.0120
      Episode_Reward/undesired_contacts: -0.0190
          Episode_Reward/contact_forces: -0.0017
    Episode_Reward/track_lin_vel_xy_exp: 4.3588
     Episode_Reward/track_ang_vel_z_exp: 2.6731
 Episode_Reward/feet_air_time_ang_z_M20: 0.0000
    Episode_Reward/feet_slide_ang_z_cmd: 0.0000
             Episode_Reward/stand_still: 0.0000
    Episode_Reward/rotation_gait_status: 0.0000
  Episode_Reward/rotation_gait_symmetry: 0.0000
 Episode_Reward/bad_orientation_penalty: 0.0000
      Episode_Reward/joint_acc_wheel_l2: -0.1032
  Episode_Reward/stair_orientation_cost: -0.1833
  Episode_Reward/stair_forward_progress: 0.1142
  Episode_Reward/stair_front_wheel_lift: 0.0989
Episode_Reward/stair_forward_motion_cost: -0.0317
Episode_Reward/stair_ascent_direction_cost: -1.0508
Episode_Reward/stair_front_wheel_touchdown: 0.0250
Episode_Reward/stair_front_single_support: 0.0065
Episode_Reward/stair_diagonal_support_symmetry: 0.0027
 Episode_Reward/stair_front_alternation: 0.0000
Episode_Reward/stair_up_step_completion: 0.0000
  Episode_Reward/stair_up_task_crossing: 0.0000
Episode_Reward/stair_up_rear_step_completion: 0.3000
   Episode_Reward/stair_rear_wheel_lift: 0.1196
Episode_Reward/stair_descent_rear_forward_cost: -0.0000
Episode_Reward/stair_ascent_front_body_clearance_cost: -0.0002
Episode_Reward/stair_up_order_violation_cost: -0.4250
Episode_Reward/stair_up_same_tread_cost: -0.3000
Episode_Reward/stair_up_same_tread_dwell_cost: 0.0000
Episode_Reward/stair_descent_rear_fold_cost: -0.0043
Episode_Reward/stair_ascent_front_fold_cost: -0.0226
    Episode_Reward/turn_swing_size_cost: 0.0000
Episode_Reward/stair_down_step_completion: 0.1500
Episode_Reward/stair_front_riser_face_cost: -0.0500
Episode_Reward/stair_descent_rear_support: 0.0350
       Episode_Reward/stair_impact_cost: -0.0047
Episode_Reward/stair_non_wheel_contact_cost: -0.0017
Episode_Reward/stair_non_wheel_scrape_cost: -0.0019
 Episode_Reward/stair_joint_effort_cost: -0.0042
Episode_Reward/stair_joint_acceleration_cost: -0.0102
Episode_Reward/stair_mechanical_power_cost: -0.0016
              Curriculum/terrain_levels: 0.2656
                  Curriculum/gait_level: 0.0649
 Curriculum/step_completion/up_attempts: 9.0000
Curriculum/step_completion/up_successes: 4.0000
Curriculum/step_completion/up_success_rate: 0.4444
Curriculum/step_completion/up_rear_successes: 8.0000
Curriculum/step_completion/up_front_violations: 5.0000
Curriculum/step_completion/up_rear_violations: 12.0000
Curriculum/step_completion/up_front_same_tread_events: 2.0000
Curriculum/step_completion/up_front_same_tread_dwell_s: 0.0000
Curriculum/step_completion/up_rear_same_tread_events: 2.0000
Curriculum/step_completion/up_rear_same_tread_dwell_s: 0.0000
Curriculum/step_completion/up_targets_started: 8.0000
Curriculum/step_completion/up_lift_credit: 3.9572
  Curriculum/step_completion/up_retries: 0.0000
Curriculum/step_completion/up_abandoned_targets: 0.0000
Curriculum/step_completion/up_retreat_fraction: 0.0000
Curriculum/step_completion/up_stationary_fraction: 0.0000
Curriculum/step_completion/down_attempts: 2.0000
Curriculum/step_completion/down_successes: 1.0000
Curriculum/step_completion/down_success_rate: 0.5000
Curriculum/step_completion/forward_gate_fraction: 0.2690
Curriculum/step_completion/nearby_gate_fraction: 0.6950
Curriculum/step_completion/registered_risers: 22.0000
Curriculum/step_completion/up_whole_body_crossings: 0.0000
Curriculum/step_completion/up_whole_body_crossing_coverage: 0.0000
Curriculum/step_completion/up_front_registered_intermediate_risers: 12.0000
Curriculum/step_completion/up_front_landing_coverage: 0.4091
Curriculum/step_completion/up_front_strict_coverage: 0.1667
Curriculum/step_completion/up_front_physical_landings: 9.0000
Curriculum/step_completion/up_front_transition_successes: 0.0000
Curriculum/step_completion/up_front_skipped_riser_events: 2.0000
Curriculum/step_completion/up_front_unsafe_events: 2.0000
Curriculum/step_completion/up_front_skip_fraction: 0.2222
Curriculum/step_completion/up_front_visited_intermediate_risers: 7.0000
Curriculum/step_completion/up_front_same_tread_fraction: 0.2857
Curriculum/step_completion/up_front_longest_strict_run: 1.0000
Curriculum/step_completion/up_front_six_step_strict_fraction: 0.0000
Curriculum/step_completion/fl_stable_treads: 5.0000
Curriculum/step_completion/fr_stable_treads: 10.0000
Curriculum/step_completion/up_rear_registered_intermediate_risers: 12.0000
Curriculum/step_completion/up_rear_landing_coverage: 0.9091
Curriculum/step_completion/up_rear_strict_coverage: 0.2500
Curriculum/step_completion/up_rear_physical_landings: 20.0000
Curriculum/step_completion/up_rear_transition_successes: 2.0000
Curriculum/step_completion/up_rear_skipped_riser_events: 7.0000
Curriculum/step_completion/up_rear_unsafe_events: 6.0000
Curriculum/step_completion/up_rear_skip_fraction: 0.3500
Curriculum/step_completion/up_rear_visited_intermediate_risers: 12.0000
Curriculum/step_completion/up_rear_same_tread_fraction: 0.1667
Curriculum/step_completion/up_rear_longest_strict_run: 1.0000
Curriculum/step_completion/up_rear_six_step_strict_fraction: 0.0000
Curriculum/step_completion/hl_stable_treads: 4.0000
Curriculum/step_completion/hr_stable_treads: 22.0000
Curriculum/step_completion/up_rear_lift_credit: 4.7847
   Curriculum/gait_quality/turn_samples: 0.0000
Curriculum/gait_quality/descent_samples: 199.0000
Curriculum/gait_quality/rear_support_samples: 189.0000
Curriculum/gait_quality/turn_clearance_mean_m: 0.0000
Curriculum/gait_quality/turn_reach_mean_m: 0.0000
Curriculum/gait_quality/turn_yaw_error_mean: 0.0000
Curriculum/gait_quality/rear_extension_mean_m: 0.4134
Curriculum/gait_quality/rear_fold_support_fraction: 0.2963
 Curriculum/gait_quality/ascent_samples: 152.0000
Curriculum/gait_quality/front_support_samples: 85.0000
Curriculum/gait_quality/front_extension_mean_m: 0.4313
Curriculum/gait_quality/front_knee_abs_mean_rad: 1.2107
Curriculum/gait_quality/front_fold_support_fraction: 0.2588
Curriculum/gait_quality/front_swing_samples: 219.0000
Curriculum/gait_quality/front_extreme_swing_fold_fraction: 0.3881
Curriculum/gait_quality/front_loaded_a_mean_deg: 110.6306
Curriculum/gait_quality/front_loaded_a_low_fraction: 0.2588
Curriculum/gait_quality/front_loaded_a_min_deg: 55.3466
Curriculum/gait_quality/fl_loaded_samples: 27.0000
Curriculum/gait_quality/fl_loaded_a_mean_deg: 125.9906
Curriculum/gait_quality/fl_loaded_a_low_fraction: 0.0370
Curriculum/gait_quality/fr_loaded_samples: 58.0000
Curriculum/gait_quality/fr_loaded_a_mean_deg: 103.4803
Curriculum/gait_quality/fr_loaded_a_low_fraction: 0.3621
Curriculum/gait_quality/front_swing_a_mean_deg: 87.1038
Curriculum/gait_quality/front_swing_a_low_fraction: 0.3881
Curriculum/gait_quality/front_swing_a_min_deg: 26.2758
Curriculum/gait_quality/fl_swing_samples: 125.0000
Curriculum/gait_quality/fl_swing_a_mean_deg: 92.3622
Curriculum/gait_quality/fl_swing_a_low_fraction: 0.3120
Curriculum/gait_quality/fr_swing_samples: 94.0000
Curriculum/gait_quality/fr_swing_a_mean_deg: 80.1112
Curriculum/gait_quality/fr_swing_a_low_fraction: 0.4894
Curriculum/gait_quality/rear_forward_samples: 189.0000
Curriculum/gait_quality/rear_forward_excess_fraction: 0.0053
Curriculum/gait_quality/rear_body_b_mean_deg: 0.5582
Curriculum/gait_quality/rear_gravity_g_mean_deg: -6.0485
 Curriculum/gait_quality/rear_b_max_deg: 32.6951
 Curriculum/gait_quality/rear_g_max_deg: 27.6085
Curriculum/gait_quality/hl_loaded_samples: 88.0000
Curriculum/gait_quality/hl_body_b_mean_deg: -2.8586
Curriculum/gait_quality/hl_gravity_g_mean_deg: -10.7848
Curriculum/gait_quality/hl_forward_excess_fraction: 0.0000
Curriculum/gait_quality/hr_loaded_samples: 101.0000
Curriculum/gait_quality/hr_body_b_mean_deg: 3.5353
Curriculum/gait_quality/hr_gravity_g_mean_deg: -1.9219
Curriculum/gait_quality/hr_forward_excess_fraction: 0.0099
Curriculum/gait_quality/rear_entry_samples: 38.0000
Curriculum/gait_quality/rear_entry_b_mean_deg: 6.5722
Curriculum/gait_quality/rear_entry_g_mean_deg: -3.0005
Curriculum/gait_quality/front_body_gap_samples: 152.0000
Curriculum/gait_quality/front_body_gap_mean_m: 0.3518
Curriculum/gait_quality/front_body_gap_low_fraction: 0.0461
Curriculum/gait_quality/loaded_without_local_map_samples: 0.0000
    Curriculum/ascent_direction/samples: 365.0000
Curriculum/ascent_direction/lateral_error_mean_m: 2.3025
Curriculum/ascent_direction/lateral_error_max_m: 6.5065
Curriculum/ascent_direction/lateral_speed_mean_m_s: 0.8929
Curriculum/ascent_direction/heading_error_mean_deg: 33.4678
Curriculum/ascent_direction/outside_tolerance_fraction: 0.9123
  Curriculum/ascent_direction/cost_mean: 1.4394
       Curriculum/terrain_level_overall: 0.2656
Curriculum/terrain_level_pyramid_stairs: 0.3478
Curriculum/terrain_level_pyramid_stairs_inv: 0.2727
         Curriculum/terrain_level_boxes: 0.0000
  Curriculum/terrain_level_random_rough: 0.6667
Curriculum/terrain_level_hf_pyramid_slope: 0.0000
Curriculum/terrain_level_hf_pyramid_slope_inv: 0.0000
          Curriculum/terrain_level_flat: 0.1667
     Metrics/base_velocity/error_vel_xy: 0.5144
    Metrics/base_velocity/error_vel_yaw: 0.4015
           Metrics/base_velocity/base_z: 0.8991
         Metrics/base_velocity/knee_pos: 1.1094
           Episode_Termination/time_out: 0.9844
Episode_Termination/terrain_out_of_bounds: 0.0156
  Episode_Termination/bad_orientation_2: 0.0000
--------------------------------------------------------------------------------
                         Iteration time: 2.67s
                           Time elapsed: 00:02:08
                                    ETA: 00:00:21

################################################################################
[1m                            Learning iteration 47/55                            [0m 

                               Run name: preservation_smoke
                            Total steps: 73728 
                       Steps per second: 556 
                        Collection time: 2.711s 
                          Learning time: 0.047s 
                        Mean value loss: 0.4317
                    Mean surrogate loss: -0.0000
                      Mean entropy loss: 6.2641
                       Mean anchor loss: 0.0000
                Mean critic_warmup loss: 1.0000
                            Mean reward: 71.48
                    Mean episode length: 618.40
                        Mean action std: 0.37
            Episode_Reward/lin_vel_z_l2: -0.1172
           Episode_Reward/ang_vel_xy_l2: -0.0359
        Episode_Reward/joint_torques_l2: -0.0028
            Episode_Reward/joint_acc_l2: -0.1538
  Episode_Reward/hipx_joint_pos_penalty: -0.3299
  Episode_Reward/hipy_joint_pos_penalty: -0.1585
  Episode_Reward/knee_joint_pos_penalty: -0.1681
            Episode_Reward/joint_mirror: -0.0051
          Episode_Reward/action_rate_l2: -0.0029
        Episode_Reward/action_smooth_l2: -0.0125
      Episode_Reward/undesired_contacts: -0.0165
          Episode_Reward/contact_forces: -0.0016
    Episode_Reward/track_lin_vel_xy_exp: 4.3522
     Episode_Reward/track_ang_vel_z_exp: 2.6450
 Episode_Reward/feet_air_time_ang_z_M20: 0.0000
    Episode_Reward/feet_slide_ang_z_cmd: 0.0000
             Episode_Reward/stand_still: 0.0000
    Episode_Reward/rotation_gait_status: 0.0000
  Episode_Reward/rotation_gait_symmetry: 0.0000
 Episode_Reward/bad_orientation_penalty: 0.0000
      Episode_Reward/joint_acc_wheel_l2: -0.1090
  Episode_Reward/stair_orientation_cost: -0.2091
  Episode_Reward/stair_forward_progress: 0.0908
  Episode_Reward/stair_front_wheel_lift: 0.0797
Episode_Reward/stair_forward_motion_cost: -0.0269
Episode_Reward/stair_ascent_direction_cost: -0.5046
Episode_Reward/stair_front_wheel_touchdown: 0.0229
Episode_Reward/stair_front_single_support: 0.0054
Episode_Reward/stair_diagonal_support_symmetry: 0.0020
 Episode_Reward/stair_front_alternation: 0.0000
Episode_Reward/stair_up_step_completion: 0.0000
  Episode_Reward/stair_up_task_crossing: 0.0000
Episode_Reward/stair_up_rear_step_completion: 0.1375
   Episode_Reward/stair_rear_wheel_lift: 0.0663
Episode_Reward/stair_descent_rear_forward_cost: -0.0000
Episode_Reward/stair_ascent_front_body_clearance_cost: -0.0038
Episode_Reward/stair_up_order_violation_cost: -0.5844
Episode_Reward/stair_up_same_tread_cost: -0.1719
Episode_Reward/stair_up_same_tread_dwell_cost: 0.0000
Episode_Reward/stair_descent_rear_fold_cost: -0.0075
Episode_Reward/stair_ascent_front_fold_cost: -0.0286
    Episode_Reward/turn_swing_size_cost: 0.0000
Episode_Reward/stair_down_step_completion: 0.1375
Episode_Reward/stair_front_riser_face_cost: -0.0229
Episode_Reward/stair_descent_rear_support: 0.0321
       Episode_Reward/stair_impact_cost: -0.0033
Episode_Reward/stair_non_wheel_contact_cost: -0.0016
Episode_Reward/stair_non_wheel_scrape_cost: -0.0017
 Episode_Reward/stair_joint_effort_cost: -0.0037
Episode_Reward/stair_joint_acceleration_cost: -0.0086
Episode_Reward/stair_mechanical_power_cost: -0.0014
              Curriculum/terrain_levels: 0.2728
                  Curriculum/gait_level: 0.0654
 Curriculum/step_completion/up_attempts: 11.9167
Curriculum/step_completion/up_successes: 3.2083
Curriculum/step_completion/up_success_rate: 0.2846
Curriculum/step_completion/up_rear_successes: 4.1250
Curriculum/step_completion/up_front_violations: 8.7083
Curriculum/step_completion/up_rear_violations: 14.6667
Curriculum/step_completion/up_front_same_tread_events: 1.3750
Curriculum/step_completion/up_front_same_tread_dwell_s: 0.0000
Curriculum/step_completion/up_rear_same_tread_events: 0.9167
Curriculum/step_completion/up_rear_same_tread_dwell_s: 0.0000
Curriculum/step_completion/up_targets_started: 10.5417
Curriculum/step_completion/up_lift_credit: 3.1887
  Curriculum/step_completion/up_retries: 0.0000
Curriculum/step_completion/up_abandoned_targets: 0.0000
Curriculum/step_completion/up_retreat_fraction: 0.0000
Curriculum/step_completion/up_stationary_fraction: 0.0000
Curriculum/step_completion/down_attempts: 1.8333
Curriculum/step_completion/down_successes: 0.9167
Curriculum/step_completion/down_success_rate: 0.4583
Curriculum/step_completion/forward_gate_fraction: 0.2585
Curriculum/step_completion/nearby_gate_fraction: 0.6288
Curriculum/step_completion/registered_risers: 22.9167
Curriculum/step_completion/up_whole_body_crossings: 0.0000
Curriculum/step_completion/up_whole_body_crossing_coverage: 0.0000
Curriculum/step_completion/up_front_registered_intermediate_risers: 16.0417
Curriculum/step_completion/up_front_landing_coverage: 0.4658
Curriculum/step_completion/up_front_strict_coverage: 0.1162
Curriculum/step_completion/up_front_physical_landings: 11.9167
Curriculum/step_completion/up_front_transition_successes: 0.0000
Curriculum/step_completion/up_front_skipped_riser_events: 6.4167
Curriculum/step_completion/up_front_unsafe_events: 2.7500
Curriculum/step_completion/up_front_skip_fraction: 0.4254
Curriculum/step_completion/up_front_visited_intermediate_risers: 8.7083
Curriculum/step_completion/up_front_same_tread_fraction: 0.1691
Curriculum/step_completion/up_front_longest_strict_run: 0.9167
Curriculum/step_completion/up_front_six_step_strict_fraction: 0.0000
Curriculum/step_completion/fl_stable_treads: 8.7083
Curriculum/step_completion/fr_stable_treads: 7.3333
Curriculum/step_completion/up_rear_registered_intermediate_risers: 16.0417
Curriculum/step_completion/up_rear_landing_coverage: 0.7604
Curriculum/step_completion/up_rear_strict_coverage: 0.1146
Curriculum/step_completion/up_rear_physical_landings: 18.7917
Curriculum/step_completion/up_rear_transition_successes: 0.9167
Curriculum/step_completion/up_rear_skipped_riser_events: 9.6250
Curriculum/step_completion/up_rear_unsafe_events: 9.1667
Curriculum/step_completion/up_rear_skip_fraction: 0.4660
Curriculum/step_completion/up_rear_visited_intermediate_risers: 13.2917
Curriculum/step_completion/up_rear_same_tread_fraction: 0.0764
Curriculum/step_completion/up_rear_longest_strict_run: 0.4583
Curriculum/step_completion/up_rear_six_step_strict_fraction: 0.0000
Curriculum/step_completion/hl_stable_treads: 3.2083
Curriculum/step_completion/hr_stable_treads: 19.2500
Curriculum/step_completion/up_rear_lift_credit: 2.6513
   Curriculum/gait_quality/turn_samples: 0.0000
Curriculum/gait_quality/descent_samples: 183.3333
Curriculum/gait_quality/rear_support_samples: 178.7500
Curriculum/gait_quality/turn_clearance_mean_m: 0.0000
Curriculum/gait_quality/turn_reach_mean_m: 0.0000
Curriculum/gait_quality/turn_yaw_error_mean: 0.0000
Curriculum/gait_quality/rear_extension_mean_m: 0.3763
Curriculum/gait_quality/rear_fold_support_fraction: 0.2270
 Curriculum/gait_quality/ascent_samples: 127.4167
Curriculum/gait_quality/front_support_samples: 64.1667
Curriculum/gait_quality/front_extension_mean_m: 0.3550
Curriculum/gait_quality/front_knee_abs_mean_rad: 1.3710
Curriculum/gait_quality/front_fold_support_fraction: 0.4520
Curriculum/gait_quality/front_swing_samples: 190.6667
Curriculum/gait_quality/front_extreme_swing_fold_fraction: 0.4408
Curriculum/gait_quality/front_loaded_a_mean_deg: 86.4490
Curriculum/gait_quality/front_loaded_a_low_fraction: 0.4520
Curriculum/gait_quality/front_loaded_a_min_deg: 44.6540
Curriculum/gait_quality/fl_loaded_samples: 27.9583
Curriculum/gait_quality/fl_loaded_a_mean_deg: 94.3464
Curriculum/gait_quality/fl_loaded_a_low_fraction: 0.3675
Curriculum/gait_quality/fr_loaded_samples: 36.2083
Curriculum/gait_quality/fr_loaded_a_mean_deg: 81.7837
Curriculum/gait_quality/fr_loaded_a_low_fraction: 0.4715
Curriculum/gait_quality/front_swing_a_mean_deg: 65.4185
Curriculum/gait_quality/front_swing_a_low_fraction: 0.4408
Curriculum/gait_quality/front_swing_a_min_deg: 20.7716
Curriculum/gait_quality/fl_swing_samples: 99.4583
Curriculum/gait_quality/fl_swing_a_mean_deg: 71.0384
Curriculum/gait_quality/fl_swing_a_low_fraction: 0.3273
Curriculum/gait_quality/fr_swing_samples: 91.2083
Curriculum/gait_quality/fr_swing_a_mean_deg: 59.4013
Curriculum/gait_quality/fr_swing_a_low_fraction: 0.5560
Curriculum/gait_quality/rear_forward_samples: 178.7500
Curriculum/gait_quality/rear_forward_excess_fraction: 0.0024
Curriculum/gait_quality/rear_body_b_mean_deg: -2.0457
Curriculum/gait_quality/rear_gravity_g_mean_deg: -7.1785
 Curriculum/gait_quality/rear_b_max_deg: 22.3380
 Curriculum/gait_quality/rear_g_max_deg: 19.7711
Curriculum/gait_quality/hl_loaded_samples: 80.2083
Curriculum/gait_quality/hl_body_b_mean_deg: -4.6825
Curriculum/gait_quality/hl_gravity_g_mean_deg: -10.3289
Curriculum/gait_quality/hl_forward_excess_fraction: 0.0000
Curriculum/gait_quality/hr_loaded_samples: 98.5417
Curriculum/gait_quality/hr_body_b_mean_deg: 0.1359
Curriculum/gait_quality/hr_gravity_g_mean_deg: -4.5395
Curriculum/gait_quality/hr_forward_excess_fraction: 0.0045
Curriculum/gait_quality/rear_entry_samples: 37.5833
Curriculum/gait_quality/rear_entry_b_mean_deg: 1.0925
Curriculum/gait_quality/rear_entry_g_mean_deg: -5.6966
Curriculum/gait_quality/front_body_gap_samples: 127.4167
Curriculum/gait_quality/front_body_gap_mean_m: 0.2787
Curriculum/gait_quality/front_body_gap_low_fraction: 0.2175
Curriculum/gait_quality/loaded_without_local_map_samples: 0.0000
    Curriculum/ascent_direction/samples: 235.1250
Curriculum/ascent_direction/lateral_error_mean_m: 1.1007
Curriculum/ascent_direction/lateral_error_max_m: 3.1056
Curriculum/ascent_direction/lateral_speed_mean_m_s: 0.4945
Curriculum/ascent_direction/heading_error_mean_deg: 16.3005
Curriculum/ascent_direction/outside_tolerance_fraction: 0.6009
  Curriculum/ascent_direction/cost_mean: 0.7375
       Curriculum/terrain_level_overall: 0.2728
Curriculum/terrain_level_pyramid_stairs: 0.3678
Curriculum/terrain_level_pyramid_stairs_inv: 0.2727
         Curriculum/terrain_level_boxes: 0.0000
  Curriculum/terrain_level_random_rough: 0.6667
Curriculum/terrain_level_hf_pyramid_slope: 0.0000
Curriculum/terrain_level_hf_pyramid_slope_inv: 0.0000
          Curriculum/terrain_level_flat: 0.1667
     Metrics/base_velocity/error_vel_xy: 0.5055
    Metrics/base_velocity/error_vel_yaw: 0.4183
           Metrics/base_velocity/base_z: 0.8600
         Metrics/base_velocity/knee_pos: 1.1263
           Episode_Termination/time_out: 0.9844
Episode_Termination/terrain_out_of_bounds: 0.0156
  Episode_Termination/bad_orientation_2: 0.0000
--------------------------------------------------------------------------------
                         Iteration time: 2.76s
                           Time elapsed: 00:02:11
                                    ETA: 00:00:19

################################################################################
[1m                            Learning iteration 48/55                            [0m 

                               Run name: preservation_smoke
                            Total steps: 75264 
                       Steps per second: 557 
                        Collection time: 2.716s 
                          Learning time: 0.040s 
                        Mean value loss: 0.4955
                    Mean surrogate loss: -0.0000
                      Mean entropy loss: 6.2641
                       Mean anchor loss: 0.0000
                Mean critic_warmup loss: 1.0000
                            Mean reward: 72.70
                    Mean episode length: 634.08
                        Mean action std: 0.37
            Episode_Reward/lin_vel_z_l2: -0.0789
           Episode_Reward/ang_vel_xy_l2: -0.0270
        Episode_Reward/joint_torques_l2: -0.0026
            Episode_Reward/joint_acc_l2: -0.0890
  Episode_Reward/hipx_joint_pos_penalty: -0.3281
  Episode_Reward/hipy_joint_pos_penalty: -0.1405
  Episode_Reward/knee_joint_pos_penalty: -0.1493
            Episode_Reward/joint_mirror: -0.0038
          Episode_Reward/action_rate_l2: -0.0031
        Episode_Reward/action_smooth_l2: -0.0127
      Episode_Reward/undesired_contacts: -0.0150
          Episode_Reward/contact_forces: -0.0014
    Episode_Reward/track_lin_vel_xy_exp: 4.5404
     Episode_Reward/track_ang_vel_z_exp: 2.6955
 Episode_Reward/feet_air_time_ang_z_M20: 0.0000
    Episode_Reward/feet_slide_ang_z_cmd: 0.0000
             Episode_Reward/stand_still: 0.0000
    Episode_Reward/rotation_gait_status: 0.0000
  Episode_Reward/rotation_gait_symmetry: 0.0000
 Episode_Reward/bad_orientation_penalty: 0.0000
      Episode_Reward/joint_acc_wheel_l2: -0.0737
  Episode_Reward/stair_orientation_cost: -0.1372
  Episode_Reward/stair_forward_progress: 0.0760
  Episode_Reward/stair_front_wheel_lift: 0.0604
Episode_Reward/stair_forward_motion_cost: -0.0088
Episode_Reward/stair_ascent_direction_cost: -0.8928
Episode_Reward/stair_front_wheel_touchdown: 0.0073
Episode_Reward/stair_front_single_support: 0.0042
Episode_Reward/stair_diagonal_support_symmetry: 0.0018
 Episode_Reward/stair_front_alternation: 0.0000
Episode_Reward/stair_up_step_completion: 0.0000
  Episode_Reward/stair_up_task_crossing: 0.0000
Episode_Reward/stair_up_rear_step_completion: 0.0000
   Episode_Reward/stair_rear_wheel_lift: 0.0257
Episode_Reward/stair_descent_rear_forward_cost: 0.0000
Episode_Reward/stair_ascent_front_body_clearance_cost: -0.0010
Episode_Reward/stair_up_order_violation_cost: -0.6552
Episode_Reward/stair_up_same_tread_cost: -0.0781
Episode_Reward/stair_up_same_tread_dwell_cost: 0.0000
Episode_Reward/stair_descent_rear_fold_cost: -0.0016
Episode_Reward/stair_ascent_front_fold_cost: -0.0209
    Episode_Reward/turn_swing_size_cost: 0.0000
Episode_Reward/stair_down_step_completion: 0.0188
Episode_Reward/stair_front_riser_face_cost: -0.0312
Episode_Reward/stair_descent_rear_support: 0.0044
       Episode_Reward/stair_impact_cost: -0.0012
Episode_Reward/stair_non_wheel_contact_cost: -0.0010
Episode_Reward/stair_non_wheel_scrape_cost: -0.0010
 Episode_Reward/stair_joint_effort_cost: -0.0022
Episode_Reward/stair_joint_acceleration_cost: -0.0050
Episode_Reward/stair_mechanical_power_cost: -0.0008
              Curriculum/terrain_levels: 0.2949
                  Curriculum/gait_level: 0.0669
 Curriculum/step_completion/up_attempts: 16.8750
Curriculum/step_completion/up_successes: 1.6250
Curriculum/step_completion/up_success_rate: 0.0875
Curriculum/step_completion/up_rear_successes: 0.9167
Curriculum/step_completion/up_front_violations: 15.2500
Curriculum/step_completion/up_rear_violations: 10.9583
Curriculum/step_completion/up_front_same_tread_events: 1.0417
Curriculum/step_completion/up_front_same_tread_dwell_s: 0.0000
Curriculum/step_completion/up_rear_same_tread_events: 0.0000
Curriculum/step_completion/up_rear_same_tread_dwell_s: 0.0000
Curriculum/step_completion/up_targets_started: 14.4167
Curriculum/step_completion/up_lift_credit: 2.4167
  Curriculum/step_completion/up_retries: 2.7500
Curriculum/step_completion/up_abandoned_targets: 0.0000
Curriculum/step_completion/up_retreat_fraction: 0.0739
Curriculum/step_completion/up_stationary_fraction: 0.0917
Curriculum/step_completion/down_attempts: 1.0417
Curriculum/step_completion/down_successes: 0.1250
Curriculum/step_completion/down_success_rate: 0.0625
Curriculum/step_completion/forward_gate_fraction: 0.2462
Curriculum/step_completion/nearby_gate_fraction: 0.4567
Curriculum/step_completion/registered_risers: 27.0833
Curriculum/step_completion/up_whole_body_crossings: 0.0000
Curriculum/step_completion/up_whole_body_crossing_coverage: 0.0000
Curriculum/step_completion/up_front_registered_intermediate_risers: 21.0000
Curriculum/step_completion/up_front_landing_coverage: 0.5669
Curriculum/step_completion/up_front_strict_coverage: 0.0642
Curriculum/step_completion/up_front_physical_landings: 16.8750
Curriculum/step_completion/up_front_transition_successes: 0.0000
Curriculum/step_completion/up_front_skipped_riser_events: 9.5417
Curriculum/step_completion/up_front_unsafe_events: 12.5417
Curriculum/step_completion/up_front_skip_fraction: 0.5317
Curriculum/step_completion/up_front_visited_intermediate_risers: 14.4583
Curriculum/step_completion/up_front_same_tread_fraction: 0.0322
Curriculum/step_completion/up_front_longest_strict_run: 0.9167
Curriculum/step_completion/up_front_six_step_strict_fraction: 0.0000
Curriculum/step_completion/fl_stable_treads: 13.6250
Curriculum/step_completion/fr_stable_treads: 7.7083
Curriculum/step_completion/up_rear_registered_intermediate_risers: 21.0000
Curriculum/step_completion/up_rear_landing_coverage: 0.4230
Curriculum/step_completion/up_rear_strict_coverage: 0.0350
Curriculum/step_completion/up_rear_physical_landings: 11.8750
Curriculum/step_completion/up_rear_transition_successes: 0.0000
Curriculum/step_completion/up_rear_skipped_riser_events: 4.7500
Curriculum/step_completion/up_rear_unsafe_events: 7.7500
Curriculum/step_completion/up_rear_skip_fraction: 0.2976
Curriculum/step_completion/up_rear_visited_intermediate_risers: 9.5833
Curriculum/step_completion/up_rear_same_tread_fraction: 0.0000
Curriculum/step_completion/up_rear_longest_strict_run: 0.7917
Curriculum/step_completion/up_rear_six_step_strict_fraction: 0.0000
Curriculum/step_completion/hl_stable_treads: 6.2917
Curriculum/step_completion/hr_stable_treads: 7.1667
Curriculum/step_completion/up_rear_lift_credit: 1.0299
   Curriculum/gait_quality/turn_samples: 0.0000
Curriculum/gait_quality/descent_samples: 55.2500
Curriculum/gait_quality/rear_support_samples: 60.5833
Curriculum/gait_quality/turn_clearance_mean_m: 0.0000
Curriculum/gait_quality/turn_reach_mean_m: 0.0000
Curriculum/gait_quality/turn_yaw_error_mean: 0.0000
Curriculum/gait_quality/rear_extension_mean_m: 0.3191
Curriculum/gait_quality/rear_fold_support_fraction: 0.5308
 Curriculum/gait_quality/ascent_samples: 198.6250
Curriculum/gait_quality/front_support_samples: 159.7500
Curriculum/gait_quality/front_extension_mean_m: 0.3720
Curriculum/gait_quality/front_knee_abs_mean_rad: 1.2669
Curriculum/gait_quality/front_fold_support_fraction: 0.4338
Curriculum/gait_quality/front_swing_samples: 237.5000
Curriculum/gait_quality/front_extreme_swing_fold_fraction: 0.2687
Curriculum/gait_quality/front_loaded_a_mean_deg: 92.4097
Curriculum/gait_quality/front_loaded_a_low_fraction: 0.4338
Curriculum/gait_quality/front_loaded_a_min_deg: 59.0861
Curriculum/gait_quality/fl_loaded_samples: 61.8750
Curriculum/gait_quality/fl_loaded_a_mean_deg: 103.7715
Curriculum/gait_quality/fl_loaded_a_low_fraction: 0.3710
Curriculum/gait_quality/fr_loaded_samples: 97.8750
Curriculum/gait_quality/fr_loaded_a_mean_deg: 89.7135
Curriculum/gait_quality/fr_loaded_a_low_fraction: 0.3834
Curriculum/gait_quality/front_swing_a_mean_deg: 83.4936
Curriculum/gait_quality/front_swing_a_low_fraction: 0.2687
Curriculum/gait_quality/front_swing_a_min_deg: 32.1521
Curriculum/gait_quality/fl_swing_samples: 136.7500
Curriculum/gait_quality/fl_swing_a_mean_deg: 88.4897
Curriculum/gait_quality/fl_swing_a_low_fraction: 0.2041
Curriculum/gait_quality/fr_swing_samples: 100.7500
Curriculum/gait_quality/fr_swing_a_mean_deg: 73.0838
Curriculum/gait_quality/fr_swing_a_low_fraction: 0.4074
Curriculum/gait_quality/rear_forward_samples: 60.5833
Curriculum/gait_quality/rear_forward_excess_fraction: 0.0000
Curriculum/gait_quality/rear_body_b_mean_deg: -5.1162
Curriculum/gait_quality/rear_gravity_g_mean_deg: -11.1313
 Curriculum/gait_quality/rear_b_max_deg: 5.0945
 Curriculum/gait_quality/rear_g_max_deg: -0.0896
Curriculum/gait_quality/hl_loaded_samples: 27.2083
Curriculum/gait_quality/hl_body_b_mean_deg: -7.9702
Curriculum/gait_quality/hl_gravity_g_mean_deg: -11.6075
Curriculum/gait_quality/hl_forward_excess_fraction: 0.0000
Curriculum/gait_quality/hr_loaded_samples: 33.3750
Curriculum/gait_quality/hr_body_b_mean_deg: -1.0300
Curriculum/gait_quality/hr_gravity_g_mean_deg: -6.6953
Curriculum/gait_quality/hr_forward_excess_fraction: 0.0000
Curriculum/gait_quality/rear_entry_samples: 31.1667
Curriculum/gait_quality/rear_entry_b_mean_deg: -4.7658
Curriculum/gait_quality/rear_entry_g_mean_deg: -8.5186
Curriculum/gait_quality/front_body_gap_samples: 198.6250
Curriculum/gait_quality/front_body_gap_mean_m: 0.3064
Curriculum/gait_quality/front_body_gap_low_fraction: 0.0536
Curriculum/gait_quality/loaded_without_local_map_samples: 0.0000
    Curriculum/ascent_direction/samples: 413.8333
Curriculum/ascent_direction/lateral_error_mean_m: 0.7044
Curriculum/ascent_direction/lateral_error_max_m: 2.0305
Curriculum/ascent_direction/lateral_speed_mean_m_s: 0.2697
Curriculum/ascent_direction/heading_error_mean_deg: 24.6090
Curriculum/ascent_direction/outside_tolerance_fraction: 0.5318
  Curriculum/ascent_direction/cost_mean: 0.7419
       Curriculum/terrain_level_overall: 0.2949
Curriculum/terrain_level_pyramid_stairs: 0.3913
Curriculum/terrain_level_pyramid_stairs_inv: 0.2727
         Curriculum/terrain_level_boxes: 0.2188
  Curriculum/terrain_level_random_rough: 0.6667
Curriculum/terrain_level_hf_pyramid_slope: 0.0000
Curriculum/terrain_level_hf_pyramid_slope_inv: 0.0000
          Curriculum/terrain_level_flat: 0.1667
     Metrics/base_velocity/error_vel_xy: 0.3887
    Metrics/base_velocity/error_vel_yaw: 0.3802
           Metrics/base_velocity/base_z: 0.3039
         Metrics/base_velocity/knee_pos: 0.8018
           Episode_Termination/time_out: 0.9844
Episode_Termination/terrain_out_of_bounds: 0.0156
  Episode_Termination/bad_orientation_2: 0.0000
--------------------------------------------------------------------------------
                         Iteration time: 2.76s
                           Time elapsed: 00:02:13
                                    ETA: 00:00:16

################################################################################
[1m                            Learning iteration 49/55                            [0m 

                               Run name: preservation_smoke
                            Total steps: 76800 
                       Steps per second: 571 
                        Collection time: 2.644s 
                          Learning time: 0.042s 
                        Mean value loss: 0.1653
                    Mean surrogate loss: -0.0001
                      Mean entropy loss: 6.2641
                       Mean anchor loss: 0.0000
                Mean critic_warmup loss: 1.0000
                            Mean reward: 73.29
                    Mean episode length: 639.03
                        Mean action std: 0.37
            Episode_Reward/lin_vel_z_l2: -0.0321
           Episode_Reward/ang_vel_xy_l2: -0.0190
        Episode_Reward/joint_torques_l2: -0.0027
            Episode_Reward/joint_acc_l2: -0.0698
  Episode_Reward/hipx_joint_pos_penalty: -0.3956
  Episode_Reward/hipy_joint_pos_penalty: -0.1809
  Episode_Reward/knee_joint_pos_penalty: -0.1740
            Episode_Reward/joint_mirror: -0.0021
          Episode_Reward/action_rate_l2: -0.0032
        Episode_Reward/action_smooth_l2: -0.0122
      Episode_Reward/undesired_contacts: 0.0000
          Episode_Reward/contact_forces: -0.0013
    Episode_Reward/track_lin_vel_xy_exp: 4.5363
     Episode_Reward/track_ang_vel_z_exp: 2.8086
 Episode_Reward/feet_air_time_ang_z_M20: 0.0000
    Episode_Reward/feet_slide_ang_z_cmd: 0.0000
             Episode_Reward/stand_still: 0.0000
    Episode_Reward/rotation_gait_status: 0.0000
  Episode_Reward/rotation_gait_symmetry: 0.0000
 Episode_Reward/bad_orientation_penalty: 0.0000
      Episode_Reward/joint_acc_wheel_l2: -0.0543
  Episode_Reward/stair_orientation_cost: -0.1518
  Episode_Reward/stair_forward_progress: 0.0000
  Episode_Reward/stair_front_wheel_lift: 0.0000
Episode_Reward/stair_forward_motion_cost: 0.0000
Episode_Reward/stair_ascent_direction_cost: 0.0000
Episode_Reward/stair_front_wheel_touchdown: 0.0000
Episode_Reward/stair_front_single_support: 0.0000
Episode_Reward/stair_diagonal_support_symmetry: 0.0000
 Episode_Reward/stair_front_alternation: 0.0000
Episode_Reward/stair_up_step_completion: 0.0000
  Episode_Reward/stair_up_task_crossing: 0.0000
Episode_Reward/stair_up_rear_step_completion: 0.0000
   Episode_Reward/stair_rear_wheel_lift: 0.0000
Episode_Reward/stair_descent_rear_forward_cost: 0.0000
Episode_Reward/stair_ascent_front_body_clearance_cost: 0.0000
Episode_Reward/stair_up_order_violation_cost: 0.0000
Episode_Reward/stair_up_same_tread_cost: 0.0000
Episode_Reward/stair_up_same_tread_dwell_cost: 0.0000
Episode_Reward/stair_descent_rear_fold_cost: 0.0000
Episode_Reward/stair_ascent_front_fold_cost: 0.0000
    Episode_Reward/turn_swing_size_cost: 0.0000
Episode_Reward/stair_down_step_completion: 0.0000
Episode_Reward/stair_front_riser_face_cost: 0.0000
Episode_Reward/stair_descent_rear_support: 0.0000
       Episode_Reward/stair_impact_cost: 0.0000
Episode_Reward/stair_non_wheel_contact_cost: 0.0000
Episode_Reward/stair_non_wheel_scrape_cost: 0.0000
 Episode_Reward/stair_joint_effort_cost: 0.0000
Episode_Reward/stair_joint_acceleration_cost: 0.0000
Episode_Reward/stair_mechanical_power_cost: 0.0000
              Curriculum/terrain_levels: 0.2969
                  Curriculum/gait_level: 0.0670
 Curriculum/step_completion/up_attempts: 0.0000
Curriculum/step_completion/up_successes: 0.0000
Curriculum/step_completion/up_success_rate: 0.0000
Curriculum/step_completion/up_rear_successes: 0.0000
Curriculum/step_completion/up_front_violations: 0.0000
Curriculum/step_completion/up_rear_violations: 0.0000
Curriculum/step_completion/up_front_same_tread_events: 0.0000
Curriculum/step_completion/up_front_same_tread_dwell_s: 0.0000
Curriculum/step_completion/up_rear_same_tread_events: 0.0000
Curriculum/step_completion/up_rear_same_tread_dwell_s: 0.0000
Curriculum/step_completion/up_targets_started: 0.0000
Curriculum/step_completion/up_lift_credit: 0.0000
  Curriculum/step_completion/up_retries: 0.0000
Curriculum/step_completion/up_abandoned_targets: 0.0000
Curriculum/step_completion/up_retreat_fraction: 0.0000
Curriculum/step_completion/up_stationary_fraction: 0.0000
Curriculum/step_completion/down_attempts: 0.0000
Curriculum/step_completion/down_successes: 0.0000
Curriculum/step_completion/down_success_rate: 0.0000
Curriculum/step_completion/forward_gate_fraction: 0.0000
Curriculum/step_completion/nearby_gate_fraction: 0.0000
Curriculum/step_completion/registered_risers: 0.0000
Curriculum/step_completion/up_whole_body_crossings: 0.0000
Curriculum/step_completion/up_whole_body_crossing_coverage: 0.0000
Curriculum/step_completion/up_front_registered_intermediate_risers: 0.0000
Curriculum/step_completion/up_front_landing_coverage: 0.0000
Curriculum/step_completion/up_front_strict_coverage: 0.0000
Curriculum/step_completion/up_front_physical_landings: 0.0000
Curriculum/step_completion/up_front_transition_successes: 0.0000
Curriculum/step_completion/up_front_skipped_riser_events: 0.0000
Curriculum/step_completion/up_front_unsafe_events: 0.0000
Curriculum/step_completion/up_front_skip_fraction: 0.0000
Curriculum/step_completion/up_front_visited_intermediate_risers: 0.0000
Curriculum/step_completion/up_front_same_tread_fraction: 0.0000
Curriculum/step_completion/up_front_longest_strict_run: 0.0000
Curriculum/step_completion/up_front_six_step_strict_fraction: 0.0000
Curriculum/step_completion/fl_stable_treads: 0.0000
Curriculum/step_completion/fr_stable_treads: 0.0000
Curriculum/step_completion/up_rear_registered_intermediate_risers: 0.0000
Curriculum/step_completion/up_rear_landing_coverage: 0.0000
Curriculum/step_completion/up_rear_strict_coverage: 0.0000
Curriculum/step_completion/up_rear_physical_landings: 0.0000
Curriculum/step_completion/up_rear_transition_successes: 0.0000
Curriculum/step_completion/up_rear_skipped_riser_events: 0.0000
Curriculum/step_completion/up_rear_unsafe_events: 0.0000
Curriculum/step_completion/up_rear_skip_fraction: 0.0000
Curriculum/step_completion/up_rear_visited_intermediate_risers: 0.0000
Curriculum/step_completion/up_rear_same_tread_fraction: 0.0000
Curriculum/step_completion/up_rear_longest_strict_run: 0.0000
Curriculum/step_completion/up_rear_six_step_strict_fraction: 0.0000
Curriculum/step_completion/hl_stable_treads: 0.0000
Curriculum/step_completion/hr_stable_treads: 0.0000
Curriculum/step_completion/up_rear_lift_credit: 0.0000
   Curriculum/gait_quality/turn_samples: 0.0000
Curriculum/gait_quality/descent_samples: 0.0000
Curriculum/gait_quality/rear_support_samples: 0.0000
Curriculum/gait_quality/turn_clearance_mean_m: 0.0000
Curriculum/gait_quality/turn_reach_mean_m: 0.0000
Curriculum/gait_quality/turn_yaw_error_mean: 0.0000
Curriculum/gait_quality/rear_extension_mean_m: 0.0000
Curriculum/gait_quality/rear_fold_support_fraction: 0.0000
 Curriculum/gait_quality/ascent_samples: 0.0000
Curriculum/gait_quality/front_support_samples: 0.0000
Curriculum/gait_quality/front_extension_mean_m: 0.0000
Curriculum/gait_quality/front_knee_abs_mean_rad: 0.0000
Curriculum/gait_quality/front_fold_support_fraction: 0.0000
Curriculum/gait_quality/front_swing_samples: 0.0000
Curriculum/gait_quality/front_extreme_swing_fold_fraction: 0.0000
Curriculum/gait_quality/front_loaded_a_mean_deg: 0.0000
Curriculum/gait_quality/front_loaded_a_low_fraction: 0.0000
Curriculum/gait_quality/front_loaded_a_min_deg: 0.0000
Curriculum/gait_quality/fl_loaded_samples: 0.0000
Curriculum/gait_quality/fl_loaded_a_mean_deg: 0.0000
Curriculum/gait_quality/fl_loaded_a_low_fraction: 0.0000
Curriculum/gait_quality/fr_loaded_samples: 0.0000
Curriculum/gait_quality/fr_loaded_a_mean_deg: 0.0000
Curriculum/gait_quality/fr_loaded_a_low_fraction: 0.0000
Curriculum/gait_quality/front_swing_a_mean_deg: 0.0000
Curriculum/gait_quality/front_swing_a_low_fraction: 0.0000
Curriculum/gait_quality/front_swing_a_min_deg: 0.0000
Curriculum/gait_quality/fl_swing_samples: 0.0000
Curriculum/gait_quality/fl_swing_a_mean_deg: 0.0000
Curriculum/gait_quality/fl_swing_a_low_fraction: 0.0000
Curriculum/gait_quality/fr_swing_samples: 0.0000
Curriculum/gait_quality/fr_swing_a_mean_deg: 0.0000
Curriculum/gait_quality/fr_swing_a_low_fraction: 0.0000
Curriculum/gait_quality/rear_forward_samples: 0.0000
Curriculum/gait_quality/rear_forward_excess_fraction: 0.0000
Curriculum/gait_quality/rear_body_b_mean_deg: 0.0000
Curriculum/gait_quality/rear_gravity_g_mean_deg: 0.0000
 Curriculum/gait_quality/rear_b_max_deg: 0.0000
 Curriculum/gait_quality/rear_g_max_deg: 0.0000
Curriculum/gait_quality/hl_loaded_samples: 0.0000
Curriculum/gait_quality/hl_body_b_mean_deg: 0.0000
Curriculum/gait_quality/hl_gravity_g_mean_deg: 0.0000
Curriculum/gait_quality/hl_forward_excess_fraction: 0.0000
Curriculum/gait_quality/hr_loaded_samples: 0.0000
Curriculum/gait_quality/hr_body_b_mean_deg: 0.0000
Curriculum/gait_quality/hr_gravity_g_mean_deg: 0.0000
Curriculum/gait_quality/hr_forward_excess_fraction: 0.0000
Curriculum/gait_quality/rear_entry_samples: 0.0000
Curriculum/gait_quality/rear_entry_b_mean_deg: 0.0000
Curriculum/gait_quality/rear_entry_g_mean_deg: 0.0000
Curriculum/gait_quality/front_body_gap_samples: 0.0000
Curriculum/gait_quality/front_body_gap_mean_m: 0.0000
Curriculum/gait_quality/front_body_gap_low_fraction: 0.0000
Curriculum/gait_quality/loaded_without_local_map_samples: 0.0000
    Curriculum/ascent_direction/samples: 0.0000
Curriculum/ascent_direction/lateral_error_mean_m: 0.0000
Curriculum/ascent_direction/lateral_error_max_m: 0.0000
Curriculum/ascent_direction/lateral_speed_mean_m_s: 0.0000
Curriculum/ascent_direction/heading_error_mean_deg: 0.0000
Curriculum/ascent_direction/outside_tolerance_fraction: 0.0000
  Curriculum/ascent_direction/cost_mean: 0.0000
       Curriculum/terrain_level_overall: 0.2969
Curriculum/terrain_level_pyramid_stairs: 0.3913
Curriculum/terrain_level_pyramid_stairs_inv: 0.2727
         Curriculum/terrain_level_boxes: 0.2500
  Curriculum/terrain_level_random_rough: 0.6667
Curriculum/terrain_level_hf_pyramid_slope: 0.0000
Curriculum/terrain_level_hf_pyramid_slope_inv: 0.0000
          Curriculum/terrain_level_flat: 0.1667
     Metrics/base_velocity/error_vel_xy: 0.3839
    Metrics/base_velocity/error_vel_yaw: 0.2943
           Metrics/base_velocity/base_z: 0.6010
         Metrics/base_velocity/knee_pos: 0.2319
           Episode_Termination/time_out: 0.9844
Episode_Termination/terrain_out_of_bounds: 0.0156
  Episode_Termination/bad_orientation_2: 0.0000
--------------------------------------------------------------------------------
                         Iteration time: 2.69s
                           Time elapsed: 00:02:16
                                    ETA: 00:00:13

################################################################################
[1m                            Learning iteration 50/55                            [0m 

                               Run name: preservation_smoke
                            Total steps: 78336 
                       Steps per second: 564 
                        Collection time: 2.648s 
                          Learning time: 0.074s 
                        Mean value loss: 0.1177
                    Mean surrogate loss: -0.0180
                      Mean entropy loss: 6.2640
                       Mean anchor loss: 0.0002
                Mean critic_warmup loss: 0.0000
                            Mean reward: 74.71
                    Mean episode length: 648.53
                        Mean action std: 0.37
            Episode_Reward/lin_vel_z_l2: -0.0379
           Episode_Reward/ang_vel_xy_l2: -0.0160
        Episode_Reward/joint_torques_l2: -0.0023
            Episode_Reward/joint_acc_l2: -0.0541
  Episode_Reward/hipx_joint_pos_penalty: -0.2854
  Episode_Reward/hipy_joint_pos_penalty: -0.1326
  Episode_Reward/knee_joint_pos_penalty: -0.1302
            Episode_Reward/joint_mirror: -0.0024
          Episode_Reward/action_rate_l2: -0.0027
        Episode_Reward/action_smooth_l2: -0.0128
      Episode_Reward/undesired_contacts: -0.0034
          Episode_Reward/contact_forces: -0.0012
    Episode_Reward/track_lin_vel_xy_exp: 4.4603
     Episode_Reward/track_ang_vel_z_exp: 2.7555
 Episode_Reward/feet_air_time_ang_z_M20: 0.0007
    Episode_Reward/feet_slide_ang_z_cmd: -0.0142
             Episode_Reward/stand_still: -0.1760
    Episode_Reward/rotation_gait_status: 0.0000
  Episode_Reward/rotation_gait_symmetry: 0.0087
 Episode_Reward/bad_orientation_penalty: 0.0000
      Episode_Reward/joint_acc_wheel_l2: -0.0502
  Episode_Reward/stair_orientation_cost: -0.0904
  Episode_Reward/stair_forward_progress: 0.0299
  Episode_Reward/stair_front_wheel_lift: 0.0156
Episode_Reward/stair_forward_motion_cost: -0.0076
Episode_Reward/stair_ascent_direction_cost: -0.0092
Episode_Reward/stair_front_wheel_touchdown: 0.0117
Episode_Reward/stair_front_single_support: 0.0019
Episode_Reward/stair_diagonal_support_symmetry: 0.0004
 Episode_Reward/stair_front_alternation: 0.0000
Episode_Reward/stair_up_step_completion: 0.0000
  Episode_Reward/stair_up_task_crossing: 0.0000
Episode_Reward/stair_up_rear_step_completion: 0.0000
   Episode_Reward/stair_rear_wheel_lift: 0.0078
Episode_Reward/stair_descent_rear_forward_cost: -0.0057
Episode_Reward/stair_ascent_front_body_clearance_cost: 0.0000
Episode_Reward/stair_up_order_violation_cost: -0.1562
Episode_Reward/stair_up_same_tread_cost: 0.0000
Episode_Reward/stair_up_same_tread_dwell_cost: 0.0000
Episode_Reward/stair_descent_rear_fold_cost: -0.0000
Episode_Reward/stair_ascent_front_fold_cost: -0.0030
    Episode_Reward/turn_swing_size_cost: -0.0006
Episode_Reward/stair_down_step_completion: 0.0469
Episode_Reward/stair_front_riser_face_cost: 0.0000
Episode_Reward/stair_descent_rear_support: 0.0109
       Episode_Reward/stair_impact_cost: -0.0002
Episode_Reward/stair_non_wheel_contact_cost: -0.0004
Episode_Reward/stair_non_wheel_scrape_cost: -0.0000
 Episode_Reward/stair_joint_effort_cost: -0.0006
Episode_Reward/stair_joint_acceleration_cost: -0.0013
Episode_Reward/stair_mechanical_power_cost: -0.0002
              Curriculum/terrain_levels: 0.2969
                  Curriculum/gait_level: 0.0670
 Curriculum/step_completion/up_attempts: 3.1250
Curriculum/step_completion/up_successes: 0.3125
Curriculum/step_completion/up_success_rate: 0.0625
Curriculum/step_completion/up_rear_successes: 0.0000
Curriculum/step_completion/up_front_violations: 2.8125
Curriculum/step_completion/up_rear_violations: 3.4375
Curriculum/step_completion/up_front_same_tread_events: 0.0000
Curriculum/step_completion/up_front_same_tread_dwell_s: 0.0000
Curriculum/step_completion/up_rear_same_tread_events: 0.0000
Curriculum/step_completion/up_rear_same_tread_dwell_s: 0.0000
Curriculum/step_completion/up_targets_started: 3.1250
Curriculum/step_completion/up_lift_credit: 0.6250
  Curriculum/step_completion/up_retries: 0.9375
Curriculum/step_completion/up_abandoned_targets: 0.0000
Curriculum/step_completion/up_retreat_fraction: 0.0000
Curriculum/step_completion/up_stationary_fraction: 0.0000
Curriculum/step_completion/down_attempts: 0.6250
Curriculum/step_completion/down_successes: 0.3125
Curriculum/step_completion/down_success_rate: 0.3125
Curriculum/step_completion/forward_gate_fraction: 0.0888
Curriculum/step_completion/nearby_gate_fraction: 0.1788
Curriculum/step_completion/registered_risers: 6.5625
Curriculum/step_completion/up_whole_body_crossings: 0.0000
Curriculum/step_completion/up_whole_body_crossing_coverage: 0.0000
Curriculum/step_completion/up_front_registered_intermediate_risers: 6.8750
Curriculum/step_completion/up_front_landing_coverage: 0.2976
Curriculum/step_completion/up_front_strict_coverage: 0.0568
Curriculum/step_completion/up_front_physical_landings: 3.1250
Curriculum/step_completion/up_front_transition_successes: 0.0000
Curriculum/step_completion/up_front_skipped_riser_events: 1.5625
Curriculum/step_completion/up_front_unsafe_events: 1.8750
Curriculum/step_completion/up_front_skip_fraction: 0.3125
Curriculum/step_completion/up_front_visited_intermediate_risers: 5.0000
Curriculum/step_completion/up_front_same_tread_fraction: 0.0000
Curriculum/step_completion/up_front_longest_strict_run: 0.3125
Curriculum/step_completion/up_front_six_step_strict_fraction: 0.0000
Curriculum/step_completion/fl_stable_treads: 2.8125
Curriculum/step_completion/fr_stable_treads: 2.1875
Curriculum/step_completion/up_rear_registered_intermediate_risers: 6.8750
Curriculum/step_completion/up_rear_landing_coverage: 0.3274
Curriculum/step_completion/up_rear_strict_coverage: 0.0000
Curriculum/step_completion/up_rear_physical_landings: 3.4375
Curriculum/step_completion/up_rear_transition_successes: 0.0000
Curriculum/step_completion/up_rear_skipped_riser_events: 0.0000
Curriculum/step_completion/up_rear_unsafe_events: 3.1250
Curriculum/step_completion/up_rear_skip_fraction: 0.0000
Curriculum/step_completion/up_rear_visited_intermediate_risers: 2.5000
Curriculum/step_completion/up_rear_same_tread_fraction: 0.0000
Curriculum/step_completion/up_rear_longest_strict_run: 0.0000
Curriculum/step_completion/up_rear_six_step_strict_fraction: 0.0000
Curriculum/step_completion/hl_stable_treads: 4.0625
Curriculum/step_completion/hr_stable_treads: 1.2500
Curriculum/step_completion/up_rear_lift_credit: 0.3125
   Curriculum/gait_quality/turn_samples: 312.5000
Curriculum/gait_quality/descent_samples: 135.0000
Curriculum/gait_quality/rear_support_samples: 205.6250
Curriculum/gait_quality/turn_clearance_mean_m: 0.0125
Curriculum/gait_quality/turn_reach_mean_m: 0.1184
Curriculum/gait_quality/turn_yaw_error_mean: 0.1103
Curriculum/gait_quality/rear_extension_mean_m: 0.2835
Curriculum/gait_quality/rear_fold_support_fraction: 0.0019
 Curriculum/gait_quality/ascent_samples: 69.3750
Curriculum/gait_quality/front_support_samples: 58.7500
Curriculum/gait_quality/front_extension_mean_m: 0.2556
Curriculum/gait_quality/front_knee_abs_mean_rad: 0.8652
Curriculum/gait_quality/front_fold_support_fraction: 0.2527
Curriculum/gait_quality/front_swing_samples: 80.0000
Curriculum/gait_quality/front_extreme_swing_fold_fraction: 0.2295
Curriculum/gait_quality/front_loaded_a_mean_deg: 62.9260
Curriculum/gait_quality/front_loaded_a_low_fraction: 0.2527
Curriculum/gait_quality/front_loaded_a_min_deg: 40.6667
Curriculum/gait_quality/fl_loaded_samples: 29.3750
Curriculum/gait_quality/fl_loaded_a_mean_deg: 72.4013
Curriculum/gait_quality/fl_loaded_a_low_fraction: 0.0000
Curriculum/gait_quality/fr_loaded_samples: 29.3750
Curriculum/gait_quality/fr_loaded_a_mean_deg: 53.4506
Curriculum/gait_quality/fr_loaded_a_low_fraction: 0.5053
Curriculum/gait_quality/front_swing_a_mean_deg: 54.6712
Curriculum/gait_quality/front_swing_a_low_fraction: 0.2295
Curriculum/gait_quality/front_swing_a_min_deg: 32.5091
Curriculum/gait_quality/fl_swing_samples: 40.0000
Curriculum/gait_quality/fl_swing_a_mean_deg: 61.7839
Curriculum/gait_quality/fl_swing_a_low_fraction: 0.1074
Curriculum/gait_quality/fr_swing_samples: 40.0000
Curriculum/gait_quality/fr_swing_a_mean_deg: 47.5584
Curriculum/gait_quality/fr_swing_a_low_fraction: 0.3516
Curriculum/gait_quality/rear_forward_samples: 205.6250
Curriculum/gait_quality/rear_forward_excess_fraction: 0.1729
Curriculum/gait_quality/rear_body_b_mean_deg: 9.2370
Curriculum/gait_quality/rear_gravity_g_mean_deg: 7.7252
 Curriculum/gait_quality/rear_b_max_deg: 30.4449
 Curriculum/gait_quality/rear_g_max_deg: 28.2066
Curriculum/gait_quality/hl_loaded_samples: 114.3750
Curriculum/gait_quality/hl_body_b_mean_deg: 7.7331
Curriculum/gait_quality/hl_gravity_g_mean_deg: 6.3938
Curriculum/gait_quality/hl_forward_excess_fraction: 0.1708
Curriculum/gait_quality/hr_loaded_samples: 91.2500
Curriculum/gait_quality/hr_body_b_mean_deg: 11.1220
Curriculum/gait_quality/hr_gravity_g_mean_deg: 9.3940
Curriculum/gait_quality/hr_forward_excess_fraction: 0.1755
Curriculum/gait_quality/rear_entry_samples: 149.3750
Curriculum/gait_quality/rear_entry_b_mean_deg: 8.5490
Curriculum/gait_quality/rear_entry_g_mean_deg: 6.5241
Curriculum/gait_quality/front_body_gap_samples: 69.3750
Curriculum/gait_quality/front_body_gap_mean_m: 0.2213
Curriculum/gait_quality/front_body_gap_low_fraction: 0.0000
Curriculum/gait_quality/loaded_without_local_map_samples: 0.0000
    Curriculum/ascent_direction/samples: 97.5000
Curriculum/ascent_direction/lateral_error_mean_m: 0.0569
Curriculum/ascent_direction/lateral_error_max_m: 0.0936
Curriculum/ascent_direction/lateral_speed_mean_m_s: 0.0769
Curriculum/ascent_direction/heading_error_mean_deg: 2.0332
Curriculum/ascent_direction/outside_tolerance_fraction: 0.3606
  Curriculum/ascent_direction/cost_mean: 0.0592
       Curriculum/terrain_level_overall: 0.2969
Curriculum/terrain_level_pyramid_stairs: 0.3913
Curriculum/terrain_level_pyramid_stairs_inv: 0.2727
         Curriculum/terrain_level_boxes: 0.2500
  Curriculum/terrain_level_random_rough: 0.6667
Curriculum/terrain_level_hf_pyramid_slope: 0.0000
Curriculum/terrain_level_hf_pyramid_slope_inv: 0.0000
          Curriculum/terrain_level_flat: 0.1667
     Metrics/base_velocity/error_vel_xy: 0.4168
    Metrics/base_velocity/error_vel_yaw: 0.3404
           Metrics/base_velocity/base_z: 0.6540
         Metrics/base_velocity/knee_pos: 0.3362
           Episode_Termination/time_out: 0.9844
Episode_Termination/terrain_out_of_bounds: 0.0156
  Episode_Termination/bad_orientation_2: 0.0000
--------------------------------------------------------------------------------
                         Iteration time: 2.72s
                           Time elapsed: 00:02:19
                                    ETA: 00:00:10

################################################################################
[1m                            Learning iteration 51/55                            [0m 

                               Run name: preservation_smoke
                            Total steps: 79872 
                       Steps per second: 580 
                        Collection time: 2.575s 
                          Learning time: 0.071s 
                        Mean value loss: 0.0885
                    Mean surrogate loss: -0.0136
                      Mean entropy loss: 6.2639
                       Mean anchor loss: 0.0003
                Mean critic_warmup loss: 0.0000
                            Mean reward: 74.71
                    Mean episode length: 648.53
                        Mean action std: 0.37
            Episode_Reward/lin_vel_z_l2: -0.0307
           Episode_Reward/ang_vel_xy_l2: -0.0135
        Episode_Reward/joint_torques_l2: -0.0016
            Episode_Reward/joint_acc_l2: -0.0267
  Episode_Reward/hipx_joint_pos_penalty: -0.2091
  Episode_Reward/hipy_joint_pos_penalty: -0.0875
  Episode_Reward/knee_joint_pos_penalty: -0.0902
            Episode_Reward/joint_mirror: -0.0027
          Episode_Reward/action_rate_l2: -0.0022
        Episode_Reward/action_smooth_l2: -0.0126
      Episode_Reward/undesired_contacts: -0.0055
          Episode_Reward/contact_forces: -0.0010
    Episode_Reward/track_lin_vel_xy_exp: 4.5768
     Episode_Reward/track_ang_vel_z_exp: 2.7886
 Episode_Reward/feet_air_time_ang_z_M20: 0.0012
    Episode_Reward/feet_slide_ang_z_cmd: -0.0228
             Episode_Reward/stand_still: -0.2816
    Episode_Reward/rotation_gait_status: 0.0000
  Episode_Reward/rotation_gait_symmetry: 0.0139
 Episode_Reward/bad_orientation_penalty: 0.0000
      Episode_Reward/joint_acc_wheel_l2: -0.0361
  Episode_Reward/stair_orientation_cost: -0.0918
  Episode_Reward/stair_forward_progress: 0.0479
  Episode_Reward/stair_front_wheel_lift: 0.0250
Episode_Reward/stair_forward_motion_cost: -0.0121
Episode_Reward/stair_ascent_direction_cost: -0.0148
Episode_Reward/stair_front_wheel_touchdown: 0.0188
Episode_Reward/stair_front_single_support: 0.0031
Episode_Reward/stair_diagonal_support_symmetry: 0.0006
 Episode_Reward/stair_front_alternation: 0.0000
Episode_Reward/stair_up_step_completion: 0.0000
  Episode_Reward/stair_up_task_crossing: 0.0000
Episode_Reward/stair_up_rear_step_completion: 0.0000
   Episode_Reward/stair_rear_wheel_lift: 0.0125
Episode_Reward/stair_descent_rear_forward_cost: -0.0091
Episode_Reward/stair_ascent_front_body_clearance_cost: 0.0000
Episode_Reward/stair_up_order_violation_cost: -0.2500
Episode_Reward/stair_up_same_tread_cost: 0.0000
Episode_Reward/stair_up_same_tread_dwell_cost: 0.0000
Episode_Reward/stair_descent_rear_fold_cost: -0.0000
Episode_Reward/stair_ascent_front_fold_cost: -0.0049
    Episode_Reward/turn_swing_size_cost: -0.0009
Episode_Reward/stair_down_step_completion: 0.0750
Episode_Reward/stair_front_riser_face_cost: 0.0000
Episode_Reward/stair_descent_rear_support: 0.0175
       Episode_Reward/stair_impact_cost: -0.0003
Episode_Reward/stair_non_wheel_contact_cost: -0.0006
Episode_Reward/stair_non_wheel_scrape_cost: -0.0001
 Episode_Reward/stair_joint_effort_cost: -0.0010
Episode_Reward/stair_joint_acceleration_cost: -0.0021
Episode_Reward/stair_mechanical_power_cost: -0.0002
              Curriculum/terrain_levels: 0.2969
                  Curriculum/gait_level: 0.0670
 Curriculum/step_completion/up_attempts: 5.0000
Curriculum/step_completion/up_successes: 0.5000
Curriculum/step_completion/up_success_rate: 0.1000
Curriculum/step_completion/up_rear_successes: 0.0000
Curriculum/step_completion/up_front_violations: 4.5000
Curriculum/step_completion/up_rear_violations: 5.5000
Curriculum/step_completion/up_front_same_tread_events: 0.0000
Curriculum/step_completion/up_front_same_tread_dwell_s: 0.0000
Curriculum/step_completion/up_rear_same_tread_events: 0.0000
Curriculum/step_completion/up_rear_same_tread_dwell_s: 0.0000
Curriculum/step_completion/up_targets_started: 5.0000
Curriculum/step_completion/up_lift_credit: 1.0000
  Curriculum/step_completion/up_retries: 1.5000
Curriculum/step_completion/up_abandoned_targets: 0.0000
Curriculum/step_completion/up_retreat_fraction: 0.0000
Curriculum/step_completion/up_stationary_fraction: 0.0000
Curriculum/step_completion/down_attempts: 1.0000
Curriculum/step_completion/down_successes: 0.5000
Curriculum/step_completion/down_success_rate: 0.5000
Curriculum/step_completion/forward_gate_fraction: 0.1420
Curriculum/step_completion/nearby_gate_fraction: 0.2860
Curriculum/step_completion/registered_risers: 10.5000
Curriculum/step_completion/up_whole_body_crossings: 0.0000
Curriculum/step_completion/up_whole_body_crossing_coverage: 0.0000
Curriculum/step_completion/up_front_registered_intermediate_risers: 11.0000
Curriculum/step_completion/up_front_landing_coverage: 0.4762
Curriculum/step_completion/up_front_strict_coverage: 0.0909
Curriculum/step_completion/up_front_physical_landings: 5.0000
Curriculum/step_completion/up_front_transition_successes: 0.0000
Curriculum/step_completion/up_front_skipped_riser_events: 2.5000
Curriculum/step_completion/up_front_unsafe_events: 3.0000
Curriculum/step_completion/up_front_skip_fraction: 0.5000
Curriculum/step_completion/up_front_visited_intermediate_risers: 8.0000
Curriculum/step_completion/up_front_same_tread_fraction: 0.0000
Curriculum/step_completion/up_front_longest_strict_run: 0.5000
Curriculum/step_completion/up_front_six_step_strict_fraction: 0.0000
Curriculum/step_completion/fl_stable_treads: 4.5000
Curriculum/step_completion/fr_stable_treads: 3.5000
Curriculum/step_completion/up_rear_registered_intermediate_risers: 11.0000
Curriculum/step_completion/up_rear_landing_coverage: 0.5238
Curriculum/step_completion/up_rear_strict_coverage: 0.0000
Curriculum/step_completion/up_rear_physical_landings: 5.5000
Curriculum/step_completion/up_rear_transition_successes: 0.0000
Curriculum/step_completion/up_rear_skipped_riser_events: 0.0000
Curriculum/step_completion/up_rear_unsafe_events: 5.0000
Curriculum/step_completion/up_rear_skip_fraction: 0.0000
Curriculum/step_completion/up_rear_visited_intermediate_risers: 4.0000
Curriculum/step_completion/up_rear_same_tread_fraction: 0.0000
Curriculum/step_completion/up_rear_longest_strict_run: 0.0000
Curriculum/step_completion/up_rear_six_step_strict_fraction: 0.0000
Curriculum/step_completion/hl_stable_treads: 6.5000
Curriculum/step_completion/hr_stable_treads: 2.0000
Curriculum/step_completion/up_rear_lift_credit: 0.5000
   Curriculum/gait_quality/turn_samples: 500.0000
Curriculum/gait_quality/descent_samples: 216.0000
Curriculum/gait_quality/rear_support_samples: 329.0000
Curriculum/gait_quality/turn_clearance_mean_m: 0.0201
Curriculum/gait_quality/turn_reach_mean_m: 0.1894
Curriculum/gait_quality/turn_yaw_error_mean: 0.1765
Curriculum/gait_quality/rear_extension_mean_m: 0.4537
Curriculum/gait_quality/rear_fold_support_fraction: 0.0030
 Curriculum/gait_quality/ascent_samples: 111.0000
Curriculum/gait_quality/front_support_samples: 94.0000
Curriculum/gait_quality/front_extension_mean_m: 0.4090
Curriculum/gait_quality/front_knee_abs_mean_rad: 1.3844
Curriculum/gait_quality/front_fold_support_fraction: 0.4043
Curriculum/gait_quality/front_swing_samples: 128.0000
Curriculum/gait_quality/front_extreme_swing_fold_fraction: 0.3672
Curriculum/gait_quality/front_loaded_a_mean_deg: 100.6815
Curriculum/gait_quality/front_loaded_a_low_fraction: 0.4043
Curriculum/gait_quality/front_loaded_a_min_deg: 65.0668
Curriculum/gait_quality/fl_loaded_samples: 47.0000
Curriculum/gait_quality/fl_loaded_a_mean_deg: 115.8421
Curriculum/gait_quality/fl_loaded_a_low_fraction: 0.0000
Curriculum/gait_quality/fr_loaded_samples: 47.0000
Curriculum/gait_quality/fr_loaded_a_mean_deg: 85.5210
Curriculum/gait_quality/fr_loaded_a_low_fraction: 0.8085
Curriculum/gait_quality/front_swing_a_mean_deg: 87.4739
Curriculum/gait_quality/front_swing_a_low_fraction: 0.3672
Curriculum/gait_quality/front_swing_a_min_deg: 52.0146
Curriculum/gait_quality/fl_swing_samples: 64.0000
Curriculum/gait_quality/fl_swing_a_mean_deg: 98.8542
Curriculum/gait_quality/fl_swing_a_low_fraction: 0.1719
Curriculum/gait_quality/fr_swing_samples: 64.0000
Curriculum/gait_quality/fr_swing_a_mean_deg: 76.0935
Curriculum/gait_quality/fr_swing_a_low_fraction: 0.5625
Curriculum/gait_quality/rear_forward_samples: 329.0000
Curriculum/gait_quality/rear_forward_excess_fraction: 0.2766
Curriculum/gait_quality/rear_body_b_mean_deg: 14.7792
Curriculum/gait_quality/rear_gravity_g_mean_deg: 12.3603
 Curriculum/gait_quality/rear_b_max_deg: 48.7119
 Curriculum/gait_quality/rear_g_max_deg: 45.1306
Curriculum/gait_quality/hl_loaded_samples: 183.0000
Curriculum/gait_quality/hl_body_b_mean_deg: 12.3730
Curriculum/gait_quality/hl_gravity_g_mean_deg: 10.2300
Curriculum/gait_quality/hl_forward_excess_fraction: 0.2732
Curriculum/gait_quality/hr_loaded_samples: 146.0000
Curriculum/gait_quality/hr_body_b_mean_deg: 17.7952
Curriculum/gait_quality/hr_gravity_g_mean_deg: 15.0304
Curriculum/gait_quality/hr_forward_excess_fraction: 0.2808
Curriculum/gait_quality/rear_entry_samples: 239.0000
Curriculum/gait_quality/rear_entry_b_mean_deg: 13.6785
Curriculum/gait_quality/rear_entry_g_mean_deg: 10.4386
Curriculum/gait_quality/front_body_gap_samples: 111.0000
Curriculum/gait_quality/front_body_gap_mean_m: 0.3540
Curriculum/gait_quality/front_body_gap_low_fraction: 0.0000
Curriculum/gait_quality/loaded_without_local_map_samples: 0.0000
    Curriculum/ascent_direction/samples: 156.0000
Curriculum/ascent_direction/lateral_error_mean_m: 0.0911
Curriculum/ascent_direction/lateral_error_max_m: 0.1498
Curriculum/ascent_direction/lateral_speed_mean_m_s: 0.1231
Curriculum/ascent_direction/heading_error_mean_deg: 3.2532
Curriculum/ascent_direction/outside_tolerance_fraction: 0.5769
  Curriculum/ascent_direction/cost_mean: 0.0948
       Curriculum/terrain_level_overall: 0.2969
Curriculum/terrain_level_pyramid_stairs: 0.3913
Curriculum/terrain_level_pyramid_stairs_inv: 0.2727
         Curriculum/terrain_level_boxes: 0.2500
  Curriculum/terrain_level_random_rough: 0.6667
Curriculum/terrain_level_hf_pyramid_slope: 0.0000
Curriculum/terrain_level_hf_pyramid_slope_inv: 0.0000
          Curriculum/terrain_level_flat: 0.1667
     Metrics/base_velocity/error_vel_xy: 0.3515
    Metrics/base_velocity/error_vel_yaw: 0.3109
           Metrics/base_velocity/base_z: 0.6944
         Metrics/base_velocity/knee_pos: 0.3805
           Episode_Termination/time_out: 0.9844
Episode_Termination/terrain_out_of_bounds: 0.0156
  Episode_Termination/bad_orientation_2: 0.0000
--------------------------------------------------------------------------------
                         Iteration time: 2.65s
                           Time elapsed: 00:02:21
                                    ETA: 00:00:08

################################################################################
[1m                            Learning iteration 52/55                            [0m 

                               Run name: preservation_smoke
                            Total steps: 81408 
                       Steps per second: 552 
                        Collection time: 2.705s 
                          Learning time: 0.074s 
                        Mean value loss: 0.1476
                    Mean surrogate loss: -0.0124
                      Mean entropy loss: 6.2640
                       Mean anchor loss: 0.0006
                Mean critic_warmup loss: 0.0000
                            Mean reward: 75.78
                    Mean episode length: 657.13
                        Mean action std: 0.37
            Episode_Reward/lin_vel_z_l2: -0.0598
           Episode_Reward/ang_vel_xy_l2: -0.0199
        Episode_Reward/joint_torques_l2: -0.0026
            Episode_Reward/joint_acc_l2: -0.0648
  Episode_Reward/hipx_joint_pos_penalty: -0.2582
  Episode_Reward/hipy_joint_pos_penalty: -0.0985
  Episode_Reward/knee_joint_pos_penalty: -0.1140
            Episode_Reward/joint_mirror: -0.0049
          Episode_Reward/action_rate_l2: -0.0031
        Episode_Reward/action_smooth_l2: -0.0146
      Episode_Reward/undesired_contacts: -0.0102
          Episode_Reward/contact_forces: -0.0014
    Episode_Reward/track_lin_vel_xy_exp: 3.9291
     Episode_Reward/track_ang_vel_z_exp: 2.4111
 Episode_Reward/feet_air_time_ang_z_M20: 0.0004
    Episode_Reward/feet_slide_ang_z_cmd: -0.0085
             Episode_Reward/stand_still: -0.1058
    Episode_Reward/rotation_gait_status: 0.0000
  Episode_Reward/rotation_gait_symmetry: 0.0052
 Episode_Reward/bad_orientation_penalty: 0.0000
      Episode_Reward/joint_acc_wheel_l2: -0.0550
  Episode_Reward/stair_orientation_cost: -0.1139
  Episode_Reward/stair_forward_progress: 0.0487
  Episode_Reward/stair_front_wheel_lift: 0.0288
Episode_Reward/stair_forward_motion_cost: -0.0076
Episode_Reward/stair_ascent_direction_cost: -0.0317
Episode_Reward/stair_front_wheel_touchdown: 0.0180
Episode_Reward/stair_front_single_support: 0.0028
Episode_Reward/stair_diagonal_support_symmetry: 0.0009
 Episode_Reward/stair_front_alternation: 0.0000
Episode_Reward/stair_up_step_completion: 0.0000
  Episode_Reward/stair_up_task_crossing: 0.0000
Episode_Reward/stair_up_rear_step_completion: 0.0000
   Episode_Reward/stair_rear_wheel_lift: 0.0302
Episode_Reward/stair_descent_rear_forward_cost: -0.0038
Episode_Reward/stair_ascent_front_body_clearance_cost: -0.0000
Episode_Reward/stair_up_order_violation_cost: -0.1958
Episode_Reward/stair_up_same_tread_cost: -0.0312
Episode_Reward/stair_up_same_tread_dwell_cost: 0.0000
Episode_Reward/stair_descent_rear_fold_cost: -0.0083
Episode_Reward/stair_ascent_front_fold_cost: -0.0092
    Episode_Reward/turn_swing_size_cost: -0.0004
Episode_Reward/stair_down_step_completion: 0.0781
Episode_Reward/stair_front_riser_face_cost: 0.0000
Episode_Reward/stair_descent_rear_support: 0.0182
       Episode_Reward/stair_impact_cost: -0.0020
Episode_Reward/stair_non_wheel_contact_cost: -0.0009
Episode_Reward/stair_non_wheel_scrape_cost: -0.0003
 Episode_Reward/stair_joint_effort_cost: -0.0014
Episode_Reward/stair_joint_acceleration_cost: -0.0035
Episode_Reward/stair_mechanical_power_cost: -0.0005
              Curriculum/terrain_levels: 0.2871
                  Curriculum/gait_level: 0.0663
 Curriculum/step_completion/up_attempts: 6.2083
Curriculum/step_completion/up_successes: 1.4375
Curriculum/step_completion/up_success_rate: 0.1000
Curriculum/step_completion/up_rear_successes: 1.0417
Curriculum/step_completion/up_front_violations: 4.7708
Curriculum/step_completion/up_rear_violations: 3.0625
Curriculum/step_completion/up_front_same_tread_events: 0.0000
Curriculum/step_completion/up_front_same_tread_dwell_s: 0.0000
Curriculum/step_completion/up_rear_same_tread_events: 0.4167
Curriculum/step_completion/up_rear_same_tread_dwell_s: 0.0000
Curriculum/step_completion/up_targets_started: 5.2917
Curriculum/step_completion/up_lift_credit: 1.1510
  Curriculum/step_completion/up_retries: 0.7708
Curriculum/step_completion/up_abandoned_targets: 0.0000
Curriculum/step_completion/up_retreat_fraction: 0.0056
Curriculum/step_completion/up_stationary_fraction: 0.0194
Curriculum/step_completion/down_attempts: 1.3333
Curriculum/step_completion/down_successes: 0.5208
Curriculum/step_completion/down_success_rate: 0.3542
Curriculum/step_completion/forward_gate_fraction: 0.2032
Curriculum/step_completion/nearby_gate_fraction: 0.3620
Curriculum/step_completion/registered_risers: 13.4792
Curriculum/step_completion/up_whole_body_crossings: 0.0000
Curriculum/step_completion/up_whole_body_crossing_coverage: 0.0000
Curriculum/step_completion/up_front_registered_intermediate_risers: 9.9583
Curriculum/step_completion/up_front_landing_coverage: 0.3545
Curriculum/step_completion/up_front_strict_coverage: 0.0415
Curriculum/step_completion/up_front_physical_landings: 6.2083
Curriculum/step_completion/up_front_transition_successes: 0.0000
Curriculum/step_completion/up_front_skipped_riser_events: 2.8125
Curriculum/step_completion/up_front_unsafe_events: 2.7500
Curriculum/step_completion/up_front_skip_fraction: 0.2812
Curriculum/step_completion/up_front_visited_intermediate_risers: 3.8333
Curriculum/step_completion/up_front_same_tread_fraction: 0.0000
Curriculum/step_completion/up_front_longest_strict_run: 0.3958
Curriculum/step_completion/up_front_six_step_strict_fraction: 0.0000
Curriculum/step_completion/fl_stable_treads: 6.0208
Curriculum/step_completion/fr_stable_treads: 1.6875
Curriculum/step_completion/up_rear_registered_intermediate_risers: 9.9583
Curriculum/step_completion/up_rear_landing_coverage: 0.3214
Curriculum/step_completion/up_rear_strict_coverage: 0.0298
Curriculum/step_completion/up_rear_physical_landings: 4.1042
Curriculum/step_completion/up_rear_transition_successes: 0.0000
Curriculum/step_completion/up_rear_skipped_riser_events: 0.4167
Curriculum/step_completion/up_rear_unsafe_events: 2.6667
Curriculum/step_completion/up_rear_skip_fraction: 0.0463
Curriculum/step_completion/up_rear_visited_intermediate_risers: 3.3750
Curriculum/step_completion/up_rear_same_tread_fraction: 0.0463
Curriculum/step_completion/up_rear_longest_strict_run: 0.2083
Curriculum/step_completion/up_rear_six_step_strict_fraction: 0.0000
Curriculum/step_completion/hl_stable_treads: 4.1042
Curriculum/step_completion/hr_stable_treads: 1.5417
Curriculum/step_completion/up_rear_lift_credit: 1.2085
   Curriculum/gait_quality/turn_samples: 187.5000
Curriculum/gait_quality/descent_samples: 178.6667
Curriculum/gait_quality/rear_support_samples: 228.8750
Curriculum/gait_quality/turn_clearance_mean_m: 0.0075
Curriculum/gait_quality/turn_reach_mean_m: 0.0710
Curriculum/gait_quality/turn_yaw_error_mean: 0.0662
Curriculum/gait_quality/rear_extension_mean_m: 0.3926
Curriculum/gait_quality/rear_fold_support_fraction: 0.3208
 Curriculum/gait_quality/ascent_samples: 98.1250
Curriculum/gait_quality/front_support_samples: 82.7917
Curriculum/gait_quality/front_extension_mean_m: 0.2754
Curriculum/gait_quality/front_knee_abs_mean_rad: 0.8873
Curriculum/gait_quality/front_fold_support_fraction: 0.2515
Curriculum/gait_quality/front_swing_samples: 113.4583
Curriculum/gait_quality/front_extreme_swing_fold_fraction: 0.2046
Curriculum/gait_quality/front_loaded_a_mean_deg: 69.1611
Curriculum/gait_quality/front_loaded_a_low_fraction: 0.2515
Curriculum/gait_quality/front_loaded_a_min_deg: 42.5265
Curriculum/gait_quality/fl_loaded_samples: 44.5833
Curriculum/gait_quality/fl_loaded_a_mean_deg: 72.1826
Curriculum/gait_quality/fl_loaded_a_low_fraction: 0.1509
Curriculum/gait_quality/fr_loaded_samples: 38.2083
Curriculum/gait_quality/fr_loaded_a_mean_deg: 67.1859
Curriculum/gait_quality/fr_loaded_a_low_fraction: 0.3326
Curriculum/gait_quality/front_swing_a_mean_deg: 61.6200
Curriculum/gait_quality/front_swing_a_low_fraction: 0.2046
Curriculum/gait_quality/front_swing_a_min_deg: 32.9849
Curriculum/gait_quality/fl_swing_samples: 53.5417
Curriculum/gait_quality/fl_swing_a_mean_deg: 63.1780
Curriculum/gait_quality/fl_swing_a_low_fraction: 0.1555
Curriculum/gait_quality/fr_swing_samples: 59.9167
Curriculum/gait_quality/fr_swing_a_mean_deg: 60.0339
Curriculum/gait_quality/fr_swing_a_low_fraction: 0.2587
Curriculum/gait_quality/rear_forward_samples: 228.8750
Curriculum/gait_quality/rear_forward_excess_fraction: 0.1222
Curriculum/gait_quality/rear_body_b_mean_deg: 7.0782
Curriculum/gait_quality/rear_gravity_g_mean_deg: -0.9369
 Curriculum/gait_quality/rear_b_max_deg: 47.4491
 Curriculum/gait_quality/rear_g_max_deg: 37.8785
Curriculum/gait_quality/hl_loaded_samples: 123.4583
Curriculum/gait_quality/hl_body_b_mean_deg: 4.7155
Curriculum/gait_quality/hl_gravity_g_mean_deg: -3.7929
Curriculum/gait_quality/hl_forward_excess_fraction: 0.1392
Curriculum/gait_quality/hr_loaded_samples: 105.4167
Curriculum/gait_quality/hr_body_b_mean_deg: 9.6453
Curriculum/gait_quality/hr_gravity_g_mean_deg: 2.1503
Curriculum/gait_quality/hr_forward_excess_fraction: 0.1053
Curriculum/gait_quality/rear_entry_samples: 118.6667
Curriculum/gait_quality/rear_entry_b_mean_deg: 15.7750
Curriculum/gait_quality/rear_entry_g_mean_deg: 6.8889
Curriculum/gait_quality/front_body_gap_samples: 98.1250
Curriculum/gait_quality/front_body_gap_mean_m: 0.2364
Curriculum/gait_quality/front_body_gap_low_fraction: 0.0135
Curriculum/gait_quality/loaded_without_local_map_samples: 0.0000
    Curriculum/ascent_direction/samples: 138.0833
Curriculum/ascent_direction/lateral_error_mean_m: 0.0790
Curriculum/ascent_direction/lateral_error_max_m: 0.1320
Curriculum/ascent_direction/lateral_speed_mean_m_s: 0.0755
Curriculum/ascent_direction/heading_error_mean_deg: 2.4343
Curriculum/ascent_direction/outside_tolerance_fraction: 0.4290
  Curriculum/ascent_direction/cost_mean: 0.0834
       Curriculum/terrain_level_overall: 0.2871
Curriculum/terrain_level_pyramid_stairs: 0.3641
Curriculum/terrain_level_pyramid_stairs_inv: 0.2727
         Curriculum/terrain_level_boxes: 0.2500
  Curriculum/terrain_level_random_rough: 0.6667
Curriculum/terrain_level_hf_pyramid_slope: 0.0000
Curriculum/terrain_level_hf_pyramid_slope_inv: 0.0000
          Curriculum/terrain_level_flat: 0.1667
     Metrics/base_velocity/error_vel_xy: 0.3503
    Metrics/base_velocity/error_vel_yaw: 0.2951
           Metrics/base_velocity/base_z: 0.8004
         Metrics/base_velocity/knee_pos: 0.6771
           Episode_Termination/time_out: 0.9746
Episode_Termination/terrain_out_of_bounds: 0.0254
  Episode_Termination/bad_orientation_2: 0.0000
--------------------------------------------------------------------------------
                         Iteration time: 2.78s
                           Time elapsed: 00:02:24
                                    ETA: 00:00:05

################################################################################
[1m                            Learning iteration 53/55                            [0m 

                               Run name: preservation_smoke
                            Total steps: 82944 
                       Steps per second: 558 
                        Collection time: 2.686s 
                          Learning time: 0.066s 
                        Mean value loss: 0.0812
                    Mean surrogate loss: -0.0131
                      Mean entropy loss: 6.2639
                       Mean anchor loss: 0.0008
                Mean critic_warmup loss: 0.0000
                            Mean reward: 76.48
                    Mean episode length: 661.41
                        Mean action std: 0.37
            Episode_Reward/lin_vel_z_l2: -0.0508
           Episode_Reward/ang_vel_xy_l2: -0.0202
        Episode_Reward/joint_torques_l2: -0.0041
            Episode_Reward/joint_acc_l2: -0.0635
  Episode_Reward/hipx_joint_pos_penalty: -0.3613
  Episode_Reward/hipy_joint_pos_penalty: -0.1892
  Episode_Reward/knee_joint_pos_penalty: -0.2060
            Episode_Reward/joint_mirror: -0.0017
          Episode_Reward/action_rate_l2: -0.0044
        Episode_Reward/action_smooth_l2: -0.0148
      Episode_Reward/undesired_contacts: 0.0000
          Episode_Reward/contact_forces: -0.0017
    Episode_Reward/track_lin_vel_xy_exp: 4.7910
     Episode_Reward/track_ang_vel_z_exp: 2.8272
 Episode_Reward/feet_air_time_ang_z_M20: 0.0000
    Episode_Reward/feet_slide_ang_z_cmd: 0.0000
             Episode_Reward/stand_still: 0.0000
    Episode_Reward/rotation_gait_status: 0.0000
  Episode_Reward/rotation_gait_symmetry: 0.0000
 Episode_Reward/bad_orientation_penalty: 0.0000
      Episode_Reward/joint_acc_wheel_l2: -0.0617
  Episode_Reward/stair_orientation_cost: -0.0538
  Episode_Reward/stair_forward_progress: 0.0000
  Episode_Reward/stair_front_wheel_lift: 0.0000
Episode_Reward/stair_forward_motion_cost: 0.0000
Episode_Reward/stair_ascent_direction_cost: 0.0000
Episode_Reward/stair_front_wheel_touchdown: 0.0000
Episode_Reward/stair_front_single_support: 0.0000
Episode_Reward/stair_diagonal_support_symmetry: 0.0000
 Episode_Reward/stair_front_alternation: 0.0000
Episode_Reward/stair_up_step_completion: 0.0000
  Episode_Reward/stair_up_task_crossing: 0.0000
Episode_Reward/stair_up_rear_step_completion: 0.0000
   Episode_Reward/stair_rear_wheel_lift: 0.0000
Episode_Reward/stair_descent_rear_forward_cost: 0.0000
Episode_Reward/stair_ascent_front_body_clearance_cost: 0.0000
Episode_Reward/stair_up_order_violation_cost: 0.0000
Episode_Reward/stair_up_same_tread_cost: 0.0000
Episode_Reward/stair_up_same_tread_dwell_cost: 0.0000
Episode_Reward/stair_descent_rear_fold_cost: 0.0000
Episode_Reward/stair_ascent_front_fold_cost: 0.0000
    Episode_Reward/turn_swing_size_cost: 0.0000
Episode_Reward/stair_down_step_completion: 0.0000
Episode_Reward/stair_front_riser_face_cost: 0.0000
Episode_Reward/stair_descent_rear_support: 0.0000
       Episode_Reward/stair_impact_cost: -0.0000
Episode_Reward/stair_non_wheel_contact_cost: 0.0000
Episode_Reward/stair_non_wheel_scrape_cost: 0.0000
 Episode_Reward/stair_joint_effort_cost: -0.0008
Episode_Reward/stair_joint_acceleration_cost: -0.0023
Episode_Reward/stair_mechanical_power_cost: -0.0003
              Curriculum/terrain_levels: 0.2969
                  Curriculum/gait_level: 0.0670
 Curriculum/step_completion/up_attempts: 0.0000
Curriculum/step_completion/up_successes: 0.0000
Curriculum/step_completion/up_success_rate: 0.0000
Curriculum/step_completion/up_rear_successes: 0.0000
Curriculum/step_completion/up_front_violations: 0.0000
Curriculum/step_completion/up_rear_violations: 0.0000
Curriculum/step_completion/up_front_same_tread_events: 0.0000
Curriculum/step_completion/up_front_same_tread_dwell_s: 0.0000
Curriculum/step_completion/up_rear_same_tread_events: 0.0000
Curriculum/step_completion/up_rear_same_tread_dwell_s: 0.0000
Curriculum/step_completion/up_targets_started: 0.0000
Curriculum/step_completion/up_lift_credit: 0.0000
  Curriculum/step_completion/up_retries: 0.0000
Curriculum/step_completion/up_abandoned_targets: 0.0000
Curriculum/step_completion/up_retreat_fraction: 0.0000
Curriculum/step_completion/up_stationary_fraction: 0.0000
Curriculum/step_completion/down_attempts: 0.0000
Curriculum/step_completion/down_successes: 0.0000
Curriculum/step_completion/down_success_rate: 0.0000
Curriculum/step_completion/forward_gate_fraction: 0.0000
Curriculum/step_completion/nearby_gate_fraction: 0.1760
Curriculum/step_completion/registered_risers: 0.0000
Curriculum/step_completion/up_whole_body_crossings: 0.0000
Curriculum/step_completion/up_whole_body_crossing_coverage: 0.0000
Curriculum/step_completion/up_front_registered_intermediate_risers: 0.0000
Curriculum/step_completion/up_front_landing_coverage: 0.0000
Curriculum/step_completion/up_front_strict_coverage: 0.0000
Curriculum/step_completion/up_front_physical_landings: 0.0000
Curriculum/step_completion/up_front_transition_successes: 0.0000
Curriculum/step_completion/up_front_skipped_riser_events: 0.0000
Curriculum/step_completion/up_front_unsafe_events: 0.0000
Curriculum/step_completion/up_front_skip_fraction: 0.0000
Curriculum/step_completion/up_front_visited_intermediate_risers: 0.0000
Curriculum/step_completion/up_front_same_tread_fraction: 0.0000
Curriculum/step_completion/up_front_longest_strict_run: 0.0000
Curriculum/step_completion/up_front_six_step_strict_fraction: 0.0000
Curriculum/step_completion/fl_stable_treads: 0.0000
Curriculum/step_completion/fr_stable_treads: 0.0000
Curriculum/step_completion/up_rear_registered_intermediate_risers: 0.0000
Curriculum/step_completion/up_rear_landing_coverage: 0.0000
Curriculum/step_completion/up_rear_strict_coverage: 0.0000
Curriculum/step_completion/up_rear_physical_landings: 0.0000
Curriculum/step_completion/up_rear_transition_successes: 0.0000
Curriculum/step_completion/up_rear_skipped_riser_events: 0.0000
Curriculum/step_completion/up_rear_unsafe_events: 0.0000
Curriculum/step_completion/up_rear_skip_fraction: 0.0000
Curriculum/step_completion/up_rear_visited_intermediate_risers: 0.0000
Curriculum/step_completion/up_rear_same_tread_fraction: 0.0000
Curriculum/step_completion/up_rear_longest_strict_run: 0.0000
Curriculum/step_completion/up_rear_six_step_strict_fraction: 0.0000
Curriculum/step_completion/hl_stable_treads: 0.0000
Curriculum/step_completion/hr_stable_treads: 0.0000
Curriculum/step_completion/up_rear_lift_credit: 0.0000
   Curriculum/gait_quality/turn_samples: 0.0000
Curriculum/gait_quality/descent_samples: 0.0000
Curriculum/gait_quality/rear_support_samples: 0.0000
Curriculum/gait_quality/turn_clearance_mean_m: 0.0000
Curriculum/gait_quality/turn_reach_mean_m: 0.0000
Curriculum/gait_quality/turn_yaw_error_mean: 0.0000
Curriculum/gait_quality/rear_extension_mean_m: 0.0000
Curriculum/gait_quality/rear_fold_support_fraction: 0.0000
 Curriculum/gait_quality/ascent_samples: 0.0000
Curriculum/gait_quality/front_support_samples: 0.0000
Curriculum/gait_quality/front_extension_mean_m: 0.0000
Curriculum/gait_quality/front_knee_abs_mean_rad: 0.0000
Curriculum/gait_quality/front_fold_support_fraction: 0.0000
Curriculum/gait_quality/front_swing_samples: 0.0000
Curriculum/gait_quality/front_extreme_swing_fold_fraction: 0.0000
Curriculum/gait_quality/front_loaded_a_mean_deg: 0.0000
Curriculum/gait_quality/front_loaded_a_low_fraction: 0.0000
Curriculum/gait_quality/front_loaded_a_min_deg: 0.0000
Curriculum/gait_quality/fl_loaded_samples: 0.0000
Curriculum/gait_quality/fl_loaded_a_mean_deg: 0.0000
Curriculum/gait_quality/fl_loaded_a_low_fraction: 0.0000
Curriculum/gait_quality/fr_loaded_samples: 0.0000
Curriculum/gait_quality/fr_loaded_a_mean_deg: 0.0000
Curriculum/gait_quality/fr_loaded_a_low_fraction: 0.0000
Curriculum/gait_quality/front_swing_a_mean_deg: 0.0000
Curriculum/gait_quality/front_swing_a_low_fraction: 0.0000
Curriculum/gait_quality/front_swing_a_min_deg: 0.0000
Curriculum/gait_quality/fl_swing_samples: 0.0000
Curriculum/gait_quality/fl_swing_a_mean_deg: 0.0000
Curriculum/gait_quality/fl_swing_a_low_fraction: 0.0000
Curriculum/gait_quality/fr_swing_samples: 0.0000
Curriculum/gait_quality/fr_swing_a_mean_deg: 0.0000
Curriculum/gait_quality/fr_swing_a_low_fraction: 0.0000
Curriculum/gait_quality/rear_forward_samples: 0.0000
Curriculum/gait_quality/rear_forward_excess_fraction: 0.0000
Curriculum/gait_quality/rear_body_b_mean_deg: 0.0000
Curriculum/gait_quality/rear_gravity_g_mean_deg: 0.0000
 Curriculum/gait_quality/rear_b_max_deg: 0.0000
 Curriculum/gait_quality/rear_g_max_deg: 0.0000
Curriculum/gait_quality/hl_loaded_samples: 0.0000
Curriculum/gait_quality/hl_body_b_mean_deg: 0.0000
Curriculum/gait_quality/hl_gravity_g_mean_deg: 0.0000
Curriculum/gait_quality/hl_forward_excess_fraction: 0.0000
Curriculum/gait_quality/hr_loaded_samples: 0.0000
Curriculum/gait_quality/hr_body_b_mean_deg: 0.0000
Curriculum/gait_quality/hr_gravity_g_mean_deg: 0.0000
Curriculum/gait_quality/hr_forward_excess_fraction: 0.0000
Curriculum/gait_quality/rear_entry_samples: 0.0000
Curriculum/gait_quality/rear_entry_b_mean_deg: 0.0000
Curriculum/gait_quality/rear_entry_g_mean_deg: 0.0000
Curriculum/gait_quality/front_body_gap_samples: 0.0000
Curriculum/gait_quality/front_body_gap_mean_m: 0.0000
Curriculum/gait_quality/front_body_gap_low_fraction: 0.0000
Curriculum/gait_quality/loaded_without_local_map_samples: 0.0000
    Curriculum/ascent_direction/samples: 0.0000
Curriculum/ascent_direction/lateral_error_mean_m: 0.0000
Curriculum/ascent_direction/lateral_error_max_m: 0.0000
Curriculum/ascent_direction/lateral_speed_mean_m_s: 0.0000
Curriculum/ascent_direction/heading_error_mean_deg: 0.0000
Curriculum/ascent_direction/outside_tolerance_fraction: 0.0000
  Curriculum/ascent_direction/cost_mean: 0.0000
       Curriculum/terrain_level_overall: 0.2969
Curriculum/terrain_level_pyramid_stairs: 0.3478
Curriculum/terrain_level_pyramid_stairs_inv: 0.3182
         Curriculum/terrain_level_boxes: 0.2500
  Curriculum/terrain_level_random_rough: 0.6667
Curriculum/terrain_level_hf_pyramid_slope: 0.0000
Curriculum/terrain_level_hf_pyramid_slope_inv: 0.0000
          Curriculum/terrain_level_flat: 0.1667
     Metrics/base_velocity/error_vel_xy: 0.2349
    Metrics/base_velocity/error_vel_yaw: 0.2825
           Metrics/base_velocity/base_z: 0.3742
         Metrics/base_velocity/knee_pos: 0.4621
           Episode_Termination/time_out: 0.9688
Episode_Termination/terrain_out_of_bounds: 0.0312
  Episode_Termination/bad_orientation_2: 0.0000
--------------------------------------------------------------------------------
                         Iteration time: 2.75s
                           Time elapsed: 00:02:27
                                    ETA: 00:00:02

################################################################################
[1m                            Learning iteration 54/55                            [0m 

                               Run name: preservation_smoke
                            Total steps: 84480 
                       Steps per second: 565 
                        Collection time: 2.638s 
                          Learning time: 0.078s 
                        Mean value loss: 0.1441
                    Mean surrogate loss: -0.0127
                      Mean entropy loss: 6.2636
                       Mean anchor loss: 0.0011
                Mean critic_warmup loss: 0.0000
                            Mean reward: 76.63
                    Mean episode length: 665.59
                        Mean action std: 0.37
            Episode_Reward/lin_vel_z_l2: -0.0618
           Episode_Reward/ang_vel_xy_l2: -0.0224
        Episode_Reward/joint_torques_l2: -0.0042
            Episode_Reward/joint_acc_l2: -0.0705
  Episode_Reward/hipx_joint_pos_penalty: -0.3678
  Episode_Reward/hipy_joint_pos_penalty: -0.1839
  Episode_Reward/knee_joint_pos_penalty: -0.2005
            Episode_Reward/joint_mirror: -0.0026
          Episode_Reward/action_rate_l2: -0.0045
        Episode_Reward/action_smooth_l2: -0.0157
      Episode_Reward/undesired_contacts: -0.0020
          Episode_Reward/contact_forces: -0.0018
    Episode_Reward/track_lin_vel_xy_exp: 4.7289
     Episode_Reward/track_ang_vel_z_exp: 2.7926
 Episode_Reward/feet_air_time_ang_z_M20: 0.0000
    Episode_Reward/feet_slide_ang_z_cmd: 0.0000
             Episode_Reward/stand_still: 0.0000
    Episode_Reward/rotation_gait_status: 0.0000
  Episode_Reward/rotation_gait_symmetry: 0.0000
 Episode_Reward/bad_orientation_penalty: 0.0000
      Episode_Reward/joint_acc_wheel_l2: -0.0613
  Episode_Reward/stair_orientation_cost: -0.0712
  Episode_Reward/stair_forward_progress: 0.0218
  Episode_Reward/stair_front_wheel_lift: 0.0063
Episode_Reward/stair_forward_motion_cost: -0.0168
Episode_Reward/stair_ascent_direction_cost: -0.4453
Episode_Reward/stair_front_wheel_touchdown: 0.0031
Episode_Reward/stair_front_single_support: 0.0008
Episode_Reward/stair_diagonal_support_symmetry: 0.0006
 Episode_Reward/stair_front_alternation: 0.0031
Episode_Reward/stair_up_step_completion: 0.0375
  Episode_Reward/stair_up_task_crossing: 0.1000
Episode_Reward/stair_up_rear_step_completion: 0.0000
   Episode_Reward/stair_rear_wheel_lift: 0.0205
Episode_Reward/stair_descent_rear_forward_cost: 0.0000
Episode_Reward/stair_ascent_front_body_clearance_cost: 0.0000
Episode_Reward/stair_up_order_violation_cost: -0.1250
Episode_Reward/stair_up_same_tread_cost: 0.0000
Episode_Reward/stair_up_same_tread_dwell_cost: 0.0000
Episode_Reward/stair_descent_rear_fold_cost: 0.0000
Episode_Reward/stair_ascent_front_fold_cost: -0.0058
    Episode_Reward/turn_swing_size_cost: 0.0000
Episode_Reward/stair_down_step_completion: 0.0000
Episode_Reward/stair_front_riser_face_cost: 0.0000
Episode_Reward/stair_descent_rear_support: 0.0000
       Episode_Reward/stair_impact_cost: -0.0006
Episode_Reward/stair_non_wheel_contact_cost: -0.0002
Episode_Reward/stair_non_wheel_scrape_cost: -0.0002
 Episode_Reward/stair_joint_effort_cost: -0.0012
Episode_Reward/stair_joint_acceleration_cost: -0.0031
Episode_Reward/stair_mechanical_power_cost: -0.0005
              Curriculum/terrain_levels: 0.2969
                  Curriculum/gait_level: 0.0670
 Curriculum/step_completion/up_attempts: 1.7500
Curriculum/step_completion/up_successes: 0.2500
Curriculum/step_completion/up_success_rate: 0.0357
Curriculum/step_completion/up_rear_successes: 0.7500
Curriculum/step_completion/up_front_violations: 1.5000
Curriculum/step_completion/up_rear_violations: 3.5000
Curriculum/step_completion/up_front_same_tread_events: 0.0000
Curriculum/step_completion/up_front_same_tread_dwell_s: 0.0000
Curriculum/step_completion/up_rear_same_tread_events: 0.0000
Curriculum/step_completion/up_rear_same_tread_dwell_s: 0.0000
Curriculum/step_completion/up_targets_started: 1.2500
Curriculum/step_completion/up_lift_credit: 0.2500
  Curriculum/step_completion/up_retries: 0.0000
Curriculum/step_completion/up_abandoned_targets: 0.0000
Curriculum/step_completion/up_retreat_fraction: 0.0115
Curriculum/step_completion/up_stationary_fraction: 0.0046
Curriculum/step_completion/down_attempts: 0.0000
Curriculum/step_completion/down_successes: 0.0000
Curriculum/step_completion/down_success_rate: 0.0000
Curriculum/step_completion/forward_gate_fraction: 0.0250
Curriculum/step_completion/nearby_gate_fraction: 0.2397
Curriculum/step_completion/registered_risers: 5.0000
Curriculum/step_completion/up_whole_body_crossings: 1.0000
Curriculum/step_completion/up_whole_body_crossing_coverage: 0.0500
Curriculum/step_completion/up_front_registered_intermediate_risers: 4.2500
Curriculum/step_completion/up_front_landing_coverage: 0.0875
Curriculum/step_completion/up_front_strict_coverage: 0.0000
Curriculum/step_completion/up_front_physical_landings: 1.7500
Curriculum/step_completion/up_front_transition_successes: 0.2500
Curriculum/step_completion/up_front_skipped_riser_events: 0.7500
Curriculum/step_completion/up_front_unsafe_events: 0.5000
Curriculum/step_completion/up_front_skip_fraction: 0.1071
Curriculum/step_completion/up_front_visited_intermediate_risers: 1.0000
Curriculum/step_completion/up_front_same_tread_fraction: 0.0000
Curriculum/step_completion/up_front_longest_strict_run: 0.0000
Curriculum/step_completion/up_front_six_step_strict_fraction: 0.0000
Curriculum/step_completion/fl_stable_treads: 1.7500
Curriculum/step_completion/fr_stable_treads: 0.7500
Curriculum/step_completion/up_rear_registered_intermediate_risers: 4.2500
Curriculum/step_completion/up_rear_landing_coverage: 0.2125
Curriculum/step_completion/up_rear_strict_coverage: 0.0441
Curriculum/step_completion/up_rear_physical_landings: 4.2500
Curriculum/step_completion/up_rear_transition_successes: 0.0000
Curriculum/step_completion/up_rear_skipped_riser_events: 2.2500
Curriculum/step_completion/up_rear_unsafe_events: 1.5000
Curriculum/step_completion/up_rear_skip_fraction: 0.1324
Curriculum/step_completion/up_rear_visited_intermediate_risers: 3.5000
Curriculum/step_completion/up_rear_same_tread_fraction: 0.0000
Curriculum/step_completion/up_rear_longest_strict_run: 0.2500
Curriculum/step_completion/up_rear_six_step_strict_fraction: 0.0000
Curriculum/step_completion/hl_stable_treads: 4.2500
Curriculum/step_completion/hr_stable_treads: 0.7500
Curriculum/step_completion/up_rear_lift_credit: 0.8187
   Curriculum/gait_quality/turn_samples: 0.0000
Curriculum/gait_quality/descent_samples: 0.0000
Curriculum/gait_quality/rear_support_samples: 0.0000
Curriculum/gait_quality/turn_clearance_mean_m: 0.0000
Curriculum/gait_quality/turn_reach_mean_m: 0.0000
Curriculum/gait_quality/turn_yaw_error_mean: 0.0000
Curriculum/gait_quality/rear_extension_mean_m: 0.0000
Curriculum/gait_quality/rear_fold_support_fraction: 0.0000
 Curriculum/gait_quality/ascent_samples: 27.2500
Curriculum/gait_quality/front_support_samples: 11.5000
Curriculum/gait_quality/front_extension_mean_m: 0.0909
Curriculum/gait_quality/front_knee_abs_mean_rad: 0.4256
Curriculum/gait_quality/front_fold_support_fraction: 0.1359
Curriculum/gait_quality/front_swing_samples: 43.0000
Curriculum/gait_quality/front_extreme_swing_fold_fraction: 0.1395
Curriculum/gait_quality/front_loaded_a_mean_deg: 20.6176
Curriculum/gait_quality/front_loaded_a_low_fraction: 0.1359
Curriculum/gait_quality/front_loaded_a_min_deg: 15.1462
Curriculum/gait_quality/fl_loaded_samples: 8.0000
Curriculum/gait_quality/fl_loaded_a_mean_deg: 20.3226
Curriculum/gait_quality/fl_loaded_a_low_fraction: 0.1172
Curriculum/gait_quality/fr_loaded_samples: 3.5000
Curriculum/gait_quality/fr_loaded_a_mean_deg: 21.2918
Curriculum/gait_quality/fr_loaded_a_low_fraction: 0.1786
Curriculum/gait_quality/front_swing_a_mean_deg: 16.4946
Curriculum/gait_quality/front_swing_a_low_fraction: 0.1395
Curriculum/gait_quality/front_swing_a_min_deg: 7.4187
Curriculum/gait_quality/fl_swing_samples: 19.2500
Curriculum/gait_quality/fl_swing_a_mean_deg: 17.2773
Curriculum/gait_quality/fl_swing_a_low_fraction: 0.1299
Curriculum/gait_quality/fr_swing_samples: 23.7500
Curriculum/gait_quality/fr_swing_a_mean_deg: 15.8602
Curriculum/gait_quality/fr_swing_a_low_fraction: 0.1474
Curriculum/gait_quality/rear_forward_samples: 0.0000
Curriculum/gait_quality/rear_forward_excess_fraction: 0.0000
Curriculum/gait_quality/rear_body_b_mean_deg: 0.0000
Curriculum/gait_quality/rear_gravity_g_mean_deg: 0.0000
 Curriculum/gait_quality/rear_b_max_deg: 0.0000
 Curriculum/gait_quality/rear_g_max_deg: 0.0000
Curriculum/gait_quality/hl_loaded_samples: 0.0000
Curriculum/gait_quality/hl_body_b_mean_deg: 0.0000
Curriculum/gait_quality/hl_gravity_g_mean_deg: 0.0000
Curriculum/gait_quality/hl_forward_excess_fraction: 0.0000
Curriculum/gait_quality/hr_loaded_samples: 0.0000
Curriculum/gait_quality/hr_body_b_mean_deg: 0.0000
Curriculum/gait_quality/hr_gravity_g_mean_deg: 0.0000
Curriculum/gait_quality/hr_forward_excess_fraction: 0.0000
Curriculum/gait_quality/rear_entry_samples: 0.0000
Curriculum/gait_quality/rear_entry_b_mean_deg: 0.0000
Curriculum/gait_quality/rear_entry_g_mean_deg: 0.0000
Curriculum/gait_quality/front_body_gap_samples: 27.2500
Curriculum/gait_quality/front_body_gap_mean_m: 0.0839
Curriculum/gait_quality/front_body_gap_low_fraction: 0.0000
Curriculum/gait_quality/loaded_without_local_map_samples: 0.0000
    Curriculum/ascent_direction/samples: 125.0000
Curriculum/ascent_direction/lateral_error_mean_m: 1.6903
Curriculum/ascent_direction/lateral_error_max_m: 4.0134
Curriculum/ascent_direction/lateral_speed_mean_m_s: 0.4022
Curriculum/ascent_direction/heading_error_mean_deg: 16.6502
Curriculum/ascent_direction/outside_tolerance_fraction: 0.2400
  Curriculum/ascent_direction/cost_mean: 0.4453
       Curriculum/terrain_level_overall: 0.2969
Curriculum/terrain_level_pyramid_stairs: 0.3478
Curriculum/terrain_level_pyramid_stairs_inv: 0.3182
         Curriculum/terrain_level_boxes: 0.2500
  Curriculum/terrain_level_random_rough: 0.6667
Curriculum/terrain_level_hf_pyramid_slope: 0.0000
Curriculum/terrain_level_hf_pyramid_slope_inv: 0.0000
          Curriculum/terrain_level_flat: 0.1667
     Metrics/base_velocity/error_vel_xy: 0.2743
    Metrics/base_velocity/error_vel_yaw: 0.3102
           Metrics/base_velocity/base_z: 0.3409
         Metrics/base_velocity/knee_pos: 0.5674
           Episode_Termination/time_out: 0.9688
Episode_Termination/terrain_out_of_bounds: 0.0312
  Episode_Termination/bad_orientation_2: 0.0000
--------------------------------------------------------------------------------
                         Iteration time: 2.72s
                           Time elapsed: 00:02:30
                                    ETA: 00:00:00


|---------------------------------------------------------------------------------------------|
| Driver Version: 580.173.02    | Graphics API: Vulkan
|=============================================================================================|
| GPU | Name                             | Active | LDA | GPU Memory | Vendor-ID | LUID       |
|     |                                  |        |     |            | Device-ID | UUID       |
|     |                                  |        |     |            | Bus-ID    |            |
|---------------------------------------------------------------------------------------------|
| 0   | NVIDIA GeForce RTX 4090          | Yes: 0 |     | 81898   MB | 10de      | 0          |
|     |                                  |        |     |            | 2684      | cd550f3e.. |
|     |                                  |        |     |            | 1         |            |
|=============================================================================================|
| OS: 22.04.5 LTS (Jammy Jellyfish) ubuntu, Version: 22.04.5, Kernel: 6.8.0-138-generic
| XServer Vendor: The X.Org Foundation, XServer Version: 12101004 (1.21.1.4)
| Processor: Intel(R) Core(TM) Ultra 9 285K
| Cores: 1 | Logical Cores: 1
|---------------------------------------------------------------------------------------------|
| Total Memory (MB): 128145 | Free Memory: 101269
| Total Page/Swap (MB): 2047 | Free Page/Swap: 2012
|---------------------------------------------------------------------------------------------|
2026-10-08T10:04:42Z [4,591ms] [Warning] [gpu.foundation.plugin] Different types of CPU governors are being used accross cores.
2026-10-08T10:04:42Z [4,591ms] [Warning] [gpu.foundation.plugin] CPU performance profile is set to powersave. This profile sets the CPU to the lowest frequency reducing performance.
2026-10-08T10:04:42Z [4,640ms] [Warning] [omni.kvdb.plugin] Disabling key-value database because another kit process is locking it
